<?xml version="1.0" encoding="UTF-8"?>
<config xmlns="http://www.knime.org/2008/09/XMLConfig" xmlns:xsi="http://www.w3.org/2001/XMLSchema-instance" xsi:schemaLocation="http://www.knime.org/2008/09/XMLConfig http://www.knime.org/XMLConfig_2008_09.xsd" key="model.xml">
    <entry key="version" type="xint" value="1"/>
    <entry key="class_name" type="xstring" value="org.knime.base.data.normalize.NormalizerPortObject"/>
    <config key="model">
        <config key="columns">
            <config key="SlogP">
                <entry key="column_name" type="xstring" value="SlogP"/>
                <entry key="column_scale" type="xdouble" value="0.19157875826079518"/>
                <entry key="column_translate" type="xdouble" value="0.5022722873256918"/>
                <entry key="column_min" type="xdouble" value="0.0"/>
                <entry key="column_max" type="xdouble" value="1.0"/>
            </config>
            <config key="SMR">
                <entry key="column_name" type="xstring" value="SMR"/>
                <entry key="column_scale" type="xdouble" value="0.19743914676935953"/>
                <entry key="column_translate" type="xdouble" value="0.5823291113901229"/>
                <entry key="column_min" type="xdouble" value="0.0"/>
                <entry key="column_max" type="xdouble" value="1.0"/>
            </config>
            <config key="LabuteASA">
                <entry key="column_name" type="xstring" value="LabuteASA"/>
                <entry key="column_scale" type="xdouble" value="0.2023966199428418"/>
                <entry key="column_translate" type="xdouble" value="0.576097258401411"/>
                <entry key="column_min" type="xdouble" value="0.0"/>
                <entry key="column_max" type="xdouble" value="1.0"/>
            </config>
            <config key="TPSA">
                <entry key="column_name" type="xstring" value="TPSA"/>
                <entry key="column_scale" type="xdouble" value="0.26921886606040946"/>
                <entry key="column_translate" type="xdouble" value="0.37722452794914924"/>
                <entry key="column_min" type="xdouble" value="0.0"/>
                <entry key="column_max" type="xdouble" value="1.0"/>
            </config>
            <config key="AMW">
                <entry key="column_name" type="xstring" value="AMW"/>
                <entry key="column_scale" type="xdouble" value="0.20239056074594225"/>
                <entry key="column_translate" type="xdouble" value="0.5934369991409413"/>
                <entry key="column_min" type="xdouble" value="0.0"/>
                <entry key="column_max" type="xdouble" value="1.0"/>
            </config>
            <config key="ExactMW">
                <entry key="column_name" type="xstring" value="ExactMW"/>
                <entry key="column_scale" type="xdouble" value="0.20293990143244614"/>
                <entry key="column_translate" type="xdouble" value="0.5939655128340259"/>
                <entry key="column_min" type="xdouble" value="0.0"/>
                <entry key="column_max" type="xdouble" value="1.0"/>
            </config>
            <config key="NumLipinskiHBA">
                <entry key="column_name" type="xstring" value="NumLipinskiHBA"/>
                <entry key="column_scale" type="xdouble" value="0.33484387389517184"/>
                <entry key="column_translate" type="xdouble" value="0.5102222222222221"/>
                <entry key="column_min" type="xdouble" value="0.0"/>
                <entry key="column_max" type="xdouble" value="1.0"/>
            </config>
            <config key="NumLipinskiHBD">
                <entry key="column_name" type="xstring" value="NumLipinskiHBD"/>
                <entry key="column_scale" type="xdouble" value="0.37780678648541827"/>
                <entry key="column_translate" type="xdouble" value="0.3239999999999998"/>
                <entry key="column_min" type="xdouble" value="0.0"/>
                <entry key="column_max" type="xdouble" value="1.0"/>
            </config>
            <config key="NumRotatableBonds">
                <entry key="column_name" type="xstring" value="NumRotatableBonds"/>
                <entry key="column_scale" type="xdouble" value="0.29684065257632103"/>
                <entry key="column_translate" type="xdouble" value="0.2891428571428569"/>
                <entry key="column_min" type="xdouble" value="0.0"/>
                <entry key="column_max" type="xdouble" value="1.0"/>
            </config>
            <config key="NumHBD">
                <entry key="column_name" type="xstring" value="NumHBD"/>
                <entry key="column_scale" type="xdouble" value="0.28748091465753883"/>
                <entry key="column_translate" type="xdouble" value="0.25866666666666666"/>
                <entry key="column_min" type="xdouble" value="0.0"/>
                <entry key="column_max" type="xdouble" value="1.0"/>
            </config>
            <config key="NumHBA">
                <entry key="column_name" type="xstring" value="NumHBA"/>
                <entry key="column_scale" type="xdouble" value="0.3186374238578217"/>
                <entry key="column_translate" type="xdouble" value="0.5004444444444447"/>
                <entry key="column_min" type="xdouble" value="0.0"/>
                <entry key="column_max" type="xdouble" value="1.0"/>
            </config>
            <config key="NumHeteroAtoms">
                <entry key="column_name" type="xstring" value="NumHeteroAtoms"/>
                <entry key="column_scale" type="xdouble" value="0.2258219291211867"/>
                <entry key="column_translate" type="xdouble" value="0.3193333333333336"/>
                <entry key="column_min" type="xdouble" value="0.0"/>
                <entry key="column_max" type="xdouble" value="1.0"/>
            </config>
            <config key="NumHeavyAtoms">
                <entry key="column_name" type="xstring" value="NumHeavyAtoms"/>
                <entry key="column_scale" type="xdouble" value="0.22508283964222794"/>
                <entry key="column_translate" type="xdouble" value="0.5725166944791008"/>
                <entry key="column_min" type="xdouble" value="0.0"/>
                <entry key="column_max" type="xdouble" value="1.0"/>
            </config>
            <config key="NumAtoms">
                <entry key="column_name" type="xstring" value="NumAtoms"/>
                <entry key="column_scale" type="xdouble" value="0.1937754031519054"/>
                <entry key="column_translate" type="xdouble" value="0.6000673592998726"/>
                <entry key="column_min" type="xdouble" value="0.0"/>
                <entry key="column_max" type="xdouble" value="1.0"/>
            </config>
            <config key="NumRings">
                <entry key="column_name" type="xstring" value="NumRings"/>
                <entry key="column_scale" type="xdouble" value="0.3190449205348254"/>
                <entry key="column_translate" type="xdouble" value="0.3853333333333331"/>
                <entry key="column_min" type="xdouble" value="0.0"/>
                <entry key="column_max" type="xdouble" value="1.0"/>
            </config>
            <config key="NumAromaticRings">
                <entry key="column_name" type="xstring" value="NumAromaticRings"/>
                <entry key="column_scale" type="xdouble" value="0.31680220384908364"/>
                <entry key="column_translate" type="xdouble" value="0.35199999999999987"/>
                <entry key="column_min" type="xdouble" value="0.0"/>
                <entry key="column_max" type="xdouble" value="1.0"/>
            </config>
            <config key="NumAromaticCarbocycles">
                <entry key="column_name" type="xstring" value="NumAromaticCarbocycles"/>
                <entry key="column_scale" type="xdouble" value="0.3126107646836213"/>
                <entry key="column_translate" type="xdouble" value="0.2986666666666667"/>
                <entry key="column_min" type="xdouble" value="0.0"/>
                <entry key="column_max" type="xdouble" value="1.0"/>
            </config>
            <config key="Chi0v">
                <entry key="column_name" type="xstring" value="Chi0v"/>
                <entry key="column_scale" type="xdouble" value="0.195145976477049"/>
                <entry key="column_translate" type="xdouble" value="0.5999037190817084"/>
                <entry key="column_min" type="xdouble" value="0.0"/>
                <entry key="column_max" type="xdouble" value="1.0"/>
            </config>
            <config key="Chi1v">
                <entry key="column_name" type="xstring" value="Chi1v"/>
                <entry key="column_scale" type="xdouble" value="0.18384767285880826"/>
                <entry key="column_translate" type="xdouble" value="0.6406095774258066"/>
                <entry key="column_min" type="xdouble" value="0.0"/>
                <entry key="column_max" type="xdouble" value="1.0"/>
            </config>
            <config key="Chi2v">
                <entry key="column_name" type="xstring" value="Chi2v"/>
                <entry key="column_scale" type="xdouble" value="0.19089044444513775"/>
                <entry key="column_translate" type="xdouble" value="0.6214357984632926"/>
                <entry key="column_min" type="xdouble" value="0.0"/>
                <entry key="column_max" type="xdouble" value="1.0"/>
            </config>
            <config key="Chi3v">
                <entry key="column_name" type="xstring" value="Chi3v"/>
                <entry key="column_scale" type="xdouble" value="0.24294479382860726"/>
                <entry key="column_translate" type="xdouble" value="0.4413576514505254"/>
                <entry key="column_min" type="xdouble" value="0.0"/>
                <entry key="column_max" type="xdouble" value="1.0"/>
            </config>
            <config key="Chi4v">
                <entry key="column_name" type="xstring" value="Chi4v"/>
                <entry key="column_scale" type="xdouble" value="0.26280234843924616"/>
                <entry key="column_translate" type="xdouble" value="0.3723629911220239"/>
                <entry key="column_min" type="xdouble" value="0.0"/>
                <entry key="column_max" type="xdouble" value="1.0"/>
            </config>
            <config key="Chi1n">
                <entry key="column_name" type="xstring" value="Chi1n"/>
                <entry key="column_scale" type="xdouble" value="0.19035847450469537"/>
                <entry key="column_translate" type="xdouble" value="0.601110560776642"/>
                <entry key="column_min" type="xdouble" value="0.0"/>
                <entry key="column_max" type="xdouble" value="1.0"/>
            </config>
            <config key="Chi2n">
                <entry key="column_name" type="xstring" value="Chi2n"/>
                <entry key="column_scale" type="xdouble" value="0.19099201254660694"/>
                <entry key="column_translate" type="xdouble" value="0.6012428649895718"/>
                <entry key="column_min" type="xdouble" value="0.0"/>
                <entry key="column_max" type="xdouble" value="1.0"/>
            </config>
            <config key="Chi3n">
                <entry key="column_name" type="xstring" value="Chi3n"/>
                <entry key="column_scale" type="xdouble" value="0.23424406079561624"/>
                <entry key="column_translate" type="xdouble" value="0.42303250659920066"/>
                <entry key="column_min" type="xdouble" value="0.0"/>
                <entry key="column_max" type="xdouble" value="1.0"/>
            </config>
            <config key="Chi4n">
                <entry key="column_name" type="xstring" value="Chi4n"/>
                <entry key="column_scale" type="xdouble" value="0.2532294262931477"/>
                <entry key="column_translate" type="xdouble" value="0.37435117884333174"/>
                <entry key="column_min" type="xdouble" value="0.0"/>
                <entry key="column_max" type="xdouble" value="1.0"/>
            </config>
            <config key="HallKierAlpha">
                <entry key="column_name" type="xstring" value="HallKierAlpha"/>
                <entry key="column_scale" type="xdouble" value="0.1780297373268588"/>
                <entry key="column_translate" type="xdouble" value="0.5251884057971014"/>
                <entry key="column_min" type="xdouble" value="0.0"/>
                <entry key="column_max" type="xdouble" value="1.0"/>
            </config>
            <config key="kappa1">
                <entry key="column_name" type="xstring" value="kappa1"/>
                <entry key="column_scale" type="xdouble" value="0.20483637249921235"/>
                <entry key="column_translate" type="xdouble" value="0.5825741341464437"/>
                <entry key="column_min" type="xdouble" value="0.0"/>
                <entry key="column_max" type="xdouble" value="1.0"/>
            </config>
            <config key="kappa2">
                <entry key="column_name" type="xstring" value="kappa2"/>
                <entry key="column_scale" type="xdouble" value="0.21164863134849668"/>
                <entry key="column_translate" type="xdouble" value="0.6257556429525774"/>
                <entry key="column_min" type="xdouble" value="0.0"/>
                <entry key="column_max" type="xdouble" value="1.0"/>
            </config>
            <config key="kappa3">
                <entry key="column_name" type="xstring" value="kappa3"/>
                <entry key="column_scale" type="xdouble" value="0.2039980169983828"/>
                <entry key="column_translate" type="xdouble" value="0.6543759047011911"/>
                <entry key="column_min" type="xdouble" value="0.0"/>
                <entry key="column_max" type="xdouble" value="1.0"/>
            </config>
            <config key="slogp_VSA1">
                <entry key="column_name" type="xstring" value="slogp_VSA1"/>
                <entry key="column_scale" type="xdouble" value="0.2678221785369932"/>
                <entry key="column_translate" type="xdouble" value="0.16143492808735235"/>
                <entry key="column_min" type="xdouble" value="0.0"/>
                <entry key="column_max" type="xdouble" value="1.0"/>
            </config>
            <config key="slogp_VSA2">
                <entry key="column_name" type="xstring" value="slogp_VSA2"/>
                <entry key="column_scale" type="xdouble" value="0.2925382649642474"/>
                <entry key="column_translate" type="xdouble" value="0.3947116960190597"/>
                <entry key="column_min" type="xdouble" value="0.0"/>
                <entry key="column_max" type="xdouble" value="1.0"/>
            </config>
            <config key="slogp_VSA3">
                <entry key="column_name" type="xstring" value="slogp_VSA3"/>
                <entry key="column_scale" type="xdouble" value="0.32127602157650575"/>
                <entry key="column_translate" type="xdouble" value="0.20030018002693256"/>
                <entry key="column_min" type="xdouble" value="0.0"/>
                <entry key="column_max" type="xdouble" value="1.0"/>
            </config>
            <config key="slogp_VSA4">
                <entry key="column_name" type="xstring" value="slogp_VSA4"/>
                <entry key="column_scale" type="xdouble" value="0.342699601662596"/>
                <entry key="column_translate" type="xdouble" value="0.2036683618689002"/>
                <entry key="column_min" type="xdouble" value="0.0"/>
                <entry key="column_max" type="xdouble" value="1.0"/>
            </config>
            <config key="slogp_VSA5">
                <entry key="column_name" type="xstring" value="slogp_VSA5"/>
                <entry key="column_scale" type="xdouble" value="0.2738695123140129"/>
                <entry key="column_translate" type="xdouble" value="0.26778043672844487"/>
                <entry key="column_min" type="xdouble" value="0.0"/>
                <entry key="column_max" type="xdouble" value="1.0"/>
            </config>
            <config key="slogp_VSA6">
                <entry key="column_name" type="xstring" value="slogp_VSA6"/>
                <entry key="column_scale" type="xdouble" value="0.2647886894754693"/>
                <entry key="column_translate" type="xdouble" value="0.27520972275153355"/>
                <entry key="column_min" type="xdouble" value="0.0"/>
                <entry key="column_max" type="xdouble" value="1.0"/>
            </config>
            <config key="slogp_VSA12">
                <entry key="column_name" type="xstring" value="slogp_VSA12"/>
                <entry key="column_scale" type="xdouble" value="0.3538174616206834"/>
                <entry key="column_translate" type="xdouble" value="0.2052944796911331"/>
                <entry key="column_min" type="xdouble" value="0.0"/>
                <entry key="column_max" type="xdouble" value="1.0"/>
            </config>
            <config key="smr_VSA1">
                <entry key="column_name" type="xstring" value="smr_VSA1"/>
                <entry key="column_scale" type="xdouble" value="0.24258192052757813"/>
                <entry key="column_translate" type="xdouble" value="0.257081481710507"/>
                <entry key="column_min" type="xdouble" value="0.0"/>
                <entry key="column_max" type="xdouble" value="1.0"/>
            </config>
            <config key="smr_VSA5">
                <entry key="column_name" type="xstring" value="smr_VSA5"/>
                <entry key="column_scale" type="xdouble" value="0.267662092913423"/>
                <entry key="column_translate" type="xdouble" value="0.23074696599448405"/>
                <entry key="column_min" type="xdouble" value="0.0"/>
                <entry key="column_max" type="xdouble" value="1.0"/>
            </config>
            <config key="smr_VSA6">
                <entry key="column_name" type="xstring" value="smr_VSA6"/>
                <entry key="column_scale" type="xdouble" value="0.33784734422581914"/>
                <entry key="column_translate" type="xdouble" value="0.25886731230316773"/>
                <entry key="column_min" type="xdouble" value="0.0"/>
                <entry key="column_max" type="xdouble" value="1.0"/>
            </config>
            <config key="smr_VSA7">
                <entry key="column_name" type="xstring" value="smr_VSA7"/>
                <entry key="column_scale" type="xdouble" value="0.22211428490836813"/>
                <entry key="column_translate" type="xdouble" value="0.2568237546442135"/>
                <entry key="column_min" type="xdouble" value="0.0"/>
                <entry key="column_max" type="xdouble" value="1.0"/>
            </config>
            <config key="smr_VSA9">
                <entry key="column_name" type="xstring" value="smr_VSA9"/>
                <entry key="column_scale" type="xdouble" value="0.29519201491261776"/>
                <entry key="column_translate" type="xdouble" value="0.17301107020056666"/>
                <entry key="column_min" type="xdouble" value="0.0"/>
                <entry key="column_max" type="xdouble" value="1.0"/>
            </config>
            <config key="smr_VSA10">
                <entry key="column_name" type="xstring" value="smr_VSA10"/>
                <entry key="column_scale" type="xdouble" value="0.29015310468546246"/>
                <entry key="column_translate" type="xdouble" value="0.2543165893826658"/>
                <entry key="column_min" type="xdouble" value="0.0"/>
                <entry key="column_max" type="xdouble" value="1.0"/>
            </config>
            <config key="peoe_VSA1">
                <entry key="column_name" type="xstring" value="peoe_VSA1"/>
                <entry key="column_scale" type="xdouble" value="0.26269062327376747"/>
                <entry key="column_translate" type="xdouble" value="0.3198741924609251"/>
                <entry key="column_min" type="xdouble" value="0.0"/>
                <entry key="column_max" type="xdouble" value="1.0"/>
            </config>
            <config key="peoe_VSA2">
                <entry key="column_name" type="xstring" value="peoe_VSA2"/>
                <entry key="column_scale" type="xdouble" value="0.32161769881759844"/>
                <entry key="column_translate" type="xdouble" value="0.20566677038028097"/>
                <entry key="column_min" type="xdouble" value="0.0"/>
                <entry key="column_max" type="xdouble" value="1.0"/>
            </config>
            <config key="peoe_VSA6">
                <entry key="column_name" type="xstring" value="peoe_VSA6"/>
                <entry key="column_scale" type="xdouble" value="0.2373219315287603"/>
                <entry key="column_translate" type="xdouble" value="0.2539945234603242"/>
                <entry key="column_min" type="xdouble" value="0.0"/>
                <entry key="column_max" type="xdouble" value="1.0"/>
            </config>
            <config key="peoe_VSA7">
                <entry key="column_name" type="xstring" value="peoe_VSA7"/>
                <entry key="column_scale" type="xdouble" value="0.2403116703185358"/>
                <entry key="column_translate" type="xdouble" value="0.3314914576655564"/>
                <entry key="column_min" type="xdouble" value="0.0"/>
                <entry key="column_max" type="xdouble" value="1.0"/>
            </config>
            <config key="peoe_VSA8">
                <entry key="column_name" type="xstring" value="peoe_VSA8"/>
                <entry key="column_scale" type="xdouble" value="0.22666805829251627"/>
                <entry key="column_translate" type="xdouble" value="0.23203038308422252"/>
                <entry key="column_min" type="xdouble" value="0.0"/>
                <entry key="column_max" type="xdouble" value="1.0"/>
            </config>
            <config key="peoe_VSA9">
                <entry key="column_name" type="xstring" value="peoe_VSA9"/>
                <entry key="column_scale" type="xdouble" value="0.33363334426646835"/>
                <entry key="column_translate" type="xdouble" value="0.2682271157595986"/>
                <entry key="column_min" type="xdouble" value="0.0"/>
                <entry key="column_max" type="xdouble" value="1.0"/>
            </config>
            <config key="peoe_VSA10">
                <entry key="column_name" type="xstring" value="peoe_VSA10"/>
                <entry key="column_scale" type="xdouble" value="0.27970810742098284"/>
                <entry key="column_translate" type="xdouble" value="0.20688437037090504"/>
                <entry key="column_min" type="xdouble" value="0.0"/>
                <entry key="column_max" type="xdouble" value="1.0"/>
            </config>
            <config key="MQN1">
                <entry key="column_name" type="xstring" value="MQN1"/>
                <entry key="column_scale" type="xdouble" value="0.25609775626872405"/>
                <entry key="column_translate" type="xdouble" value="0.5581626520944356"/>
                <entry key="column_min" type="xdouble" value="0.0"/>
                <entry key="column_max" type="xdouble" value="1.0"/>
            </config>
            <config key="MQN8">
                <entry key="column_name" type="xstring" value="MQN8"/>
                <entry key="column_scale" type="xdouble" value="0.29359168658422974"/>
                <entry key="column_translate" type="xdouble" value="0.18266666666666667"/>
                <entry key="column_min" type="xdouble" value="0.0"/>
                <entry key="column_max" type="xdouble" value="1.0"/>
            </config>
            <config key="MQN10">
                <entry key="column_name" type="xstring" value="MQN10"/>
                <entry key="column_scale" type="xdouble" value="0.2533348344077867"/>
                <entry key="column_translate" type="xdouble" value="0.2437333333333335"/>
                <entry key="column_min" type="xdouble" value="0.0"/>
                <entry key="column_max" type="xdouble" value="1.0"/>
            </config>
            <config key="MQN12">
                <entry key="column_name" type="xstring" value="MQN12"/>
                <entry key="column_scale" type="xdouble" value="0.22508283964222794"/>
                <entry key="column_translate" type="xdouble" value="0.5725166944791008"/>
                <entry key="column_min" type="xdouble" value="0.0"/>
                <entry key="column_max" type="xdouble" value="1.0"/>
            </config>
            <config key="MQN13">
                <entry key="column_name" type="xstring" value="MQN13"/>
                <entry key="column_scale" type="xdouble" value="0.2545284690029326"/>
                <entry key="column_translate" type="xdouble" value="0.46346666666666647"/>
                <entry key="column_min" type="xdouble" value="0.0"/>
                <entry key="column_max" type="xdouble" value="1.0"/>
            </config>
            <config key="MQN14">
                <entry key="column_name" type="xstring" value="MQN14"/>
                <entry key="column_scale" type="xdouble" value="0.36398468166235864"/>
                <entry key="column_translate" type="xdouble" value="0.2986666666666665"/>
                <entry key="column_min" type="xdouble" value="0.0"/>
                <entry key="column_max" type="xdouble" value="1.0"/>
            </config>
            <config key="MQN16">
                <entry key="column_name" type="xstring" value="MQN16"/>
                <entry key="column_scale" type="xdouble" value="0.2986869052454894"/>
                <entry key="column_translate" type="xdouble" value="0.3504761904761907"/>
                <entry key="column_min" type="xdouble" value="0.0"/>
                <entry key="column_max" type="xdouble" value="1.0"/>
            </config>
            <config key="MQN17">
                <entry key="column_name" type="xstring" value="MQN17"/>
                <entry key="column_scale" type="xdouble" value="0.26810409632835097"/>
                <entry key="column_translate" type="xdouble" value="0.2979047619047618"/>
                <entry key="column_min" type="xdouble" value="0.0"/>
                <entry key="column_max" type="xdouble" value="1.0"/>
            </config>
            <config key="MQN19">
                <entry key="column_name" type="xstring" value="MQN19"/>
                <entry key="column_scale" type="xdouble" value="0.29684065257632103"/>
                <entry key="column_translate" type="xdouble" value="0.2891428571428569"/>
                <entry key="column_min" type="xdouble" value="0.0"/>
                <entry key="column_max" type="xdouble" value="1.0"/>
            </config>
            <config key="MQN20">
                <entry key="column_name" type="xstring" value="MQN20"/>
                <entry key="column_scale" type="xdouble" value="0.30977933322627843"/>
                <entry key="column_translate" type="xdouble" value="0.3739999999999999"/>
                <entry key="column_min" type="xdouble" value="0.0"/>
                <entry key="column_max" type="xdouble" value="1.0"/>
            </config>
            <config key="MQN21">
                <entry key="column_name" type="xstring" value="MQN21"/>
                <entry key="column_scale" type="xdouble" value="0.33484387389517184"/>
                <entry key="column_translate" type="xdouble" value="0.5102222222222221"/>
                <entry key="column_min" type="xdouble" value="0.0"/>
                <entry key="column_max" type="xdouble" value="1.0"/>
            </config>
            <config key="MQN22">
                <entry key="column_name" type="xstring" value="MQN22"/>
                <entry key="column_scale" type="xdouble" value="0.37780678648541827"/>
                <entry key="column_translate" type="xdouble" value="0.3239999999999998"/>
                <entry key="column_min" type="xdouble" value="0.0"/>
                <entry key="column_max" type="xdouble" value="1.0"/>
            </config>
            <config key="MQN23">
                <entry key="column_name" type="xstring" value="MQN23"/>
                <entry key="column_scale" type="xdouble" value="0.28748091465753883"/>
                <entry key="column_translate" type="xdouble" value="0.25866666666666666"/>
                <entry key="column_min" type="xdouble" value="0.0"/>
                <entry key="column_max" type="xdouble" value="1.0"/>
            </config>
            <config key="MQN26">
                <entry key="column_name" type="xstring" value="MQN26"/>
                <entry key="column_scale" type="xdouble" value="0.21699752551474574"/>
                <entry key="column_translate" type="xdouble" value="0.4266666666666666"/>
                <entry key="column_min" type="xdouble" value="0.0"/>
                <entry key="column_max" type="xdouble" value="1.0"/>
            </config>
            <config key="MQN27">
                <entry key="column_name" type="xstring" value="MQN27"/>
                <entry key="column_scale" type="xdouble" value="0.3146383187660509"/>
                <entry key="column_translate" type="xdouble" value="0.2651428571428571"/>
                <entry key="column_min" type="xdouble" value="0.0"/>
                <entry key="column_max" type="xdouble" value="1.0"/>
            </config>
            <config key="MQN28">
                <entry key="column_name" type="xstring" value="MQN28"/>
                <entry key="column_scale" type="xdouble" value="0.3567530340063379"/>
                <entry key="column_translate" type="xdouble" value="0.2800000000000003"/>
                <entry key="column_min" type="xdouble" value="0.0"/>
                <entry key="column_max" type="xdouble" value="1.0"/>
            </config>
            <config key="MQN30">
                <entry key="column_name" type="xstring" value="MQN30"/>
                <entry key="column_scale" type="xdouble" value="0.27582318860557936"/>
                <entry key="column_translate" type="xdouble" value="0.2866666666666667"/>
                <entry key="column_min" type="xdouble" value="0.0"/>
                <entry key="column_max" type="xdouble" value="1.0"/>
            </config>
            <config key="MQN31">
                <entry key="column_name" type="xstring" value="MQN31"/>
                <entry key="column_scale" type="xdouble" value="0.23109002012764945"/>
                <entry key="column_translate" type="xdouble" value="0.2388571428571428"/>
                <entry key="column_min" type="xdouble" value="0.0"/>
                <entry key="column_max" type="xdouble" value="1.0"/>
            </config>
            <config key="MQN36">
                <entry key="column_name" type="xstring" value="MQN36"/>
                <entry key="column_scale" type="xdouble" value="0.31622776601683794"/>
                <entry key="column_translate" type="xdouble" value="0.3600000000000003"/>
                <entry key="column_min" type="xdouble" value="0.0"/>
                <entry key="column_max" type="xdouble" value="1.0"/>
            </config>
        </config>
        <entry key="summary" type="xstring" value="Min/Max (0.0, 1) normalization on 69 column(s)"/>
    </config>
</config>
