<?xml version="1.0" encoding="UTF-8"?>
<config xmlns="http://www.knime.org/2008/09/XMLConfig" xmlns:xsi="http://www.w3.org/2001/XMLSchema-instance" xsi:schemaLocation="http://www.knime.org/2008/09/XMLConfig http://www.knime.org/XMLConfig_2008_09.xsd" key="spec.xml">
    <entry key="spec_name" type="xstring" value="default"/>
    <entry key="number_columns" type="xint" value="71"/>
    <config key="column_spec_0">
        <entry key="column_name" type="xstring" value="Atom count"/>
        <config key="element_names">
            <entry key="array-size" type="xint" value="0"/>
        </config>
        <config key="column_type">
            <entry key="cell_class" type="xstring" value="org.knime.core.data.def.DoubleCell"/>
        </config>
        <config key="column_domain">
            <config key="lower_bound">
                <entry key="datacell" type="xstring" value="org.knime.core.data.def.DoubleCell"/>
                <config key="org.knime.core.data.def.DoubleCell">
                    <entry key="DoubleCell" type="xdouble" value="-3.1014997520050045"/>
                </config>
            </config>
            <config key="upper_bound">
                <entry key="datacell" type="xstring" value="org.knime.core.data.def.DoubleCell"/>
                <config key="org.knime.core.data.def.DoubleCell">
                    <entry key="DoubleCell" type="xdouble" value="2.0923503386079805"/>
                </config>
            </config>
        </config>
        <config key="column_properties"/>
        <config key="meta_data"/>
    </config>
    <config key="column_spec_1">
        <entry key="column_name" type="xstring" value="Bond count"/>
        <config key="element_names">
            <entry key="array-size" type="xint" value="0"/>
        </config>
        <config key="column_type">
            <entry key="cell_class" type="xstring" value="org.knime.core.data.def.DoubleCell"/>
        </config>
        <config key="column_domain">
            <config key="lower_bound">
                <entry key="datacell" type="xstring" value="org.knime.core.data.def.DoubleCell"/>
                <config key="org.knime.core.data.def.DoubleCell">
                    <entry key="DoubleCell" type="xdouble" value="-3.104728132909475"/>
                </config>
            </config>
            <config key="upper_bound">
                <entry key="datacell" type="xstring" value="org.knime.core.data.def.DoubleCell"/>
                <config key="org.knime.core.data.def.DoubleCell">
                    <entry key="DoubleCell" type="xdouble" value="2.0672304577350555"/>
                </config>
            </config>
        </config>
        <config key="column_properties"/>
        <config key="meta_data"/>
    </config>
    <config key="column_spec_2">
        <entry key="column_name" type="xstring" value="SlogP"/>
        <config key="element_names">
            <entry key="array-size" type="xint" value="0"/>
        </config>
        <config key="column_type">
            <entry key="cell_class" type="xstring" value="org.knime.core.data.def.DoubleCell"/>
        </config>
        <config key="column_domain">
            <config key="lower_bound">
                <entry key="datacell" type="xstring" value="org.knime.core.data.def.DoubleCell"/>
                <config key="org.knime.core.data.def.DoubleCell">
                    <entry key="DoubleCell" type="xdouble" value="-2.0824449480148965"/>
                </config>
            </config>
            <config key="upper_bound">
                <entry key="datacell" type="xstring" value="org.knime.core.data.def.DoubleCell"/>
                <config key="org.knime.core.data.def.DoubleCell">
                    <entry key="DoubleCell" type="xdouble" value="2.713763127903203"/>
                </config>
            </config>
        </config>
        <config key="column_properties"/>
        <config key="meta_data"/>
    </config>
    <config key="column_spec_3">
        <entry key="column_name" type="xstring" value="SMR"/>
        <config key="element_names">
            <entry key="array-size" type="xint" value="0"/>
        </config>
        <config key="column_type">
            <entry key="cell_class" type="xstring" value="org.knime.core.data.def.DoubleCell"/>
        </config>
        <config key="column_domain">
            <config key="lower_bound">
                <entry key="datacell" type="xstring" value="org.knime.core.data.def.DoubleCell"/>
                <config key="org.knime.core.data.def.DoubleCell">
                    <entry key="DoubleCell" type="xdouble" value="-2.8503166038557293"/>
                </config>
            </config>
            <config key="upper_bound">
                <entry key="datacell" type="xstring" value="org.knime.core.data.def.DoubleCell"/>
                <config key="org.knime.core.data.def.DoubleCell">
                    <entry key="DoubleCell" type="xdouble" value="2.097341574600568"/>
                </config>
            </config>
        </config>
        <config key="column_properties"/>
        <config key="meta_data"/>
    </config>
    <config key="column_spec_4">
        <entry key="column_name" type="xstring" value="LabuteASA"/>
        <config key="element_names">
            <entry key="array-size" type="xint" value="0"/>
        </config>
        <config key="column_type">
            <entry key="cell_class" type="xstring" value="org.knime.core.data.def.DoubleCell"/>
        </config>
        <config key="column_domain">
            <config key="lower_bound">
                <entry key="datacell" type="xstring" value="org.knime.core.data.def.DoubleCell"/>
                <config key="org.knime.core.data.def.DoubleCell">
                    <entry key="DoubleCell" type="xdouble" value="-2.7090925421895347"/>
                </config>
            </config>
            <config key="upper_bound">
                <entry key="datacell" type="xstring" value="org.knime.core.data.def.DoubleCell"/>
                <config key="org.knime.core.data.def.DoubleCell">
                    <entry key="DoubleCell" type="xdouble" value="2.1394800321284384"/>
                </config>
            </config>
        </config>
        <config key="column_properties"/>
        <config key="meta_data"/>
    </config>
    <config key="column_spec_5">
        <entry key="column_name" type="xstring" value="TPSA"/>
        <config key="element_names">
            <entry key="array-size" type="xint" value="0"/>
        </config>
        <config key="column_type">
            <entry key="cell_class" type="xstring" value="org.knime.core.data.def.DoubleCell"/>
        </config>
        <config key="column_domain">
            <config key="lower_bound">
                <entry key="datacell" type="xstring" value="org.knime.core.data.def.DoubleCell"/>
                <config key="org.knime.core.data.def.DoubleCell">
                    <entry key="DoubleCell" type="xdouble" value="-1.420445795545999"/>
                </config>
            </config>
            <config key="upper_bound">
                <entry key="datacell" type="xstring" value="org.knime.core.data.def.DoubleCell"/>
                <config key="org.knime.core.data.def.DoubleCell">
                    <entry key="DoubleCell" type="xdouble" value="2.2378617063352637"/>
                </config>
            </config>
        </config>
        <config key="column_properties"/>
        <config key="meta_data"/>
    </config>
    <config key="column_spec_6">
        <entry key="column_name" type="xstring" value="AMW"/>
        <config key="element_names">
            <entry key="array-size" type="xint" value="0"/>
        </config>
        <config key="column_type">
            <entry key="cell_class" type="xstring" value="org.knime.core.data.def.DoubleCell"/>
        </config>
        <config key="column_domain">
            <config key="lower_bound">
                <entry key="datacell" type="xstring" value="org.knime.core.data.def.DoubleCell"/>
                <config key="org.knime.core.data.def.DoubleCell">
                    <entry key="DoubleCell" type="xdouble" value="-2.8135688028844994"/>
                </config>
            </config>
            <config key="upper_bound">
                <entry key="datacell" type="xstring" value="org.knime.core.data.def.DoubleCell"/>
                <config key="org.knime.core.data.def.DoubleCell">
                    <entry key="DoubleCell" type="xdouble" value="2.0589679077279053"/>
                </config>
            </config>
        </config>
        <config key="column_properties"/>
        <config key="meta_data"/>
    </config>
    <config key="column_spec_7">
        <entry key="column_name" type="xstring" value="ExactMW"/>
        <config key="element_names">
            <entry key="array-size" type="xint" value="0"/>
        </config>
        <config key="column_type">
            <entry key="cell_class" type="xstring" value="org.knime.core.data.def.DoubleCell"/>
        </config>
        <config key="column_domain">
            <config key="lower_bound">
                <entry key="datacell" type="xstring" value="org.knime.core.data.def.DoubleCell"/>
                <config key="org.knime.core.data.def.DoubleCell">
                    <entry key="DoubleCell" type="xdouble" value="-2.8085107309399673"/>
                </config>
            </config>
            <config key="upper_bound">
                <entry key="datacell" type="xstring" value="org.knime.core.data.def.DoubleCell"/>
                <config key="org.knime.core.data.def.DoubleCell">
                    <entry key="DoubleCell" type="xdouble" value="2.054033690443201"/>
                </config>
            </config>
        </config>
        <config key="column_properties"/>
        <config key="meta_data"/>
    </config>
    <config key="column_spec_8">
        <entry key="column_name" type="xstring" value="NumLipinskiHBA"/>
        <config key="element_names">
            <entry key="array-size" type="xint" value="0"/>
        </config>
        <config key="column_type">
            <entry key="cell_class" type="xstring" value="org.knime.core.data.def.DoubleCell"/>
        </config>
        <config key="column_domain">
            <config key="lower_bound">
                <entry key="datacell" type="xstring" value="org.knime.core.data.def.DoubleCell"/>
                <config key="org.knime.core.data.def.DoubleCell">
                    <entry key="DoubleCell" type="xdouble" value="-1.5278475647375842"/>
                </config>
            </config>
            <config key="upper_bound">
                <entry key="datacell" type="xstring" value="org.knime.core.data.def.DoubleCell"/>
                <config key="org.knime.core.data.def.DoubleCell">
                    <entry key="DoubleCell" type="xdouble" value="1.5239499944193753"/>
                </config>
            </config>
        </config>
        <config key="column_properties"/>
        <config key="meta_data"/>
    </config>
    <config key="column_spec_9">
        <entry key="column_name" type="xstring" value="NumLipinskiHBD"/>
        <config key="element_names">
            <entry key="array-size" type="xint" value="0"/>
        </config>
        <config key="column_type">
            <entry key="cell_class" type="xstring" value="org.knime.core.data.def.DoubleCell"/>
        </config>
        <config key="column_domain">
            <config key="lower_bound">
                <entry key="datacell" type="xstring" value="org.knime.core.data.def.DoubleCell"/>
                <config key="org.knime.core.data.def.DoubleCell">
                    <entry key="DoubleCell" type="xdouble" value="-0.8356290217967333"/>
                </config>
            </config>
            <config key="upper_bound">
                <entry key="datacell" type="xstring" value="org.knime.core.data.def.DoubleCell"/>
                <config key="org.knime.core.data.def.DoubleCell">
                    <entry key="DoubleCell" type="xdouble" value="1.8569533817705173"/>
                </config>
            </config>
        </config>
        <config key="column_properties"/>
        <config key="meta_data"/>
    </config>
    <config key="column_spec_10">
        <entry key="column_name" type="xstring" value="NumRotatableBonds"/>
        <config key="element_names">
            <entry key="array-size" type="xint" value="0"/>
        </config>
        <config key="column_type">
            <entry key="cell_class" type="xstring" value="org.knime.core.data.def.DoubleCell"/>
        </config>
        <config key="column_domain">
            <config key="lower_bound">
                <entry key="datacell" type="xstring" value="org.knime.core.data.def.DoubleCell"/>
                <config key="org.knime.core.data.def.DoubleCell">
                    <entry key="DoubleCell" type="xdouble" value="-0.9860526938535469"/>
                </config>
            </config>
            <config key="upper_bound">
                <entry key="datacell" type="xstring" value="org.knime.core.data.def.DoubleCell"/>
                <config key="org.knime.core.data.def.DoubleCell">
                    <entry key="DoubleCell" type="xdouble" value="2.283490448924"/>
                </config>
            </config>
        </config>
        <config key="column_properties"/>
        <config key="meta_data"/>
    </config>
    <config key="column_spec_11">
        <entry key="column_name" type="xstring" value="NumHBD"/>
        <config key="element_names">
            <entry key="array-size" type="xint" value="0"/>
        </config>
        <config key="column_type">
            <entry key="cell_class" type="xstring" value="org.knime.core.data.def.DoubleCell"/>
        </config>
        <config key="column_domain">
            <config key="lower_bound">
                <entry key="datacell" type="xstring" value="org.knime.core.data.def.DoubleCell"/>
                <config key="org.knime.core.data.def.DoubleCell">
                    <entry key="DoubleCell" type="xdouble" value="-0.8765419554402372"/>
                </config>
            </config>
            <config key="upper_bound">
                <entry key="datacell" type="xstring" value="org.knime.core.data.def.DoubleCell"/>
                <config key="org.knime.core.data.def.DoubleCell">
                    <entry key="DoubleCell" type="xdouble" value="2.616243546390324"/>
                </config>
            </config>
        </config>
        <config key="column_properties"/>
        <config key="meta_data"/>
    </config>
    <config key="column_spec_12">
        <entry key="column_name" type="xstring" value="NumHBA"/>
        <config key="element_names">
            <entry key="array-size" type="xint" value="0"/>
        </config>
        <config key="column_type">
            <entry key="cell_class" type="xstring" value="org.knime.core.data.def.DoubleCell"/>
        </config>
        <config key="column_domain">
            <config key="lower_bound">
                <entry key="datacell" type="xstring" value="org.knime.core.data.def.DoubleCell"/>
                <config key="org.knime.core.data.def.DoubleCell">
                    <entry key="DoubleCell" type="xdouble" value="-1.5853698939780683"/>
                </config>
            </config>
            <config key="upper_bound">
                <entry key="datacell" type="xstring" value="org.knime.core.data.def.DoubleCell"/>
                <config key="org.knime.core.data.def.DoubleCell">
                    <entry key="DoubleCell" type="xdouble" value="1.6389018644240816"/>
                </config>
            </config>
        </config>
        <config key="column_properties"/>
        <config key="meta_data"/>
    </config>
    <config key="column_spec_13">
        <entry key="column_name" type="xstring" value="NumHeteroAtoms"/>
        <config key="element_names">
            <entry key="array-size" type="xint" value="0"/>
        </config>
        <config key="column_type">
            <entry key="cell_class" type="xstring" value="org.knime.core.data.def.DoubleCell"/>
        </config>
        <config key="column_domain">
            <config key="lower_bound">
                <entry key="datacell" type="xstring" value="org.knime.core.data.def.DoubleCell"/>
                <config key="org.knime.core.data.def.DoubleCell">
                    <entry key="DoubleCell" type="xdouble" value="-1.415774431435303"/>
                </config>
            </config>
            <config key="upper_bound">
                <entry key="datacell" type="xstring" value="org.knime.core.data.def.DoubleCell"/>
                <config key="org.knime.core.data.def.DoubleCell">
                    <entry key="DoubleCell" type="xdouble" value="3.188800354915023"/>
                </config>
            </config>
        </config>
        <config key="column_properties"/>
        <config key="meta_data"/>
    </config>
    <config key="column_spec_14">
        <entry key="column_name" type="xstring" value="NumHeavyAtoms"/>
        <config key="element_names">
            <entry key="array-size" type="xint" value="0"/>
        </config>
        <config key="column_type">
            <entry key="cell_class" type="xstring" value="org.knime.core.data.def.DoubleCell"/>
        </config>
        <config key="column_domain">
            <config key="lower_bound">
                <entry key="datacell" type="xstring" value="org.knime.core.data.def.DoubleCell"/>
                <config key="org.knime.core.data.def.DoubleCell">
                    <entry key="DoubleCell" type="xdouble" value="-2.445860360006441"/>
                </config>
            </config>
            <config key="upper_bound">
                <entry key="datacell" type="xstring" value="org.knime.core.data.def.DoubleCell"/>
                <config key="org.knime.core.data.def.DoubleCell">
                    <entry key="DoubleCell" type="xdouble" value="1.9394548664833975"/>
                </config>
            </config>
        </config>
        <config key="column_properties"/>
        <config key="meta_data"/>
    </config>
    <config key="column_spec_15">
        <entry key="column_name" type="xstring" value="NumAtoms"/>
        <config key="element_names">
            <entry key="array-size" type="xint" value="0"/>
        </config>
        <config key="column_type">
            <entry key="cell_class" type="xstring" value="org.knime.core.data.def.DoubleCell"/>
        </config>
        <config key="column_domain">
            <config key="lower_bound">
                <entry key="datacell" type="xstring" value="org.knime.core.data.def.DoubleCell"/>
                <config key="org.knime.core.data.def.DoubleCell">
                    <entry key="DoubleCell" type="xdouble" value="-3.1014997520050045"/>
                </config>
            </config>
            <config key="upper_bound">
                <entry key="datacell" type="xstring" value="org.knime.core.data.def.DoubleCell"/>
                <config key="org.knime.core.data.def.DoubleCell">
                    <entry key="DoubleCell" type="xdouble" value="2.0923503386079805"/>
                </config>
            </config>
        </config>
        <config key="column_properties"/>
        <config key="meta_data"/>
    </config>
    <config key="column_spec_16">
        <entry key="column_name" type="xstring" value="NumRings"/>
        <config key="element_names">
            <entry key="array-size" type="xint" value="0"/>
        </config>
        <config key="column_type">
            <entry key="cell_class" type="xstring" value="org.knime.core.data.def.DoubleCell"/>
        </config>
        <config key="column_domain">
            <config key="lower_bound">
                <entry key="datacell" type="xstring" value="org.knime.core.data.def.DoubleCell"/>
                <config key="org.knime.core.data.def.DoubleCell">
                    <entry key="DoubleCell" type="xdouble" value="-1.1982370468034846"/>
                </config>
            </config>
            <config key="upper_bound">
                <entry key="datacell" type="xstring" value="org.knime.core.data.def.DoubleCell"/>
                <config key="org.knime.core.data.def.DoubleCell">
                    <entry key="DoubleCell" type="xdouble" value="1.9448772166709845"/>
                </config>
            </config>
        </config>
        <config key="column_properties"/>
        <config key="meta_data"/>
    </config>
    <config key="column_spec_17">
        <entry key="column_name" type="xstring" value="NumAromaticRings"/>
        <config key="element_names">
            <entry key="array-size" type="xint" value="0"/>
        </config>
        <config key="column_type">
            <entry key="cell_class" type="xstring" value="org.knime.core.data.def.DoubleCell"/>
        </config>
        <config key="column_domain">
            <config key="lower_bound">
                <entry key="datacell" type="xstring" value="org.knime.core.data.def.DoubleCell"/>
                <config key="org.knime.core.data.def.DoubleCell">
                    <entry key="DoubleCell" type="xdouble" value="-1.085628250911848"/>
                </config>
            </config>
            <config key="upper_bound">
                <entry key="datacell" type="xstring" value="org.knime.core.data.def.DoubleCell"/>
                <config key="org.knime.core.data.def.DoubleCell">
                    <entry key="DoubleCell" type="xdouble" value="2.098068080413909"/>
                </config>
            </config>
        </config>
        <config key="column_properties"/>
        <config key="meta_data"/>
    </config>
    <config key="column_spec_18">
        <entry key="column_name" type="xstring" value="NumAromaticCarbocycles"/>
        <config key="element_names">
            <entry key="array-size" type="xint" value="0"/>
        </config>
        <config key="column_type">
            <entry key="cell_class" type="xstring" value="org.knime.core.data.def.DoubleCell"/>
        </config>
        <config key="column_domain">
            <config key="lower_bound">
                <entry key="datacell" type="xstring" value="org.knime.core.data.def.DoubleCell"/>
                <config key="org.knime.core.data.def.DoubleCell">
                    <entry key="DoubleCell" type="xdouble" value="-0.9299630472650942"/>
                </config>
            </config>
            <config key="upper_bound">
                <entry key="datacell" type="xstring" value="org.knime.core.data.def.DoubleCell"/>
                <config key="org.knime.core.data.def.DoubleCell">
                    <entry key="DoubleCell" type="xdouble" value="2.242852055168754"/>
                </config>
            </config>
        </config>
        <config key="column_properties"/>
        <config key="meta_data"/>
    </config>
    <config key="column_spec_19">
        <entry key="column_name" type="xstring" value="Chi0v"/>
        <config key="element_names">
            <entry key="array-size" type="xint" value="0"/>
        </config>
        <config key="column_type">
            <entry key="cell_class" type="xstring" value="org.knime.core.data.def.DoubleCell"/>
        </config>
        <config key="column_domain">
            <config key="lower_bound">
                <entry key="datacell" type="xstring" value="org.knime.core.data.def.DoubleCell"/>
                <config key="org.knime.core.data.def.DoubleCell">
                    <entry key="DoubleCell" type="xdouble" value="-2.8850346947311616"/>
                </config>
            </config>
            <config key="upper_bound">
                <entry key="datacell" type="xstring" value="org.knime.core.data.def.DoubleCell"/>
                <config key="org.knime.core.data.def.DoubleCell">
                    <entry key="DoubleCell" type="xdouble" value="2.0501659464284776"/>
                </config>
            </config>
        </config>
        <config key="column_properties"/>
        <config key="meta_data"/>
    </config>
    <config key="column_spec_20">
        <entry key="column_name" type="xstring" value="Chi1v"/>
        <config key="element_names">
            <entry key="array-size" type="xint" value="0"/>
        </config>
        <config key="column_type">
            <entry key="cell_class" type="xstring" value="org.knime.core.data.def.DoubleCell"/>
        </config>
        <config key="column_domain">
            <config key="lower_bound">
                <entry key="datacell" type="xstring" value="org.knime.core.data.def.DoubleCell"/>
                <config key="org.knime.core.data.def.DoubleCell">
                    <entry key="DoubleCell" type="xdouble" value="-3.3112261176473954"/>
                </config>
            </config>
            <config key="upper_bound">
                <entry key="datacell" type="xstring" value="org.knime.core.data.def.DoubleCell"/>
                <config key="org.knime.core.data.def.DoubleCell">
                    <entry key="DoubleCell" type="xdouble" value="2.017162966897594"/>
                </config>
            </config>
        </config>
        <config key="column_properties"/>
        <config key="meta_data"/>
    </config>
    <config key="column_spec_21">
        <entry key="column_name" type="xstring" value="Chi2v"/>
        <config key="element_names">
            <entry key="array-size" type="xint" value="0"/>
        </config>
        <config key="column_type">
            <entry key="cell_class" type="xstring" value="org.knime.core.data.def.DoubleCell"/>
        </config>
        <config key="column_domain">
            <config key="lower_bound">
                <entry key="datacell" type="xstring" value="org.knime.core.data.def.DoubleCell"/>
                <config key="org.knime.core.data.def.DoubleCell">
                    <entry key="DoubleCell" type="xdouble" value="-3.1501587731687817"/>
                </config>
            </config>
            <config key="upper_bound">
                <entry key="datacell" type="xstring" value="org.knime.core.data.def.DoubleCell"/>
                <config key="org.knime.core.data.def.DoubleCell">
                    <entry key="DoubleCell" type="xdouble" value="2.035376664504314"/>
                </config>
            </config>
        </config>
        <config key="column_properties"/>
        <config key="meta_data"/>
    </config>
    <config key="column_spec_22">
        <entry key="column_name" type="xstring" value="Chi3v"/>
        <config key="element_names">
            <entry key="array-size" type="xint" value="0"/>
        </config>
        <config key="column_type">
            <entry key="cell_class" type="xstring" value="org.knime.core.data.def.DoubleCell"/>
        </config>
        <config key="column_domain">
            <config key="lower_bound">
                <entry key="datacell" type="xstring" value="org.knime.core.data.def.DoubleCell"/>
                <config key="org.knime.core.data.def.DoubleCell">
                    <entry key="DoubleCell" type="xdouble" value="-1.8319142309859124"/>
                </config>
            </config>
            <config key="upper_bound">
                <entry key="datacell" type="xstring" value="org.knime.core.data.def.DoubleCell"/>
                <config key="org.knime.core.data.def.DoubleCell">
                    <entry key="DoubleCell" type="xdouble" value="2.277412688695663"/>
                </config>
            </config>
        </config>
        <config key="column_properties"/>
        <config key="meta_data"/>
    </config>
    <config key="column_spec_23">
        <entry key="column_name" type="xstring" value="Chi4v"/>
        <config key="element_names">
            <entry key="array-size" type="xint" value="0"/>
        </config>
        <config key="column_type">
            <entry key="cell_class" type="xstring" value="org.knime.core.data.def.DoubleCell"/>
        </config>
        <config key="column_domain">
            <config key="lower_bound">
                <entry key="datacell" type="xstring" value="org.knime.core.data.def.DoubleCell"/>
                <config key="org.knime.core.data.def.DoubleCell">
                    <entry key="DoubleCell" type="xdouble" value="-1.4386553057149007"/>
                </config>
            </config>
            <config key="upper_bound">
                <entry key="datacell" type="xstring" value="org.knime.core.data.def.DoubleCell"/>
                <config key="org.knime.core.data.def.DoubleCell">
                    <entry key="DoubleCell" type="xdouble" value="2.3701949650289915"/>
                </config>
            </config>
        </config>
        <config key="column_properties"/>
        <config key="meta_data"/>
    </config>
    <config key="column_spec_24">
        <entry key="column_name" type="xstring" value="Chi1n"/>
        <config key="element_names">
            <entry key="array-size" type="xint" value="0"/>
        </config>
        <config key="column_type">
            <entry key="cell_class" type="xstring" value="org.knime.core.data.def.DoubleCell"/>
        </config>
        <config key="column_domain">
            <config key="lower_bound">
                <entry key="datacell" type="xstring" value="org.knime.core.data.def.DoubleCell"/>
                <config key="org.knime.core.data.def.DoubleCell">
                    <entry key="DoubleCell" type="xdouble" value="-3.1859114326531386"/>
                </config>
            </config>
            <config key="upper_bound">
                <entry key="datacell" type="xstring" value="org.knime.core.data.def.DoubleCell"/>
                <config key="org.knime.core.data.def.DoubleCell">
                    <entry key="DoubleCell" type="xdouble" value="2.1366572572529656"/>
                </config>
            </config>
        </config>
        <config key="column_properties"/>
        <config key="meta_data"/>
    </config>
    <config key="column_spec_25">
        <entry key="column_name" type="xstring" value="Chi2n"/>
        <config key="element_names">
            <entry key="array-size" type="xint" value="0"/>
        </config>
        <config key="column_type">
            <entry key="cell_class" type="xstring" value="org.knime.core.data.def.DoubleCell"/>
        </config>
        <config key="column_domain">
            <config key="lower_bound">
                <entry key="datacell" type="xstring" value="org.knime.core.data.def.DoubleCell"/>
                <config key="org.knime.core.data.def.DoubleCell">
                    <entry key="DoubleCell" type="xdouble" value="-3.0467579752551464"/>
                </config>
            </config>
            <config key="upper_bound">
                <entry key="datacell" type="xstring" value="org.knime.core.data.def.DoubleCell"/>
                <config key="org.knime.core.data.def.DoubleCell">
                    <entry key="DoubleCell" type="xdouble" value="2.0815334815180124"/>
                </config>
            </config>
        </config>
        <config key="column_properties"/>
        <config key="meta_data"/>
    </config>
    <config key="column_spec_26">
        <entry key="column_name" type="xstring" value="Chi3n"/>
        <config key="element_names">
            <entry key="array-size" type="xint" value="0"/>
        </config>
        <config key="column_type">
            <entry key="cell_class" type="xstring" value="org.knime.core.data.def.DoubleCell"/>
        </config>
        <config key="column_domain">
            <config key="lower_bound">
                <entry key="datacell" type="xstring" value="org.knime.core.data.def.DoubleCell"/>
                <config key="org.knime.core.data.def.DoubleCell">
                    <entry key="DoubleCell" type="xdouble" value="-1.8080513913246186"/>
                </config>
            </config>
            <config key="upper_bound">
                <entry key="datacell" type="xstring" value="org.knime.core.data.def.DoubleCell"/>
                <config key="org.knime.core.data.def.DoubleCell">
                    <entry key="DoubleCell" type="xdouble" value="2.3763397374899604"/>
                </config>
            </config>
        </config>
        <config key="column_properties"/>
        <config key="meta_data"/>
    </config>
    <config key="column_spec_27">
        <entry key="column_name" type="xstring" value="Chi4n"/>
        <config key="element_names">
            <entry key="array-size" type="xint" value="0"/>
        </config>
        <config key="column_type">
            <entry key="cell_class" type="xstring" value="org.knime.core.data.def.DoubleCell"/>
        </config>
        <config key="column_domain">
            <config key="lower_bound">
                <entry key="datacell" type="xstring" value="org.knime.core.data.def.DoubleCell"/>
                <config key="org.knime.core.data.def.DoubleCell">
                    <entry key="DoubleCell" type="xdouble" value="-1.4825886642944635"/>
                </config>
            </config>
            <config key="upper_bound">
                <entry key="datacell" type="xstring" value="org.knime.core.data.def.DoubleCell"/>
                <config key="org.knime.core.data.def.DoubleCell">
                    <entry key="DoubleCell" type="xdouble" value="2.3615056940991943"/>
                </config>
            </config>
        </config>
        <config key="column_properties"/>
        <config key="meta_data"/>
    </config>
    <config key="column_spec_28">
        <entry key="column_name" type="xstring" value="HallKierAlpha"/>
        <config key="element_names">
            <entry key="array-size" type="xint" value="0"/>
        </config>
        <config key="column_type">
            <entry key="cell_class" type="xstring" value="org.knime.core.data.def.DoubleCell"/>
        </config>
        <config key="column_domain">
            <config key="lower_bound">
                <entry key="datacell" type="xstring" value="org.knime.core.data.def.DoubleCell"/>
                <config key="org.knime.core.data.def.DoubleCell">
                    <entry key="DoubleCell" type="xdouble" value="-3.0525859780204083"/>
                </config>
            </config>
            <config key="upper_bound">
                <entry key="datacell" type="xstring" value="org.knime.core.data.def.DoubleCell"/>
                <config key="org.knime.core.data.def.DoubleCell">
                    <entry key="DoubleCell" type="xdouble" value="2.697052761290097"/>
                </config>
            </config>
        </config>
        <config key="column_properties"/>
        <config key="meta_data"/>
    </config>
    <config key="column_spec_29">
        <entry key="column_name" type="xstring" value="kappa1"/>
        <config key="element_names">
            <entry key="array-size" type="xint" value="0"/>
        </config>
        <config key="column_type">
            <entry key="cell_class" type="xstring" value="org.knime.core.data.def.DoubleCell"/>
        </config>
        <config key="column_domain">
            <config key="lower_bound">
                <entry key="datacell" type="xstring" value="org.knime.core.data.def.DoubleCell"/>
                <config key="org.knime.core.data.def.DoubleCell">
                    <entry key="DoubleCell" type="xdouble" value="-2.7809651340998225"/>
                </config>
            </config>
            <config key="upper_bound">
                <entry key="datacell" type="xstring" value="org.knime.core.data.def.DoubleCell"/>
                <config key="org.knime.core.data.def.DoubleCell">
                    <entry key="DoubleCell" type="xdouble" value="2.0761061095943427"/>
                </config>
            </config>
        </config>
        <config key="column_properties"/>
        <config key="meta_data"/>
    </config>
    <config key="column_spec_30">
        <entry key="column_name" type="xstring" value="kappa2"/>
        <config key="element_names">
            <entry key="array-size" type="xint" value="0"/>
        </config>
        <config key="column_type">
            <entry key="cell_class" type="xstring" value="org.knime.core.data.def.DoubleCell"/>
        </config>
        <config key="column_domain">
            <config key="lower_bound">
                <entry key="datacell" type="xstring" value="org.knime.core.data.def.DoubleCell"/>
                <config key="org.knime.core.data.def.DoubleCell">
                    <entry key="DoubleCell" type="xdouble" value="-2.980857648098834"/>
                </config>
            </config>
            <config key="upper_bound">
                <entry key="datacell" type="xstring" value="org.knime.core.data.def.DoubleCell"/>
                <config key="org.knime.core.data.def.DoubleCell">
                    <entry key="DoubleCell" type="xdouble" value="1.756004093971966"/>
                </config>
            </config>
        </config>
        <config key="column_properties"/>
        <config key="meta_data"/>
    </config>
    <config key="column_spec_31">
        <entry key="column_name" type="xstring" value="kappa3"/>
        <config key="element_names">
            <entry key="array-size" type="xint" value="0"/>
        </config>
        <config key="column_type">
            <entry key="cell_class" type="xstring" value="org.knime.core.data.def.DoubleCell"/>
        </config>
        <config key="column_domain">
            <config key="lower_bound">
                <entry key="datacell" type="xstring" value="org.knime.core.data.def.DoubleCell"/>
                <config key="org.knime.core.data.def.DoubleCell">
                    <entry key="DoubleCell" type="xdouble" value="-3.329271901382252"/>
                </config>
            </config>
            <config key="upper_bound">
                <entry key="datacell" type="xstring" value="org.knime.core.data.def.DoubleCell"/>
                <config key="org.knime.core.data.def.DoubleCell">
                    <entry key="DoubleCell" type="xdouble" value="1.6941008111045186"/>
                </config>
            </config>
        </config>
        <config key="column_properties"/>
        <config key="meta_data"/>
    </config>
    <config key="column_spec_32">
        <entry key="column_name" type="xstring" value="slogp_VSA1"/>
        <config key="element_names">
            <entry key="array-size" type="xint" value="0"/>
        </config>
        <config key="column_type">
            <entry key="cell_class" type="xstring" value="org.knime.core.data.def.DoubleCell"/>
        </config>
        <config key="column_domain">
            <config key="lower_bound">
                <entry key="datacell" type="xstring" value="org.knime.core.data.def.DoubleCell"/>
                <config key="org.knime.core.data.def.DoubleCell">
                    <entry key="DoubleCell" type="xdouble" value="-0.583636450954515"/>
                </config>
            </config>
            <config key="upper_bound">
                <entry key="datacell" type="xstring" value="org.knime.core.data.def.DoubleCell"/>
                <config key="org.knime.core.data.def.DoubleCell">
                    <entry key="DoubleCell" type="xdouble" value="3.113233846068836"/>
                </config>
            </config>
        </config>
        <config key="column_properties"/>
        <config key="meta_data"/>
    </config>
    <config key="column_spec_33">
        <entry key="column_name" type="xstring" value="slogp_VSA2"/>
        <config key="element_names">
            <entry key="array-size" type="xint" value="0"/>
        </config>
        <config key="column_type">
            <entry key="cell_class" type="xstring" value="org.knime.core.data.def.DoubleCell"/>
        </config>
        <config key="column_domain">
            <config key="lower_bound">
                <entry key="datacell" type="xstring" value="org.knime.core.data.def.DoubleCell"/>
                <config key="org.knime.core.data.def.DoubleCell">
                    <entry key="DoubleCell" type="xdouble" value="-1.3784377147370839"/>
                </config>
            </config>
            <config key="upper_bound">
                <entry key="datacell" type="xstring" value="org.knime.core.data.def.DoubleCell"/>
                <config key="org.knime.core.data.def.DoubleCell">
                    <entry key="DoubleCell" type="xdouble" value="2.0119033487300975"/>
                </config>
            </config>
        </config>
        <config key="column_properties"/>
        <config key="meta_data"/>
    </config>
    <config key="column_spec_34">
        <entry key="column_name" type="xstring" value="slogp_VSA3"/>
        <config key="element_names">
            <entry key="array-size" type="xint" value="0"/>
        </config>
        <config key="column_type">
            <entry key="cell_class" type="xstring" value="org.knime.core.data.def.DoubleCell"/>
        </config>
        <config key="column_domain">
            <config key="lower_bound">
                <entry key="datacell" type="xstring" value="org.knime.core.data.def.DoubleCell"/>
                <config key="org.knime.core.data.def.DoubleCell">
                    <entry key="DoubleCell" type="xdouble" value="-0.6469454779410497"/>
                </config>
            </config>
            <config key="upper_bound">
                <entry key="datacell" type="xstring" value="org.knime.core.data.def.DoubleCell"/>
                <config key="org.knime.core.data.def.DoubleCell">
                    <entry key="DoubleCell" type="xdouble" value="2.5275609406144746"/>
                </config>
            </config>
        </config>
        <config key="column_properties"/>
        <config key="meta_data"/>
    </config>
    <config key="column_spec_35">
        <entry key="column_name" type="xstring" value="slogp_VSA4"/>
        <config key="element_names">
            <entry key="array-size" type="xint" value="0"/>
        </config>
        <config key="column_type">
            <entry key="cell_class" type="xstring" value="org.knime.core.data.def.DoubleCell"/>
        </config>
        <config key="column_domain">
            <config key="lower_bound">
                <entry key="datacell" type="xstring" value="org.knime.core.data.def.DoubleCell"/>
                <config key="org.knime.core.data.def.DoubleCell">
                    <entry key="DoubleCell" type="xdouble" value="-0.5743332991041995"/>
                </config>
            </config>
            <config key="upper_bound">
                <entry key="datacell" type="xstring" value="org.knime.core.data.def.DoubleCell"/>
                <config key="org.knime.core.data.def.DoubleCell">
                    <entry key="DoubleCell" type="xdouble" value="2.4639237003038184"/>
                </config>
            </config>
        </config>
        <config key="column_properties"/>
        <config key="meta_data"/>
    </config>
    <config key="column_spec_36">
        <entry key="column_name" type="xstring" value="slogp_VSA5"/>
        <config key="element_names">
            <entry key="array-size" type="xint" value="0"/>
        </config>
        <config key="column_type">
            <entry key="cell_class" type="xstring" value="org.knime.core.data.def.DoubleCell"/>
        </config>
        <config key="column_domain">
            <config key="lower_bound">
                <entry key="datacell" type="xstring" value="org.knime.core.data.def.DoubleCell"/>
                <config key="org.knime.core.data.def.DoubleCell">
                    <entry key="DoubleCell" type="xdouble" value="-1.027471187986877"/>
                </config>
            </config>
            <config key="upper_bound">
                <entry key="datacell" type="xstring" value="org.knime.core.data.def.DoubleCell"/>
                <config key="org.knime.core.data.def.DoubleCell">
                    <entry key="DoubleCell" type="xdouble" value="2.2790751039517705"/>
                </config>
            </config>
        </config>
        <config key="column_properties"/>
        <config key="meta_data"/>
    </config>
    <config key="column_spec_37">
        <entry key="column_name" type="xstring" value="slogp_VSA6"/>
        <config key="element_names">
            <entry key="array-size" type="xint" value="0"/>
        </config>
        <config key="column_type">
            <entry key="cell_class" type="xstring" value="org.knime.core.data.def.DoubleCell"/>
        </config>
        <config key="column_domain">
            <config key="lower_bound">
                <entry key="datacell" type="xstring" value="org.knime.core.data.def.DoubleCell"/>
                <config key="org.knime.core.data.def.DoubleCell">
                    <entry key="DoubleCell" type="xdouble" value="-1.0050751562846274"/>
                </config>
            </config>
            <config key="upper_bound">
                <entry key="datacell" type="xstring" value="org.knime.core.data.def.DoubleCell"/>
                <config key="org.knime.core.data.def.DoubleCell">
                    <entry key="DoubleCell" type="xdouble" value="2.6796179851512676"/>
                </config>
            </config>
        </config>
        <config key="column_properties"/>
        <config key="meta_data"/>
    </config>
    <config key="column_spec_38">
        <entry key="column_name" type="xstring" value="slogp_VSA12"/>
        <config key="element_names">
            <entry key="array-size" type="xint" value="0"/>
        </config>
        <config key="column_type">
            <entry key="cell_class" type="xstring" value="org.knime.core.data.def.DoubleCell"/>
        </config>
        <config key="column_domain">
            <config key="lower_bound">
                <entry key="datacell" type="xstring" value="org.knime.core.data.def.DoubleCell"/>
                <config key="org.knime.core.data.def.DoubleCell">
                    <entry key="DoubleCell" type="xdouble" value="-0.5948447366442691"/>
                </config>
            </config>
            <config key="upper_bound">
                <entry key="datacell" type="xstring" value="org.knime.core.data.def.DoubleCell"/>
                <config key="org.knime.core.data.def.DoubleCell">
                    <entry key="DoubleCell" type="xdouble" value="2.2363047634778086"/>
                </config>
            </config>
        </config>
        <config key="column_properties"/>
        <config key="meta_data"/>
    </config>
    <config key="column_spec_39">
        <entry key="column_name" type="xstring" value="smr_VSA1"/>
        <config key="element_names">
            <entry key="array-size" type="xint" value="0"/>
        </config>
        <config key="column_type">
            <entry key="cell_class" type="xstring" value="org.knime.core.data.def.DoubleCell"/>
        </config>
        <config key="column_domain">
            <config key="lower_bound">
                <entry key="datacell" type="xstring" value="org.knime.core.data.def.DoubleCell"/>
                <config key="org.knime.core.data.def.DoubleCell">
                    <entry key="DoubleCell" type="xdouble" value="-1.0531810092883567"/>
                </config>
            </config>
            <config key="upper_bound">
                <entry key="datacell" type="xstring" value="org.knime.core.data.def.DoubleCell"/>
                <config key="org.knime.core.data.def.DoubleCell">
                    <entry key="DoubleCell" type="xdouble" value="3.195055123302035"/>
                </config>
            </config>
        </config>
        <config key="column_properties"/>
        <config key="meta_data"/>
    </config>
    <config key="column_spec_40">
        <entry key="column_name" type="xstring" value="smr_VSA5"/>
        <config key="element_names">
            <entry key="array-size" type="xint" value="0"/>
        </config>
        <config key="column_type">
            <entry key="cell_class" type="xstring" value="org.knime.core.data.def.DoubleCell"/>
        </config>
        <config key="column_domain">
            <config key="lower_bound">
                <entry key="datacell" type="xstring" value="org.knime.core.data.def.DoubleCell"/>
                <config key="org.knime.core.data.def.DoubleCell">
                    <entry key="DoubleCell" type="xdouble" value="-0.9047375829465913"/>
                </config>
            </config>
            <config key="upper_bound">
                <entry key="datacell" type="xstring" value="org.knime.core.data.def.DoubleCell"/>
                <config key="org.knime.core.data.def.DoubleCell">
                    <entry key="DoubleCell" type="xdouble" value="2.7359341464488667"/>
                </config>
            </config>
        </config>
        <config key="column_properties"/>
        <config key="meta_data"/>
    </config>
    <config key="column_spec_41">
        <entry key="column_name" type="xstring" value="smr_VSA6"/>
        <config key="element_names">
            <entry key="array-size" type="xint" value="0"/>
        </config>
        <config key="column_type">
            <entry key="cell_class" type="xstring" value="org.knime.core.data.def.DoubleCell"/>
        </config>
        <config key="column_domain">
            <config key="lower_bound">
                <entry key="datacell" type="xstring" value="org.knime.core.data.def.DoubleCell"/>
                <config key="org.knime.core.data.def.DoubleCell">
                    <entry key="DoubleCell" type="xdouble" value="-0.7690023836467136"/>
                </config>
            </config>
            <config key="upper_bound">
                <entry key="datacell" type="xstring" value="org.knime.core.data.def.DoubleCell"/>
                <config key="org.knime.core.data.def.DoubleCell">
                    <entry key="DoubleCell" type="xdouble" value="2.1858506337337533"/>
                </config>
            </config>
        </config>
        <config key="column_properties"/>
        <config key="meta_data"/>
    </config>
    <config key="column_spec_42">
        <entry key="column_name" type="xstring" value="smr_VSA7"/>
        <config key="element_names">
            <entry key="array-size" type="xint" value="0"/>
        </config>
        <config key="column_type">
            <entry key="cell_class" type="xstring" value="org.knime.core.data.def.DoubleCell"/>
        </config>
        <config key="column_domain">
            <config key="lower_bound">
                <entry key="datacell" type="xstring" value="org.knime.core.data.def.DoubleCell"/>
                <config key="org.knime.core.data.def.DoubleCell">
                    <entry key="DoubleCell" type="xdouble" value="-1.1037220618034986"/>
                </config>
            </config>
            <config key="upper_bound">
                <entry key="datacell" type="xstring" value="org.knime.core.data.def.DoubleCell"/>
                <config key="org.knime.core.data.def.DoubleCell">
                    <entry key="DoubleCell" type="xdouble" value="3.222737455878198"/>
                </config>
            </config>
        </config>
        <config key="column_properties"/>
        <config key="meta_data"/>
    </config>
    <config key="column_spec_43">
        <entry key="column_name" type="xstring" value="smr_VSA9"/>
        <config key="element_names">
            <entry key="array-size" type="xint" value="0"/>
        </config>
        <config key="column_type">
            <entry key="cell_class" type="xstring" value="org.knime.core.data.def.DoubleCell"/>
        </config>
        <config key="column_domain">
            <config key="lower_bound">
                <entry key="datacell" type="xstring" value="org.knime.core.data.def.DoubleCell"/>
                <config key="org.knime.core.data.def.DoubleCell">
                    <entry key="DoubleCell" type="xdouble" value="-0.572734635615516"/>
                </config>
            </config>
            <config key="upper_bound">
                <entry key="datacell" type="xstring" value="org.knime.core.data.def.DoubleCell"/>
                <config key="org.knime.core.data.def.DoubleCell">
                    <entry key="DoubleCell" type="xdouble" value="2.8090017021319613"/>
                </config>
            </config>
        </config>
        <config key="column_properties"/>
        <config key="meta_data"/>
    </config>
    <config key="column_spec_44">
        <entry key="column_name" type="xstring" value="smr_VSA10"/>
        <config key="element_names">
            <entry key="array-size" type="xint" value="0"/>
        </config>
        <config key="column_type">
            <entry key="cell_class" type="xstring" value="org.knime.core.data.def.DoubleCell"/>
        </config>
        <config key="column_domain">
            <config key="lower_bound">
                <entry key="datacell" type="xstring" value="org.knime.core.data.def.DoubleCell"/>
                <config key="org.knime.core.data.def.DoubleCell">
                    <entry key="DoubleCell" type="xdouble" value="-0.8579125916881292"/>
                </config>
            </config>
            <config key="upper_bound">
                <entry key="datacell" type="xstring" value="org.knime.core.data.def.DoubleCell"/>
                <config key="org.knime.core.data.def.DoubleCell">
                    <entry key="DoubleCell" type="xdouble" value="2.5442644360547426"/>
                </config>
            </config>
        </config>
        <config key="column_properties"/>
        <config key="meta_data"/>
    </config>
    <config key="column_spec_45">
        <entry key="column_name" type="xstring" value="peoe_VSA1"/>
        <config key="element_names">
            <entry key="array-size" type="xint" value="0"/>
        </config>
        <config key="column_type">
            <entry key="cell_class" type="xstring" value="org.knime.core.data.def.DoubleCell"/>
        </config>
        <config key="column_domain">
            <config key="lower_bound">
                <entry key="datacell" type="xstring" value="org.knime.core.data.def.DoubleCell"/>
                <config key="org.knime.core.data.def.DoubleCell">
                    <entry key="DoubleCell" type="xdouble" value="-1.211445025196749"/>
                </config>
            </config>
            <config key="upper_bound">
                <entry key="datacell" type="xstring" value="org.knime.core.data.def.DoubleCell"/>
                <config key="org.knime.core.data.def.DoubleCell">
                    <entry key="DoubleCell" type="xdouble" value="2.632974786075346"/>
                </config>
            </config>
        </config>
        <config key="column_properties"/>
        <config key="meta_data"/>
    </config>
    <config key="column_spec_46">
        <entry key="column_name" type="xstring" value="peoe_VSA2"/>
        <config key="element_names">
            <entry key="array-size" type="xint" value="0"/>
        </config>
        <config key="column_type">
            <entry key="cell_class" type="xstring" value="org.knime.core.data.def.DoubleCell"/>
        </config>
        <config key="column_domain">
            <config key="lower_bound">
                <entry key="datacell" type="xstring" value="org.knime.core.data.def.DoubleCell"/>
                <config key="org.knime.core.data.def.DoubleCell">
                    <entry key="DoubleCell" type="xdouble" value="-0.6174127313818721"/>
                </config>
            </config>
            <config key="upper_bound">
                <entry key="datacell" type="xstring" value="org.knime.core.data.def.DoubleCell"/>
                <config key="org.knime.core.data.def.DoubleCell">
                    <entry key="DoubleCell" type="xdouble" value="2.6349457666759135"/>
                </config>
            </config>
        </config>
        <config key="column_properties"/>
        <config key="meta_data"/>
    </config>
    <config key="column_spec_47">
        <entry key="column_name" type="xstring" value="peoe_VSA6"/>
        <config key="element_names">
            <entry key="array-size" type="xint" value="0"/>
        </config>
        <config key="column_type">
            <entry key="cell_class" type="xstring" value="org.knime.core.data.def.DoubleCell"/>
        </config>
        <config key="column_domain">
            <config key="lower_bound">
                <entry key="datacell" type="xstring" value="org.knime.core.data.def.DoubleCell"/>
                <config key="org.knime.core.data.def.DoubleCell">
                    <entry key="DoubleCell" type="xdouble" value="-1.0617234625778371"/>
                </config>
            </config>
            <config key="upper_bound">
                <entry key="datacell" type="xstring" value="org.knime.core.data.def.DoubleCell"/>
                <config key="org.knime.core.data.def.DoubleCell">
                    <entry key="DoubleCell" type="xdouble" value="3.2330881707175987"/>
                </config>
            </config>
        </config>
        <config key="column_properties"/>
        <config key="meta_data"/>
    </config>
    <config key="column_spec_48">
        <entry key="column_name" type="xstring" value="peoe_VSA7"/>
        <config key="element_names">
            <entry key="array-size" type="xint" value="0"/>
        </config>
        <config key="column_type">
            <entry key="cell_class" type="xstring" value="org.knime.core.data.def.DoubleCell"/>
        </config>
        <config key="column_domain">
            <config key="lower_bound">
                <entry key="datacell" type="xstring" value="org.knime.core.data.def.DoubleCell"/>
                <config key="org.knime.core.data.def.DoubleCell">
                    <entry key="DoubleCell" type="xdouble" value="-1.408035093275773"/>
                </config>
            </config>
            <config key="upper_bound">
                <entry key="datacell" type="xstring" value="org.knime.core.data.def.DoubleCell"/>
                <config key="org.knime.core.data.def.DoubleCell">
                    <entry key="DoubleCell" type="xdouble" value="2.9283178365232168"/>
                </config>
            </config>
        </config>
        <config key="column_properties"/>
        <config key="meta_data"/>
    </config>
    <config key="column_spec_49">
        <entry key="column_name" type="xstring" value="peoe_VSA8"/>
        <config key="element_names">
            <entry key="array-size" type="xint" value="0"/>
        </config>
        <config key="column_type">
            <entry key="cell_class" type="xstring" value="org.knime.core.data.def.DoubleCell"/>
        </config>
        <config key="column_domain">
            <config key="lower_bound">
                <entry key="datacell" type="xstring" value="org.knime.core.data.def.DoubleCell"/>
                <config key="org.knime.core.data.def.DoubleCell">
                    <entry key="DoubleCell" type="xdouble" value="-1.0524881808151023"/>
                </config>
            </config>
            <config key="upper_bound">
                <entry key="datacell" type="xstring" value="org.knime.core.data.def.DoubleCell"/>
                <config key="org.knime.core.data.def.DoubleCell">
                    <entry key="DoubleCell" type="xdouble" value="3.5898911254170076"/>
                </config>
            </config>
        </config>
        <config key="column_properties"/>
        <config key="meta_data"/>
    </config>
    <config key="column_spec_50">
        <entry key="column_name" type="xstring" value="peoe_VSA9"/>
        <config key="element_names">
            <entry key="array-size" type="xint" value="0"/>
        </config>
        <config key="column_type">
            <entry key="cell_class" type="xstring" value="org.knime.core.data.def.DoubleCell"/>
        </config>
        <config key="column_domain">
            <config key="lower_bound">
                <entry key="datacell" type="xstring" value="org.knime.core.data.def.DoubleCell"/>
                <config key="org.knime.core.data.def.DoubleCell">
                    <entry key="DoubleCell" type="xdouble" value="-0.8040906866763586"/>
                </config>
            </config>
            <config key="upper_bound">
                <entry key="datacell" type="xstring" value="org.knime.core.data.def.DoubleCell"/>
                <config key="org.knime.core.data.def.DoubleCell">
                    <entry key="DoubleCell" type="xdouble" value="2.4163853079487696"/>
                </config>
            </config>
        </config>
        <config key="column_properties"/>
        <config key="meta_data"/>
    </config>
    <config key="column_spec_51">
        <entry key="column_name" type="xstring" value="peoe_VSA10"/>
        <config key="element_names">
            <entry key="array-size" type="xint" value="0"/>
        </config>
        <config key="column_type">
            <entry key="cell_class" type="xstring" value="org.knime.core.data.def.DoubleCell"/>
        </config>
        <config key="column_domain">
            <config key="lower_bound">
                <entry key="datacell" type="xstring" value="org.knime.core.data.def.DoubleCell"/>
                <config key="org.knime.core.data.def.DoubleCell">
                    <entry key="DoubleCell" type="xdouble" value="-0.6835495701178799"/>
                </config>
            </config>
            <config key="upper_bound">
                <entry key="datacell" type="xstring" value="org.knime.core.data.def.DoubleCell"/>
                <config key="org.knime.core.data.def.DoubleCell">
                    <entry key="DoubleCell" type="xdouble" value="2.9047129092938992"/>
                </config>
            </config>
        </config>
        <config key="column_properties"/>
        <config key="meta_data"/>
    </config>
    <config key="column_spec_52">
        <entry key="column_name" type="xstring" value="MQN1"/>
        <config key="element_names">
            <entry key="array-size" type="xint" value="0"/>
        </config>
        <config key="column_type">
            <entry key="cell_class" type="xstring" value="org.knime.core.data.def.DoubleCell"/>
        </config>
        <config key="column_domain">
            <config key="lower_bound">
                <entry key="datacell" type="xstring" value="org.knime.core.data.def.DoubleCell"/>
                <config key="org.knime.core.data.def.DoubleCell">
                    <entry key="DoubleCell" type="xdouble" value="-2.952084245858083"/>
                </config>
            </config>
            <config key="upper_bound">
                <entry key="datacell" type="xstring" value="org.knime.core.data.def.DoubleCell"/>
                <config key="org.knime.core.data.def.DoubleCell">
                    <entry key="DoubleCell" type="xdouble" value="2.1642575344460444"/>
                </config>
            </config>
        </config>
        <config key="column_properties"/>
        <config key="meta_data"/>
    </config>
    <config key="column_spec_53">
        <entry key="column_name" type="xstring" value="MQN8"/>
        <config key="element_names">
            <entry key="array-size" type="xint" value="0"/>
        </config>
        <config key="column_type">
            <entry key="cell_class" type="xstring" value="org.knime.core.data.def.DoubleCell"/>
        </config>
        <config key="column_domain">
            <config key="lower_bound">
                <entry key="datacell" type="xstring" value="org.knime.core.data.def.DoubleCell"/>
                <config key="org.knime.core.data.def.DoubleCell">
                    <entry key="DoubleCell" type="xdouble" value="-0.5962317979731758"/>
                </config>
            </config>
            <config key="upper_bound">
                <entry key="datacell" type="xstring" value="org.knime.core.data.def.DoubleCell"/>
                <config key="org.knime.core.data.def.DoubleCell">
                    <entry key="DoubleCell" type="xdouble" value="2.861912630271246"/>
                </config>
            </config>
        </config>
        <config key="column_properties"/>
        <config key="meta_data"/>
    </config>
    <config key="column_spec_54">
        <entry key="column_name" type="xstring" value="MQN10"/>
        <config key="element_names">
            <entry key="array-size" type="xint" value="0"/>
        </config>
        <config key="column_type">
            <entry key="cell_class" type="xstring" value="org.knime.core.data.def.DoubleCell"/>
        </config>
        <config key="column_domain">
            <config key="lower_bound">
                <entry key="datacell" type="xstring" value="org.knime.core.data.def.DoubleCell"/>
                <config key="org.knime.core.data.def.DoubleCell">
                    <entry key="DoubleCell" type="xdouble" value="-0.963554146482121"/>
                </config>
            </config>
            <config key="upper_bound">
                <entry key="datacell" type="xstring" value="org.knime.core.data.def.DoubleCell"/>
                <config key="org.knime.core.data.def.DoubleCell">
                    <entry key="DoubleCell" type="xdouble" value="3.17275559417304"/>
                </config>
            </config>
        </config>
        <config key="column_properties"/>
        <config key="meta_data"/>
    </config>
    <config key="column_spec_55">
        <entry key="column_name" type="xstring" value="MQN12"/>
        <config key="element_names">
            <entry key="array-size" type="xint" value="0"/>
        </config>
        <config key="column_type">
            <entry key="cell_class" type="xstring" value="org.knime.core.data.def.DoubleCell"/>
        </config>
        <config key="column_domain">
            <config key="lower_bound">
                <entry key="datacell" type="xstring" value="org.knime.core.data.def.DoubleCell"/>
                <config key="org.knime.core.data.def.DoubleCell">
                    <entry key="DoubleCell" type="xdouble" value="-2.445860360006441"/>
                </config>
            </config>
            <config key="upper_bound">
                <entry key="datacell" type="xstring" value="org.knime.core.data.def.DoubleCell"/>
                <config key="org.knime.core.data.def.DoubleCell">
                    <entry key="DoubleCell" type="xdouble" value="1.9394548664833975"/>
                </config>
            </config>
        </config>
        <config key="column_properties"/>
        <config key="meta_data"/>
    </config>
    <config key="column_spec_56">
        <entry key="column_name" type="xstring" value="MQN13"/>
        <config key="element_names">
            <entry key="array-size" type="xint" value="0"/>
        </config>
        <config key="column_type">
            <entry key="cell_class" type="xstring" value="org.knime.core.data.def.DoubleCell"/>
        </config>
        <config key="column_domain">
            <config key="lower_bound">
                <entry key="datacell" type="xstring" value="org.knime.core.data.def.DoubleCell"/>
                <config key="org.knime.core.data.def.DoubleCell">
                    <entry key="DoubleCell" type="xdouble" value="-1.8078599992414557"/>
                </config>
            </config>
            <config key="upper_bound">
                <entry key="datacell" type="xstring" value="org.knime.core.data.def.DoubleCell"/>
                <config key="org.knime.core.data.def.DoubleCell">
                    <entry key="DoubleCell" type="xdouble" value="2.031452122825426"/>
                </config>
            </config>
        </config>
        <config key="column_properties"/>
        <config key="meta_data"/>
    </config>
    <config key="column_spec_57">
        <entry key="column_name" type="xstring" value="MQN14"/>
        <config key="element_names">
            <entry key="array-size" type="xint" value="0"/>
        </config>
        <config key="column_type">
            <entry key="cell_class" type="xstring" value="org.knime.core.data.def.DoubleCell"/>
        </config>
        <config key="column_domain">
            <config key="lower_bound">
                <entry key="datacell" type="xstring" value="org.knime.core.data.def.DoubleCell"/>
                <config key="org.knime.core.data.def.DoubleCell">
                    <entry key="DoubleCell" type="xdouble" value="-0.7956002211489963"/>
                </config>
            </config>
            <config key="upper_bound">
                <entry key="datacell" type="xstring" value="org.knime.core.data.def.DoubleCell"/>
                <config key="org.knime.core.data.def.DoubleCell">
                    <entry key="DoubleCell" type="xdouble" value="2.010503261552195"/>
                </config>
            </config>
        </config>
        <config key="column_properties"/>
        <config key="meta_data"/>
    </config>
    <config key="column_spec_58">
        <entry key="column_name" type="xstring" value="MQN16"/>
        <config key="element_names">
            <entry key="array-size" type="xint" value="0"/>
        </config>
        <config key="column_type">
            <entry key="cell_class" type="xstring" value="org.knime.core.data.def.DoubleCell"/>
        </config>
        <config key="column_domain">
            <config key="lower_bound">
                <entry key="datacell" type="xstring" value="org.knime.core.data.def.DoubleCell"/>
                <config key="org.knime.core.data.def.DoubleCell">
                    <entry key="DoubleCell" type="xdouble" value="-1.1550009727693111"/>
                </config>
            </config>
            <config key="upper_bound">
                <entry key="datacell" type="xstring" value="org.knime.core.data.def.DoubleCell"/>
                <config key="org.knime.core.data.def.DoubleCell">
                    <entry key="DoubleCell" type="xdouble" value="2.126782506623428"/>
                </config>
            </config>
        </config>
        <config key="column_properties"/>
        <config key="meta_data"/>
    </config>
    <config key="column_spec_59">
        <entry key="column_name" type="xstring" value="MQN17"/>
        <config key="element_names">
            <entry key="array-size" type="xint" value="0"/>
        </config>
        <config key="column_type">
            <entry key="cell_class" type="xstring" value="org.knime.core.data.def.DoubleCell"/>
        </config>
        <config key="column_domain">
            <config key="lower_bound">
                <entry key="datacell" type="xstring" value="org.knime.core.data.def.DoubleCell"/>
                <config key="org.knime.core.data.def.DoubleCell">
                    <entry key="DoubleCell" type="xdouble" value="-1.0788043481077427"/>
                </config>
            </config>
            <config key="upper_bound">
                <entry key="datacell" type="xstring" value="org.knime.core.data.def.DoubleCell"/>
                <config key="org.knime.core.data.def.DoubleCell">
                    <entry key="DoubleCell" type="xdouble" value="2.6330140021612722"/>
                </config>
            </config>
        </config>
        <config key="column_properties"/>
        <config key="meta_data"/>
    </config>
    <config key="column_spec_60">
        <entry key="column_name" type="xstring" value="MQN19"/>
        <config key="element_names">
            <entry key="array-size" type="xint" value="0"/>
        </config>
        <config key="column_type">
            <entry key="cell_class" type="xstring" value="org.knime.core.data.def.DoubleCell"/>
        </config>
        <config key="column_domain">
            <config key="lower_bound">
                <entry key="datacell" type="xstring" value="org.knime.core.data.def.DoubleCell"/>
                <config key="org.knime.core.data.def.DoubleCell">
                    <entry key="DoubleCell" type="xdouble" value="-0.9860526938535469"/>
                </config>
            </config>
            <config key="upper_bound">
                <entry key="datacell" type="xstring" value="org.knime.core.data.def.DoubleCell"/>
                <config key="org.knime.core.data.def.DoubleCell">
                    <entry key="DoubleCell" type="xdouble" value="2.283490448924"/>
                </config>
            </config>
        </config>
        <config key="column_properties"/>
        <config key="meta_data"/>
    </config>
    <config key="column_spec_61">
        <entry key="column_name" type="xstring" value="MQN20"/>
        <config key="element_names">
            <entry key="array-size" type="xint" value="0"/>
        </config>
        <config key="column_type">
            <entry key="cell_class" type="xstring" value="org.knime.core.data.def.DoubleCell"/>
        </config>
        <config key="column_domain">
            <config key="lower_bound">
                <entry key="datacell" type="xstring" value="org.knime.core.data.def.DoubleCell"/>
                <config key="org.knime.core.data.def.DoubleCell">
                    <entry key="DoubleCell" type="xdouble" value="-1.2172580967142397"/>
                </config>
            </config>
            <config key="upper_bound">
                <entry key="datacell" type="xstring" value="org.knime.core.data.def.DoubleCell"/>
                <config key="org.knime.core.data.def.DoubleCell">
                    <entry key="DoubleCell" type="xdouble" value="2.1580870638957643"/>
                </config>
            </config>
        </config>
        <config key="column_properties"/>
        <config key="meta_data"/>
    </config>
    <config key="column_spec_62">
        <entry key="column_name" type="xstring" value="MQN21"/>
        <config key="element_names">
            <entry key="array-size" type="xint" value="0"/>
        </config>
        <config key="column_type">
            <entry key="cell_class" type="xstring" value="org.knime.core.data.def.DoubleCell"/>
        </config>
        <config key="column_domain">
            <config key="lower_bound">
                <entry key="datacell" type="xstring" value="org.knime.core.data.def.DoubleCell"/>
                <config key="org.knime.core.data.def.DoubleCell">
                    <entry key="DoubleCell" type="xdouble" value="-1.5278475647375842"/>
                </config>
            </config>
            <config key="upper_bound">
                <entry key="datacell" type="xstring" value="org.knime.core.data.def.DoubleCell"/>
                <config key="org.knime.core.data.def.DoubleCell">
                    <entry key="DoubleCell" type="xdouble" value="1.5239499944193753"/>
                </config>
            </config>
        </config>
        <config key="column_properties"/>
        <config key="meta_data"/>
    </config>
    <config key="column_spec_63">
        <entry key="column_name" type="xstring" value="MQN22"/>
        <config key="element_names">
            <entry key="array-size" type="xint" value="0"/>
        </config>
        <config key="column_type">
            <entry key="cell_class" type="xstring" value="org.knime.core.data.def.DoubleCell"/>
        </config>
        <config key="column_domain">
            <config key="lower_bound">
                <entry key="datacell" type="xstring" value="org.knime.core.data.def.DoubleCell"/>
                <config key="org.knime.core.data.def.DoubleCell">
                    <entry key="DoubleCell" type="xdouble" value="-0.8356290217967333"/>
                </config>
            </config>
            <config key="upper_bound">
                <entry key="datacell" type="xstring" value="org.knime.core.data.def.DoubleCell"/>
                <config key="org.knime.core.data.def.DoubleCell">
                    <entry key="DoubleCell" type="xdouble" value="1.8569533817705173"/>
                </config>
            </config>
        </config>
        <config key="column_properties"/>
        <config key="meta_data"/>
    </config>
    <config key="column_spec_64">
        <entry key="column_name" type="xstring" value="MQN23"/>
        <config key="element_names">
            <entry key="array-size" type="xint" value="0"/>
        </config>
        <config key="column_type">
            <entry key="cell_class" type="xstring" value="org.knime.core.data.def.DoubleCell"/>
        </config>
        <config key="column_domain">
            <config key="lower_bound">
                <entry key="datacell" type="xstring" value="org.knime.core.data.def.DoubleCell"/>
                <config key="org.knime.core.data.def.DoubleCell">
                    <entry key="DoubleCell" type="xdouble" value="-0.8765419554402372"/>
                </config>
            </config>
            <config key="upper_bound">
                <entry key="datacell" type="xstring" value="org.knime.core.data.def.DoubleCell"/>
                <config key="org.knime.core.data.def.DoubleCell">
                    <entry key="DoubleCell" type="xdouble" value="2.616243546390324"/>
                </config>
            </config>
        </config>
        <config key="column_properties"/>
        <config key="meta_data"/>
    </config>
    <config key="column_spec_65">
        <entry key="column_name" type="xstring" value="MQN26"/>
        <config key="element_names">
            <entry key="array-size" type="xint" value="0"/>
        </config>
        <config key="column_type">
            <entry key="cell_class" type="xstring" value="org.knime.core.data.def.DoubleCell"/>
        </config>
        <config key="column_domain">
            <config key="lower_bound">
                <entry key="datacell" type="xstring" value="org.knime.core.data.def.DoubleCell"/>
                <config key="org.knime.core.data.def.DoubleCell">
                    <entry key="DoubleCell" type="xdouble" value="-1.947256462488653"/>
                </config>
            </config>
            <config key="upper_bound">
                <entry key="datacell" type="xstring" value="org.knime.core.data.def.DoubleCell"/>
                <config key="org.knime.core.data.def.DoubleCell">
                    <entry key="DoubleCell" type="xdouble" value="2.679060256583867"/>
                </config>
            </config>
        </config>
        <config key="column_properties"/>
        <config key="meta_data"/>
    </config>
    <config key="column_spec_66">
        <entry key="column_name" type="xstring" value="MQN27"/>
        <config key="element_names">
            <entry key="array-size" type="xint" value="0"/>
        </config>
        <config key="column_type">
            <entry key="cell_class" type="xstring" value="org.knime.core.data.def.DoubleCell"/>
        </config>
        <config key="column_domain">
            <config key="lower_bound">
                <entry key="datacell" type="xstring" value="org.knime.core.data.def.DoubleCell"/>
                <config key="org.knime.core.data.def.DoubleCell">
                    <entry key="DoubleCell" type="xdouble" value="-0.851684309451693"/>
                </config>
            </config>
            <config key="upper_bound">
                <entry key="datacell" type="xstring" value="org.knime.core.data.def.DoubleCell"/>
                <config key="org.knime.core.data.def.DoubleCell">
                    <entry key="DoubleCell" type="xdouble" value="2.2295577368220556"/>
                </config>
            </config>
        </config>
        <config key="column_properties"/>
        <config key="meta_data"/>
    </config>
    <config key="column_spec_67">
        <entry key="column_name" type="xstring" value="MQN28"/>
        <config key="element_names">
            <entry key="array-size" type="xint" value="0"/>
        </config>
        <config key="column_type">
            <entry key="cell_class" type="xstring" value="org.knime.core.data.def.DoubleCell"/>
        </config>
        <config key="column_domain">
            <config key="lower_bound">
                <entry key="datacell" type="xstring" value="org.knime.core.data.def.DoubleCell"/>
                <config key="org.knime.core.data.def.DoubleCell">
                    <entry key="DoubleCell" type="xdouble" value="-0.7788880582805643"/>
                </config>
            </config>
            <config key="upper_bound">
                <entry key="datacell" type="xstring" value="org.knime.core.data.def.DoubleCell"/>
                <config key="org.knime.core.data.def.DoubleCell">
                    <entry key="DoubleCell" type="xdouble" value="2.0643256929254115"/>
                </config>
            </config>
        </config>
        <config key="column_properties"/>
        <config key="meta_data"/>
    </config>
    <config key="column_spec_68">
        <entry key="column_name" type="xstring" value="MQN30"/>
        <config key="element_names">
            <entry key="array-size" type="xint" value="0"/>
        </config>
        <config key="column_type">
            <entry key="cell_class" type="xstring" value="org.knime.core.data.def.DoubleCell"/>
        </config>
        <config key="column_domain">
            <config key="lower_bound">
                <entry key="datacell" type="xstring" value="org.knime.core.data.def.DoubleCell"/>
                <config key="org.knime.core.data.def.DoubleCell">
                    <entry key="DoubleCell" type="xdouble" value="-1.0390668574009554"/>
                </config>
            </config>
            <config key="upper_bound">
                <entry key="datacell" type="xstring" value="org.knime.core.data.def.DoubleCell"/>
                <config key="org.knime.core.data.def.DoubleCell">
                    <entry key="DoubleCell" type="xdouble" value="2.557703033602352"/>
                </config>
            </config>
        </config>
        <config key="column_properties"/>
        <config key="meta_data"/>
    </config>
    <config key="column_spec_69">
        <entry key="column_name" type="xstring" value="MQN31"/>
        <config key="element_names">
            <entry key="array-size" type="xint" value="0"/>
        </config>
        <config key="column_type">
            <entry key="cell_class" type="xstring" value="org.knime.core.data.def.DoubleCell"/>
        </config>
        <config key="column_domain">
            <config key="lower_bound">
                <entry key="datacell" type="xstring" value="org.knime.core.data.def.DoubleCell"/>
                <config key="org.knime.core.data.def.DoubleCell">
                    <entry key="DoubleCell" type="xdouble" value="-1.0456182036153325"/>
                </config>
            </config>
            <config key="upper_bound">
                <entry key="datacell" type="xstring" value="org.knime.core.data.def.DoubleCell"/>
                <config key="org.knime.core.data.def.DoubleCell">
                    <entry key="DoubleCell" type="xdouble" value="3.4812643982927556"/>
                </config>
            </config>
        </config>
        <config key="column_properties"/>
        <config key="meta_data"/>
    </config>
    <config key="column_spec_70">
        <entry key="column_name" type="xstring" value="MQN36"/>
        <config key="element_names">
            <entry key="array-size" type="xint" value="0"/>
        </config>
        <config key="column_type">
            <entry key="cell_class" type="xstring" value="org.knime.core.data.def.DoubleCell"/>
        </config>
        <config key="column_domain">
            <config key="lower_bound">
                <entry key="datacell" type="xstring" value="org.knime.core.data.def.DoubleCell"/>
                <config key="org.knime.core.data.def.DoubleCell">
                    <entry key="DoubleCell" type="xdouble" value="-1.119023918116581"/>
                </config>
            </config>
            <config key="upper_bound">
                <entry key="datacell" type="xstring" value="org.knime.core.data.def.DoubleCell"/>
                <config key="org.knime.core.data.def.DoubleCell">
                    <entry key="DoubleCell" type="xdouble" value="2.0214625617589865"/>
                </config>
            </config>
        </config>
        <config key="column_properties"/>
        <config key="meta_data"/>
    </config>
</config>
