<?xml version="1.0" encoding="UTF-8"?>
<config xmlns="http://www.knime.org/2008/09/XMLConfig" xmlns:xsi="http://www.w3.org/2001/XMLSchema-instance" xsi:schemaLocation="http://www.knime.org/2008/09/XMLConfig http://www.knime.org/XMLConfig_2008_09.xsd" key="model.xml">
    <entry key="version" type="xint" value="1"/>
    <entry key="class_name" type="xstring" value="org.knime.base.algorithms.outlier.NumericOutliersPortObject"/>
    <config key="model">
        <entry key="summary" type="xstring" value="Outlier treatment for columns: &quot;Atom count&quot;, &quot;Bond count&quot;, &quot;SlogP&quot;,  ... &lt;118 more&gt;"/>
        <config key="group-col-types">
            <entry key="array-size" type="xint" value="0"/>
        </config>
        <config key="outlier-treatment">
            <entry key="outlier-treatment" type="xstring" value="Replace outlier values"/>
            <entry key="replacement-strategy" type="xstring" value="Closest permitted value"/>
            <entry key="detection-option" type="xstring" value="All outliers"/>
            <entry key="update-domain" type="xboolean" value="false"/>
        </config>
        <config key="permitted intervals">
            <config key="groups">
                <entry key="array-size" type="xint" value="0"/>
            </config>
            <config key="outliers">
                <entry key="array-size" type="xint" value="121"/>
                <entry key="0" type="xstring" value="Atom count"/>
                <entry key="1" type="xstring" value="Bond count"/>
                <entry key="2" type="xstring" value="SlogP"/>
                <entry key="3" type="xstring" value="SMR"/>
                <entry key="4" type="xstring" value="LabuteASA"/>
                <entry key="5" type="xstring" value="TPSA"/>
                <entry key="6" type="xstring" value="AMW"/>
                <entry key="7" type="xstring" value="ExactMW"/>
                <entry key="8" type="xstring" value="NumLipinskiHBA"/>
                <entry key="9" type="xstring" value="NumLipinskiHBD"/>
                <entry key="10" type="xstring" value="NumRotatableBonds"/>
                <entry key="11" type="xstring" value="NumHBD"/>
                <entry key="12" type="xstring" value="NumHBA"/>
                <entry key="13" type="xstring" value="NumAmideBonds"/>
                <entry key="14" type="xstring" value="NumHeteroAtoms"/>
                <entry key="15" type="xstring" value="NumHeavyAtoms"/>
                <entry key="16" type="xstring" value="NumAtoms"/>
                <entry key="17" type="xstring" value="NumStereocenters"/>
                <entry key="18" type="xstring" value="NumUnspecifiedStereocenters"/>
                <entry key="19" type="xstring" value="NumRings"/>
                <entry key="20" type="xstring" value="NumAromaticRings"/>
                <entry key="21" type="xstring" value="NumSaturatedRings"/>
                <entry key="22" type="xstring" value="NumAliphaticRings"/>
                <entry key="23" type="xstring" value="NumAromaticHeterocycles"/>
                <entry key="24" type="xstring" value="NumSaturatedHeterocycles"/>
                <entry key="25" type="xstring" value="NumAliphaticHeterocycles"/>
                <entry key="26" type="xstring" value="NumAromaticCarbocycles"/>
                <entry key="27" type="xstring" value="NumSaturatedCarbocycles"/>
                <entry key="28" type="xstring" value="NumAliphaticCarbocycles"/>
                <entry key="29" type="xstring" value="FractionCSP3"/>
                <entry key="30" type="xstring" value="Chi0v"/>
                <entry key="31" type="xstring" value="Chi1v"/>
                <entry key="32" type="xstring" value="Chi2v"/>
                <entry key="33" type="xstring" value="Chi3v"/>
                <entry key="34" type="xstring" value="Chi4v"/>
                <entry key="35" type="xstring" value="Chi1n"/>
                <entry key="36" type="xstring" value="Chi2n"/>
                <entry key="37" type="xstring" value="Chi3n"/>
                <entry key="38" type="xstring" value="Chi4n"/>
                <entry key="39" type="xstring" value="HallKierAlpha"/>
                <entry key="40" type="xstring" value="kappa1"/>
                <entry key="41" type="xstring" value="kappa2"/>
                <entry key="42" type="xstring" value="kappa3"/>
                <entry key="43" type="xstring" value="slogp_VSA1"/>
                <entry key="44" type="xstring" value="slogp_VSA2"/>
                <entry key="45" type="xstring" value="slogp_VSA3"/>
                <entry key="46" type="xstring" value="slogp_VSA4"/>
                <entry key="47" type="xstring" value="slogp_VSA5"/>
                <entry key="48" type="xstring" value="slogp_VSA6"/>
                <entry key="49" type="xstring" value="slogp_VSA7"/>
                <entry key="50" type="xstring" value="slogp_VSA8"/>
                <entry key="51" type="xstring" value="slogp_VSA9"/>
                <entry key="52" type="xstring" value="slogp_VSA10"/>
                <entry key="53" type="xstring" value="slogp_VSA11"/>
                <entry key="54" type="xstring" value="slogp_VSA12"/>
                <entry key="55" type="xstring" value="smr_VSA1"/>
                <entry key="56" type="xstring" value="smr_VSA2"/>
                <entry key="57" type="xstring" value="smr_VSA3"/>
                <entry key="58" type="xstring" value="smr_VSA4"/>
                <entry key="59" type="xstring" value="smr_VSA5"/>
                <entry key="60" type="xstring" value="smr_VSA6"/>
                <entry key="61" type="xstring" value="smr_VSA7"/>
                <entry key="62" type="xstring" value="smr_VSA8"/>
                <entry key="63" type="xstring" value="smr_VSA9"/>
                <entry key="64" type="xstring" value="smr_VSA10"/>
                <entry key="65" type="xstring" value="peoe_VSA1"/>
                <entry key="66" type="xstring" value="peoe_VSA2"/>
                <entry key="67" type="xstring" value="peoe_VSA3"/>
                <entry key="68" type="xstring" value="peoe_VSA4"/>
                <entry key="69" type="xstring" value="peoe_VSA5"/>
                <entry key="70" type="xstring" value="peoe_VSA6"/>
                <entry key="71" type="xstring" value="peoe_VSA7"/>
                <entry key="72" type="xstring" value="peoe_VSA8"/>
                <entry key="73" type="xstring" value="peoe_VSA9"/>
                <entry key="74" type="xstring" value="peoe_VSA10"/>
                <entry key="75" type="xstring" value="peoe_VSA11"/>
                <entry key="76" type="xstring" value="peoe_VSA12"/>
                <entry key="77" type="xstring" value="peoe_VSA13"/>
                <entry key="78" type="xstring" value="peoe_VSA14"/>
                <entry key="79" type="xstring" value="MQN1"/>
                <entry key="80" type="xstring" value="MQN2"/>
                <entry key="81" type="xstring" value="MQN3"/>
                <entry key="82" type="xstring" value="MQN4"/>
                <entry key="83" type="xstring" value="MQN5"/>
                <entry key="84" type="xstring" value="MQN6"/>
                <entry key="85" type="xstring" value="MQN7"/>
                <entry key="86" type="xstring" value="MQN8"/>
                <entry key="87" type="xstring" value="MQN9"/>
                <entry key="88" type="xstring" value="MQN10"/>
                <entry key="89" type="xstring" value="MQN11"/>
                <entry key="90" type="xstring" value="MQN12"/>
                <entry key="91" type="xstring" value="MQN13"/>
                <entry key="92" type="xstring" value="MQN14"/>
                <entry key="93" type="xstring" value="MQN15"/>
                <entry key="94" type="xstring" value="MQN16"/>
                <entry key="95" type="xstring" value="MQN17"/>
                <entry key="96" type="xstring" value="MQN18"/>
                <entry key="97" type="xstring" value="MQN19"/>
                <entry key="98" type="xstring" value="MQN20"/>
                <entry key="99" type="xstring" value="MQN21"/>
                <entry key="100" type="xstring" value="MQN22"/>
                <entry key="101" type="xstring" value="MQN23"/>
                <entry key="102" type="xstring" value="MQN24"/>
                <entry key="103" type="xstring" value="MQN25"/>
                <entry key="104" type="xstring" value="MQN26"/>
                <entry key="105" type="xstring" value="MQN27"/>
                <entry key="106" type="xstring" value="MQN28"/>
                <entry key="107" type="xstring" value="MQN29"/>
                <entry key="108" type="xstring" value="MQN30"/>
                <entry key="109" type="xstring" value="MQN31"/>
                <entry key="110" type="xstring" value="MQN32"/>
                <entry key="111" type="xstring" value="MQN33"/>
                <entry key="112" type="xstring" value="MQN34"/>
                <entry key="113" type="xstring" value="MQN35"/>
                <entry key="114" type="xstring" value="MQN36"/>
                <entry key="115" type="xstring" value="MQN37"/>
                <entry key="116" type="xstring" value="MQN38"/>
                <entry key="117" type="xstring" value="MQN39"/>
                <entry key="118" type="xstring" value="MQN40"/>
                <entry key="119" type="xstring" value="MQN41"/>
                <entry key="120" type="xstring" value="MQN42"/>
            </config>
            <config key="data">
                <config key="row0">
                    <config key="key">
                        <config key="group-key">
                            <entry key="array-size" type="xint" value="0"/>
                        </config>
                    </config>
                    <config key="interval-columns">
                        <config key="interval0">
                            <entry key="outlier" type="xstring" value="smr_VSA6"/>
                            <config key="interval">
                                <entry key="array-size" type="xint" value="2"/>
                                <entry key="0" type="xdouble" value="-9.910322946769377"/>
                                <entry key="1" type="xdouble" value="16.517204911282295"/>
                            </config>
                        </config>
                        <config key="interval1">
                            <entry key="outlier" type="xstring" value="NumAromaticRings"/>
                            <config key="interval">
                                <entry key="array-size" type="xint" value="2"/>
                                <entry key="0" type="xdouble" value="-1.5"/>
                                <entry key="1" type="xdouble" value="2.5"/>
                            </config>
                        </config>
                        <config key="interval2">
                            <entry key="outlier" type="xstring" value="Chi1n"/>
                            <config key="interval">
                                <entry key="array-size" type="xint" value="2"/>
                                <entry key="0" type="xdouble" value="-0.23733702071796214"/>
                                <entry key="1" type="xdouble" value="6.856482343744595"/>
                            </config>
                        </config>
                        <config key="interval3">
                            <entry key="outlier" type="xstring" value="smr_VSA5"/>
                            <config key="interval">
                                <entry key="array-size" type="xint" value="2"/>
                                <entry key="0" type="xdouble" value="-39.27930310270298"/>
                                <entry key="1" type="xdouble" value="65.46550517117163"/>
                            </config>
                        </config>
                        <config key="interval4">
                            <entry key="outlier" type="xstring" value="smr_VSA8"/>
                            <config key="interval">
                                <entry key="array-size" type="xint" value="2"/>
                                <entry key="0" type="xdouble" value="0.0"/>
                                <entry key="1" type="xdouble" value="0.0"/>
                            </config>
                        </config>
                        <config key="interval5">
                            <entry key="outlier" type="xstring" value="smr_VSA7"/>
                            <config key="interval">
                                <entry key="array-size" type="xint" value="2"/>
                                <entry key="0" type="xdouble" value="-51.46610235199364"/>
                                <entry key="1" type="xdouble" value="85.77683725332273"/>
                            </config>
                        </config>
                        <config key="interval6">
                            <entry key="outlier" type="xstring" value="smr_VSA9"/>
                            <config key="interval">
                                <entry key="array-size" type="xint" value="2"/>
                                <entry key="0" type="xdouble" value="-8.624267749925858"/>
                                <entry key="1" type="xdouble" value="14.373779583209764"/>
                            </config>
                        </config>
                        <config key="interval7">
                            <entry key="outlier" type="xstring" value="NumAmideBonds"/>
                            <config key="interval">
                                <entry key="array-size" type="xint" value="2"/>
                                <entry key="0" type="xdouble" value="0.0"/>
                                <entry key="1" type="xdouble" value="0.0"/>
                            </config>
                        </config>
                        <config key="interval8">
                            <entry key="outlier" type="xstring" value="peoe_VSA11"/>
                            <config key="interval">
                                <entry key="array-size" type="xint" value="2"/>
                                <entry key="0" type="xdouble" value="0.0"/>
                                <entry key="1" type="xdouble" value="0.0"/>
                            </config>
                        </config>
                        <config key="interval9">
                            <entry key="outlier" type="xstring" value="Chi1v"/>
                            <config key="interval">
                                <entry key="array-size" type="xint" value="2"/>
                                <entry key="0" type="xdouble" value="-0.012199773618813747"/>
                                <entry key="1" type="xdouble" value="7.106590125342535"/>
                            </config>
                        </config>
                        <config key="interval10">
                            <entry key="outlier" type="xstring" value="peoe_VSA12"/>
                            <config key="interval">
                                <entry key="array-size" type="xint" value="2"/>
                                <entry key="0" type="xdouble" value="0.0"/>
                                <entry key="1" type="xdouble" value="0.0"/>
                            </config>
                        </config>
                        <config key="interval11">
                            <entry key="outlier" type="xstring" value="peoe_VSA13"/>
                            <config key="interval">
                                <entry key="array-size" type="xint" value="2"/>
                                <entry key="0" type="xdouble" value="0.0"/>
                                <entry key="1" type="xdouble" value="0.0"/>
                            </config>
                        </config>
                        <config key="interval12">
                            <entry key="outlier" type="xstring" value="peoe_VSA14"/>
                            <config key="interval">
                                <entry key="array-size" type="xint" value="2"/>
                                <entry key="0" type="xdouble" value="0.0"/>
                                <entry key="1" type="xdouble" value="0.0"/>
                            </config>
                        </config>
                        <config key="interval13">
                            <entry key="outlier" type="xstring" value="smr_VSA2"/>
                            <config key="interval">
                                <entry key="array-size" type="xint" value="2"/>
                                <entry key="0" type="xdouble" value="0.0"/>
                                <entry key="1" type="xdouble" value="0.0"/>
                            </config>
                        </config>
                        <config key="interval14">
                            <entry key="outlier" type="xstring" value="smr_VSA1"/>
                            <config key="interval">
                                <entry key="array-size" type="xint" value="2"/>
                                <entry key="0" type="xdouble" value="-14.297100206807805"/>
                                <entry key="1" type="xdouble" value="23.828500344679675"/>
                            </config>
                        </config>
                        <config key="interval15">
                            <entry key="outlier" type="xstring" value="smr_VSA4"/>
                            <config key="interval">
                                <entry key="array-size" type="xint" value="2"/>
                                <entry key="0" type="xdouble" value="0.0"/>
                                <entry key="1" type="xdouble" value="0.0"/>
                            </config>
                        </config>
                        <config key="interval16">
                            <entry key="outlier" type="xstring" value="smr_VSA3"/>
                            <config key="interval">
                                <entry key="array-size" type="xint" value="2"/>
                                <entry key="0" type="xdouble" value="0.0"/>
                                <entry key="1" type="xdouble" value="0.0"/>
                            </config>
                        </config>
                        <config key="interval17">
                            <entry key="outlier" type="xstring" value="slogp_VSA11"/>
                            <config key="interval">
                                <entry key="array-size" type="xint" value="2"/>
                                <entry key="0" type="xdouble" value="0.0"/>
                                <entry key="1" type="xdouble" value="0.0"/>
                            </config>
                        </config>
                        <config key="interval18">
                            <entry key="outlier" type="xstring" value="slogp_VSA12"/>
                            <config key="interval">
                                <entry key="array-size" type="xint" value="2"/>
                                <entry key="0" type="xdouble" value="-17.401409835348773"/>
                                <entry key="1" type="xdouble" value="29.00234972558129"/>
                            </config>
                        </config>
                        <config key="interval19">
                            <entry key="outlier" type="xstring" value="slogp_VSA10"/>
                            <config key="interval">
                                <entry key="array-size" type="xint" value="2"/>
                                <entry key="0" type="xdouble" value="0.0"/>
                                <entry key="1" type="xdouble" value="0.0"/>
                            </config>
                        </config>
                        <config key="interval20">
                            <entry key="outlier" type="xstring" value="HallKierAlpha"/>
                            <config key="interval">
                                <entry key="array-size" type="xint" value="2"/>
                                <entry key="0" type="xdouble" value="-3.1899999999999995"/>
                                <entry key="1" type="xdouble" value="1.8499999999999996"/>
                            </config>
                        </config>
                        <config key="interval21">
                            <entry key="outlier" type="xstring" value="peoe_VSA10"/>
                            <config key="interval">
                                <entry key="array-size" type="xint" value="2"/>
                                <entry key="0" type="xdouble" value="-8.624267749925858"/>
                                <entry key="1" type="xdouble" value="14.373779583209764"/>
                            </config>
                        </config>
                        <config key="interval22">
                            <entry key="outlier" type="xstring" value="NumHeavyAtoms"/>
                            <config key="interval">
                                <entry key="array-size" type="xint" value="2"/>
                                <entry key="0" type="xdouble" value="2.0"/>
                                <entry key="1" type="xdouble" value="18.0"/>
                            </config>
                        </config>
                        <config key="interval23">
                            <entry key="outlier" type="xstring" value="Bond count"/>
                            <config key="interval">
                                <entry key="array-size" type="xint" value="2"/>
                                <entry key="0" type="xdouble" value="-2.5"/>
                                <entry key="1" type="xdouble" value="41.5"/>
                            </config>
                        </config>
                        <config key="interval24">
                            <entry key="outlier" type="xstring" value="NumLipinskiHBA"/>
                            <config key="interval">
                                <entry key="array-size" type="xint" value="2"/>
                                <entry key="0" type="xdouble" value="-0.5"/>
                                <entry key="1" type="xdouble" value="3.5"/>
                            </config>
                        </config>
                        <config key="interval25">
                            <entry key="outlier" type="xstring" value="NumLipinskiHBD"/>
                            <config key="interval">
                                <entry key="array-size" type="xint" value="2"/>
                                <entry key="0" type="xdouble" value="-1.5"/>
                                <entry key="1" type="xdouble" value="2.5"/>
                            </config>
                        </config>
                        <config key="interval26">
                            <entry key="outlier" type="xstring" value="NumHeteroAtoms"/>
                            <config key="interval">
                                <entry key="array-size" type="xint" value="2"/>
                                <entry key="0" type="xdouble" value="-3.5"/>
                                <entry key="1" type="xdouble" value="8.5"/>
                            </config>
                        </config>
                        <config key="interval27">
                            <entry key="outlier" type="xstring" value="Chi0v"/>
                            <config key="interval">
                                <entry key="array-size" type="xint" value="2"/>
                                <entry key="0" type="xdouble" value="0.8659576654820871"/>
                                <entry key="1" type="xdouble" value="12.128923201287522"/>
                            </config>
                        </config>
                        <config key="interval28">
                            <entry key="outlier" type="xstring" value="Atom count"/>
                            <config key="interval">
                                <entry key="array-size" type="xint" value="2"/>
                                <entry key="0" type="xdouble" value="-1.5"/>
                                <entry key="1" type="xdouble" value="42.5"/>
                            </config>
                        </config>
                        <config key="interval29">
                            <entry key="outlier" type="xstring" value="SMR"/>
                            <config key="interval">
                                <entry key="array-size" type="xint" value="2"/>
                                <entry key="0" type="xdouble" value="3.927449999999979"/>
                                <entry key="1" type="xdouble" value="79.08625000000002"/>
                            </config>
                        </config>
                        <config key="interval30">
                            <entry key="outlier" type="xstring" value="NumRotatableBonds"/>
                            <config key="interval">
                                <entry key="array-size" type="xint" value="2"/>
                                <entry key="0" type="xdouble" value="-4.5"/>
                                <entry key="1" type="xdouble" value="7.5"/>
                            </config>
                        </config>
                        <config key="interval31">
                            <entry key="outlier" type="xstring" value="MQN41"/>
                            <config key="interval">
                                <entry key="array-size" type="xint" value="2"/>
                                <entry key="0" type="xdouble" value="0.0"/>
                                <entry key="1" type="xdouble" value="0.0"/>
                            </config>
                        </config>
                        <config key="interval32">
                            <entry key="outlier" type="xstring" value="MQN40"/>
                            <config key="interval">
                                <entry key="array-size" type="xint" value="2"/>
                                <entry key="0" type="xdouble" value="0.0"/>
                                <entry key="1" type="xdouble" value="0.0"/>
                            </config>
                        </config>
                        <config key="interval33">
                            <entry key="outlier" type="xstring" value="MQN42"/>
                            <config key="interval">
                                <entry key="array-size" type="xint" value="2"/>
                                <entry key="0" type="xdouble" value="0.0"/>
                                <entry key="1" type="xdouble" value="0.0"/>
                            </config>
                        </config>
                        <config key="interval34">
                            <entry key="outlier" type="xstring" value="NumAliphaticCarbocycles"/>
                            <config key="interval">
                                <entry key="array-size" type="xint" value="2"/>
                                <entry key="0" type="xdouble" value="0.0"/>
                                <entry key="1" type="xdouble" value="0.0"/>
                            </config>
                        </config>
                        <config key="interval35">
                            <entry key="outlier" type="xstring" value="NumStereocenters"/>
                            <config key="interval">
                                <entry key="array-size" type="xint" value="2"/>
                                <entry key="0" type="xdouble" value="0.0"/>
                                <entry key="1" type="xdouble" value="0.0"/>
                            </config>
                        </config>
                        <config key="interval36">
                            <entry key="outlier" type="xstring" value="NumSaturatedHeterocycles"/>
                            <config key="interval">
                                <entry key="array-size" type="xint" value="2"/>
                                <entry key="0" type="xdouble" value="0.0"/>
                                <entry key="1" type="xdouble" value="0.0"/>
                            </config>
                        </config>
                        <config key="interval37">
                            <entry key="outlier" type="xstring" value="NumAliphaticRings"/>
                            <config key="interval">
                                <entry key="array-size" type="xint" value="2"/>
                                <entry key="0" type="xdouble" value="0.0"/>
                                <entry key="1" type="xdouble" value="0.0"/>
                            </config>
                        </config>
                        <config key="interval38">
                            <entry key="outlier" type="xstring" value="MQN1"/>
                            <config key="interval">
                                <entry key="array-size" type="xint" value="2"/>
                                <entry key="0" type="xdouble" value="0.0"/>
                                <entry key="1" type="xdouble" value="16.0"/>
                            </config>
                        </config>
                        <config key="interval39">
                            <entry key="outlier" type="xstring" value="kappa1"/>
                            <config key="interval">
                                <entry key="array-size" type="xint" value="2"/>
                                <entry key="0" type="xdouble" value="0.36742625525091643"/>
                                <entry key="1" type="xdouble" value="15.248628875519573"/>
                            </config>
                        </config>
                        <config key="interval40">
                            <entry key="outlier" type="xstring" value="MQN30"/>
                            <config key="interval">
                                <entry key="array-size" type="xint" value="2"/>
                                <entry key="0" type="xdouble" value="-6.0"/>
                                <entry key="1" type="xdouble" value="10.0"/>
                            </config>
                        </config>
                        <config key="interval41">
                            <entry key="outlier" type="xstring" value="kappa2"/>
                            <config key="interval">
                                <entry key="array-size" type="xint" value="2"/>
                                <entry key="0" type="xdouble" value="-1.0497582228501905"/>
                                <entry key="1" type="xdouble" value="8.129856302221743"/>
                            </config>
                        </config>
                        <config key="interval42">
                            <entry key="outlier" type="xstring" value="LabuteASA"/>
                            <config key="interval">
                                <entry key="array-size" type="xint" value="2"/>
                                <entry key="0" type="xdouble" value="7.05206793749182"/>
                                <entry key="1" type="xdouble" value="121.15063058248225"/>
                            </config>
                        </config>
                        <config key="interval43">
                            <entry key="outlier" type="xstring" value="MQN6"/>
                            <config key="interval">
                                <entry key="array-size" type="xint" value="2"/>
                                <entry key="0" type="xdouble" value="0.0"/>
                                <entry key="1" type="xdouble" value="0.0"/>
                            </config>
                        </config>
                        <config key="interval44">
                            <entry key="outlier" type="xstring" value="MQN34"/>
                            <config key="interval">
                                <entry key="array-size" type="xint" value="2"/>
                                <entry key="0" type="xdouble" value="0.0"/>
                                <entry key="1" type="xdouble" value="0.0"/>
                            </config>
                        </config>
                        <config key="interval45">
                            <entry key="outlier" type="xstring" value="MQN7"/>
                            <config key="interval">
                                <entry key="array-size" type="xint" value="2"/>
                                <entry key="0" type="xdouble" value="0.0"/>
                                <entry key="1" type="xdouble" value="0.0"/>
                            </config>
                        </config>
                        <config key="interval46">
                            <entry key="outlier" type="xstring" value="MQN33"/>
                            <config key="interval">
                                <entry key="array-size" type="xint" value="2"/>
                                <entry key="0" type="xdouble" value="0.0"/>
                                <entry key="1" type="xdouble" value="0.0"/>
                            </config>
                        </config>
                        <config key="interval47">
                            <entry key="outlier" type="xstring" value="kappa3"/>
                            <config key="interval">
                                <entry key="array-size" type="xint" value="2"/>
                                <entry key="0" type="xdouble" value="-2.298155770237912"/>
                                <entry key="1" type="xdouble" value="7.714893462142747"/>
                            </config>
                        </config>
                        <config key="interval48">
                            <entry key="outlier" type="xstring" value="MQN8"/>
                            <config key="interval">
                                <entry key="array-size" type="xint" value="2"/>
                                <entry key="0" type="xdouble" value="-1.5"/>
                                <entry key="1" type="xdouble" value="2.5"/>
                            </config>
                        </config>
                        <config key="interval49">
                            <entry key="outlier" type="xstring" value="MQN32"/>
                            <config key="interval">
                                <entry key="array-size" type="xint" value="2"/>
                                <entry key="0" type="xdouble" value="0.0"/>
                                <entry key="1" type="xdouble" value="0.0"/>
                            </config>
                        </config>
                        <config key="interval50">
                            <entry key="outlier" type="xstring" value="MQN9"/>
                            <config key="interval">
                                <entry key="array-size" type="xint" value="2"/>
                                <entry key="0" type="xdouble" value="0.0"/>
                                <entry key="1" type="xdouble" value="0.0"/>
                            </config>
                        </config>
                        <config key="interval51">
                            <entry key="outlier" type="xstring" value="MQN31"/>
                            <config key="interval">
                                <entry key="array-size" type="xint" value="2"/>
                                <entry key="0" type="xdouble" value="-4.5"/>
                                <entry key="1" type="xdouble" value="7.5"/>
                            </config>
                        </config>
                        <config key="interval52">
                            <entry key="outlier" type="xstring" value="MQN2"/>
                            <config key="interval">
                                <entry key="array-size" type="xint" value="2"/>
                                <entry key="0" type="xdouble" value="0.0"/>
                                <entry key="1" type="xdouble" value="0.0"/>
                            </config>
                        </config>
                        <config key="interval53">
                            <entry key="outlier" type="xstring" value="MQN38"/>
                            <config key="interval">
                                <entry key="array-size" type="xint" value="2"/>
                                <entry key="0" type="xdouble" value="0.0"/>
                                <entry key="1" type="xdouble" value="0.0"/>
                            </config>
                        </config>
                        <config key="interval54">
                            <entry key="outlier" type="xstring" value="MQN3"/>
                            <config key="interval">
                                <entry key="array-size" type="xint" value="2"/>
                                <entry key="0" type="xdouble" value="0.0"/>
                                <entry key="1" type="xdouble" value="0.0"/>
                            </config>
                        </config>
                        <config key="interval55">
                            <entry key="outlier" type="xstring" value="MQN37"/>
                            <config key="interval">
                                <entry key="array-size" type="xint" value="2"/>
                                <entry key="0" type="xdouble" value="0.0"/>
                                <entry key="1" type="xdouble" value="0.0"/>
                            </config>
                        </config>
                        <config key="interval56">
                            <entry key="outlier" type="xstring" value="MQN4"/>
                            <config key="interval">
                                <entry key="array-size" type="xint" value="2"/>
                                <entry key="0" type="xdouble" value="0.0"/>
                                <entry key="1" type="xdouble" value="0.0"/>
                            </config>
                        </config>
                        <config key="interval57">
                            <entry key="outlier" type="xstring" value="MQN36"/>
                            <config key="interval">
                                <entry key="array-size" type="xint" value="2"/>
                                <entry key="0" type="xdouble" value="-1.5"/>
                                <entry key="1" type="xdouble" value="2.5"/>
                            </config>
                        </config>
                        <config key="interval58">
                            <entry key="outlier" type="xstring" value="MQN5"/>
                            <config key="interval">
                                <entry key="array-size" type="xint" value="2"/>
                                <entry key="0" type="xdouble" value="0.0"/>
                                <entry key="1" type="xdouble" value="0.0"/>
                            </config>
                        </config>
                        <config key="interval59">
                            <entry key="outlier" type="xstring" value="MQN35"/>
                            <config key="interval">
                                <entry key="array-size" type="xint" value="2"/>
                                <entry key="0" type="xdouble" value="0.0"/>
                                <entry key="1" type="xdouble" value="0.0"/>
                            </config>
                        </config>
                        <config key="interval60">
                            <entry key="outlier" type="xstring" value="MQN39"/>
                            <config key="interval">
                                <entry key="array-size" type="xint" value="2"/>
                                <entry key="0" type="xdouble" value="0.0"/>
                                <entry key="1" type="xdouble" value="0.0"/>
                            </config>
                        </config>
                        <config key="interval61">
                            <entry key="outlier" type="xstring" value="NumAromaticCarbocycles"/>
                            <config key="interval">
                                <entry key="array-size" type="xint" value="2"/>
                                <entry key="0" type="xdouble" value="-1.5"/>
                                <entry key="1" type="xdouble" value="2.5"/>
                            </config>
                        </config>
                        <config key="interval62">
                            <entry key="outlier" type="xstring" value="MQN23"/>
                            <config key="interval">
                                <entry key="array-size" type="xint" value="2"/>
                                <entry key="0" type="xdouble" value="-1.5"/>
                                <entry key="1" type="xdouble" value="2.5"/>
                            </config>
                        </config>
                        <config key="interval63">
                            <entry key="outlier" type="xstring" value="MQN22"/>
                            <config key="interval">
                                <entry key="array-size" type="xint" value="2"/>
                                <entry key="0" type="xdouble" value="-1.5"/>
                                <entry key="1" type="xdouble" value="2.5"/>
                            </config>
                        </config>
                        <config key="interval64">
                            <entry key="outlier" type="xstring" value="MQN21"/>
                            <config key="interval">
                                <entry key="array-size" type="xint" value="2"/>
                                <entry key="0" type="xdouble" value="-0.5"/>
                                <entry key="1" type="xdouble" value="3.5"/>
                            </config>
                        </config>
                        <config key="interval65">
                            <entry key="outlier" type="xstring" value="MQN20"/>
                            <config key="interval">
                                <entry key="array-size" type="xint" value="2"/>
                                <entry key="0" type="xdouble" value="-3.5"/>
                                <entry key="1" type="xdouble" value="8.5"/>
                            </config>
                        </config>
                        <config key="interval66">
                            <entry key="outlier" type="xstring" value="slogp_VSA2"/>
                            <config key="interval">
                                <entry key="array-size" type="xint" value="2"/>
                                <entry key="0" type="xdouble" value="-6.097962391595386"/>
                                <entry key="1" type="xdouble" value="23.78067703890086"/>
                            </config>
                        </config>
                        <config key="interval67">
                            <entry key="outlier" type="xstring" value="MQN27"/>
                            <config key="interval">
                                <entry key="array-size" type="xint" value="2"/>
                                <entry key="0" type="xdouble" value="-4.5"/>
                                <entry key="1" type="xdouble" value="7.5"/>
                            </config>
                        </config>
                        <config key="interval68">
                            <entry key="outlier" type="xstring" value="slogp_VSA3"/>
                            <config key="interval">
                                <entry key="array-size" type="xint" value="2"/>
                                <entry key="0" type="xdouble" value="-7.191805776107733"/>
                                <entry key="1" type="xdouble" value="11.986342960179556"/>
                            </config>
                        </config>
                        <config key="interval69">
                            <entry key="outlier" type="xstring" value="MQN26"/>
                            <config key="interval">
                                <entry key="array-size" type="xint" value="2"/>
                                <entry key="0" type="xdouble" value="-1.0"/>
                                <entry key="1" type="xdouble" value="7.0"/>
                            </config>
                        </config>
                        <config key="interval70">
                            <entry key="outlier" type="xstring" value="MQN25"/>
                            <config key="interval">
                                <entry key="array-size" type="xint" value="2"/>
                                <entry key="0" type="xdouble" value="0.0"/>
                                <entry key="1" type="xdouble" value="0.0"/>
                            </config>
                        </config>
                        <config key="interval71">
                            <entry key="outlier" type="xstring" value="slogp_VSA1"/>
                            <config key="interval">
                                <entry key="array-size" type="xint" value="2"/>
                                <entry key="0" type="xdouble" value="-7.105294430700074"/>
                                <entry key="1" type="xdouble" value="11.842157384500123"/>
                            </config>
                        </config>
                        <config key="interval72">
                            <entry key="outlier" type="xstring" value="MQN24"/>
                            <config key="interval">
                                <entry key="array-size" type="xint" value="2"/>
                                <entry key="0" type="xdouble" value="0.0"/>
                                <entry key="1" type="xdouble" value="0.0"/>
                            </config>
                        </config>
                        <config key="interval73">
                            <entry key="outlier" type="xstring" value="ExactMW"/>
                            <config key="interval">
                                <entry key="array-size" type="xint" value="2"/>
                                <entry key="0" type="xdouble" value="2.01175874700003"/>
                                <entry key="1" type="xdouble" value="306.15516707499995"/>
                            </config>
                        </config>
                        <config key="interval74">
                            <entry key="outlier" type="xstring" value="slogp_VSA6"/>
                            <config key="interval">
                                <entry key="array-size" type="xint" value="2"/>
                                <entry key="0" type="xdouble" value="-36.39820241076966"/>
                                <entry key="1" type="xdouble" value="60.66367068461611"/>
                            </config>
                        </config>
                        <config key="interval75">
                            <entry key="outlier" type="xstring" value="peoe_VSA7"/>
                            <config key="interval">
                                <entry key="array-size" type="xint" value="2"/>
                                <entry key="0" type="xdouble" value="-18.866167878092778"/>
                                <entry key="1" type="xdouble" value="49.90691232932963"/>
                            </config>
                        </config>
                        <config key="interval76">
                            <entry key="outlier" type="xstring" value="slogp_VSA7"/>
                            <config key="interval">
                                <entry key="array-size" type="xint" value="2"/>
                                <entry key="0" type="xdouble" value="0.0"/>
                                <entry key="1" type="xdouble" value="0.0"/>
                            </config>
                        </config>
                        <config key="interval77">
                            <entry key="outlier" type="xstring" value="peoe_VSA6"/>
                            <config key="interval">
                                <entry key="array-size" type="xint" value="2"/>
                                <entry key="0" type="xdouble" value="-48.91053553709199"/>
                                <entry key="1" type="xdouble" value="81.51755922848665"/>
                            </config>
                        </config>
                        <config key="interval78">
                            <entry key="outlier" type="xstring" value="slogp_VSA4"/>
                            <config key="interval">
                                <entry key="array-size" type="xint" value="2"/>
                                <entry key="0" type="xdouble" value="-8.87685906924209"/>
                                <entry key="1" type="xdouble" value="14.794765115403484"/>
                            </config>
                        </config>
                        <config key="interval79">
                            <entry key="outlier" type="xstring" value="peoe_VSA5"/>
                            <config key="interval">
                                <entry key="array-size" type="xint" value="2"/>
                                <entry key="0" type="xdouble" value="0.0"/>
                                <entry key="1" type="xdouble" value="0.0"/>
                            </config>
                        </config>
                        <config key="interval80">
                            <entry key="outlier" type="xstring" value="MQN29"/>
                            <config key="interval">
                                <entry key="array-size" type="xint" value="2"/>
                                <entry key="0" type="xdouble" value="0.0"/>
                                <entry key="1" type="xdouble" value="0.0"/>
                            </config>
                        </config>
                        <config key="interval81">
                            <entry key="outlier" type="xstring" value="slogp_VSA5"/>
                            <config key="interval">
                                <entry key="array-size" type="xint" value="2"/>
                                <entry key="0" type="xdouble" value="-23.130746763324634"/>
                                <entry key="1" type="xdouble" value="53.38711525006637"/>
                            </config>
                        </config>
                        <config key="interval82">
                            <entry key="outlier" type="xstring" value="peoe_VSA4"/>
                            <config key="interval">
                                <entry key="array-size" type="xint" value="2"/>
                                <entry key="0" type="xdouble" value="0.0"/>
                                <entry key="1" type="xdouble" value="0.0"/>
                            </config>
                        </config>
                        <config key="interval83">
                            <entry key="outlier" type="xstring" value="MQN28"/>
                            <config key="interval">
                                <entry key="array-size" type="xint" value="2"/>
                                <entry key="0" type="xdouble" value="-1.5"/>
                                <entry key="1" type="xdouble" value="2.5"/>
                            </config>
                        </config>
                        <config key="interval84">
                            <entry key="outlier" type="xstring" value="peoe_VSA3"/>
                            <config key="interval">
                                <entry key="array-size" type="xint" value="2"/>
                                <entry key="0" type="xdouble" value="0.0"/>
                                <entry key="1" type="xdouble" value="0.0"/>
                            </config>
                        </config>
                        <config key="interval85">
                            <entry key="outlier" type="xstring" value="peoe_VSA2"/>
                            <config key="interval">
                                <entry key="array-size" type="xint" value="2"/>
                                <entry key="0" type="xdouble" value="-7.191805776107733"/>
                                <entry key="1" type="xdouble" value="11.986342960179556"/>
                            </config>
                        </config>
                        <config key="interval86">
                            <entry key="outlier" type="xstring" value="slogp_VSA8"/>
                            <config key="interval">
                                <entry key="array-size" type="xint" value="2"/>
                                <entry key="0" type="xdouble" value="0.0"/>
                                <entry key="1" type="xdouble" value="0.0"/>
                            </config>
                        </config>
                        <config key="interval87">
                            <entry key="outlier" type="xstring" value="peoe_VSA1"/>
                            <config key="interval">
                                <entry key="array-size" type="xint" value="2"/>
                                <entry key="0" type="xdouble" value="-8.600501215743277"/>
                                <entry key="1" type="xdouble" value="14.334168692905461"/>
                            </config>
                        </config>
                        <config key="interval88">
                            <entry key="outlier" type="xstring" value="slogp_VSA9"/>
                            <config key="interval">
                                <entry key="array-size" type="xint" value="2"/>
                                <entry key="0" type="xdouble" value="0.0"/>
                                <entry key="1" type="xdouble" value="0.0"/>
                            </config>
                        </config>
                        <config key="interval89">
                            <entry key="outlier" type="xstring" value="SlogP"/>
                            <config key="interval">
                                <entry key="array-size" type="xint" value="2"/>
                                <entry key="0" type="xdouble" value="-1.2615000000000014"/>
                                <entry key="1" type="xdouble" value="5.520900000000003"/>
                            </config>
                        </config>
                        <config key="interval90">
                            <entry key="outlier" type="xstring" value="NumSaturatedCarbocycles"/>
                            <config key="interval">
                                <entry key="array-size" type="xint" value="2"/>
                                <entry key="0" type="xdouble" value="0.0"/>
                                <entry key="1" type="xdouble" value="0.0"/>
                            </config>
                        </config>
                        <config key="interval91">
                            <entry key="outlier" type="xstring" value="peoe_VSA9"/>
                            <config key="interval">
                                <entry key="array-size" type="xint" value="2"/>
                                <entry key="0" type="xdouble" value="-12.313742415396966"/>
                                <entry key="1" type="xdouble" value="20.52290402566161"/>
                            </config>
                        </config>
                        <config key="interval92">
                            <entry key="outlier" type="xstring" value="peoe_VSA8"/>
                            <config key="interval">
                                <entry key="array-size" type="xint" value="2"/>
                                <entry key="0" type="xdouble" value="-17.44472784023791"/>
                                <entry key="1" type="xdouble" value="29.074546400396514"/>
                            </config>
                        </config>
                        <config key="interval93">
                            <entry key="outlier" type="xstring" value="Chi4v"/>
                            <config key="interval">
                                <entry key="array-size" type="xint" value="2"/>
                                <entry key="0" type="xdouble" value="-0.6778340891259046"/>
                                <entry key="1" type="xdouble" value="2.564306672386513"/>
                            </config>
                        </config>
                        <config key="interval94">
                            <entry key="outlier" type="xstring" value="MQN12"/>
                            <config key="interval">
                                <entry key="array-size" type="xint" value="2"/>
                                <entry key="0" type="xdouble" value="2.0"/>
                                <entry key="1" type="xdouble" value="18.0"/>
                            </config>
                        </config>
                        <config key="interval95">
                            <entry key="outlier" type="xstring" value="MQN11"/>
                            <config key="interval">
                                <entry key="array-size" type="xint" value="2"/>
                                <entry key="0" type="xdouble" value="0.0"/>
                                <entry key="1" type="xdouble" value="0.0"/>
                            </config>
                        </config>
                        <config key="interval96">
                            <entry key="outlier" type="xstring" value="MQN10"/>
                            <config key="interval">
                                <entry key="array-size" type="xint" value="2"/>
                                <entry key="0" type="xdouble" value="-3.0"/>
                                <entry key="1" type="xdouble" value="5.0"/>
                            </config>
                        </config>
                        <config key="interval97">
                            <entry key="outlier" type="xstring" value="AMW"/>
                            <config key="interval">
                                <entry key="array-size" type="xint" value="2"/>
                                <entry key="0" type="xdouble" value="0.7272499999999553"/>
                                <entry key="1" type="xdouble" value="308.48925"/>
                            </config>
                        </config>
                        <config key="interval98">
                            <entry key="outlier" type="xstring" value="MQN16"/>
                            <config key="interval">
                                <entry key="array-size" type="xint" value="2"/>
                                <entry key="0" type="xdouble" value="-4.5"/>
                                <entry key="1" type="xdouble" value="7.5"/>
                            </config>
                        </config>
                        <config key="interval99">
                            <entry key="outlier" type="xstring" value="MQN15"/>
                            <config key="interval">
                                <entry key="array-size" type="xint" value="2"/>
                                <entry key="0" type="xdouble" value="0.0"/>
                                <entry key="1" type="xdouble" value="0.0"/>
                            </config>
                        </config>
                        <config key="interval100">
                            <entry key="outlier" type="xstring" value="MQN14"/>
                            <config key="interval">
                                <entry key="array-size" type="xint" value="2"/>
                                <entry key="0" type="xdouble" value="-1.5"/>
                                <entry key="1" type="xdouble" value="2.5"/>
                            </config>
                        </config>
                        <config key="interval101">
                            <entry key="outlier" type="xstring" value="MQN13"/>
                            <config key="interval">
                                <entry key="array-size" type="xint" value="2"/>
                                <entry key="0" type="xdouble" value="-1.5"/>
                                <entry key="1" type="xdouble" value="10.5"/>
                            </config>
                        </config>
                        <config key="interval102">
                            <entry key="outlier" type="xstring" value="NumUnspecifiedStereocenters"/>
                            <config key="interval">
                                <entry key="array-size" type="xint" value="2"/>
                                <entry key="0" type="xdouble" value="0.0"/>
                                <entry key="1" type="xdouble" value="0.0"/>
                            </config>
                        </config>
                        <config key="interval103">
                            <entry key="outlier" type="xstring" value="MQN19"/>
                            <config key="interval">
                                <entry key="array-size" type="xint" value="2"/>
                                <entry key="0" type="xdouble" value="-4.5"/>
                                <entry key="1" type="xdouble" value="7.5"/>
                            </config>
                        </config>
                        <config key="interval104">
                            <entry key="outlier" type="xstring" value="MQN18"/>
                            <config key="interval">
                                <entry key="array-size" type="xint" value="2"/>
                                <entry key="0" type="xdouble" value="0.0"/>
                                <entry key="1" type="xdouble" value="0.0"/>
                            </config>
                        </config>
                        <config key="interval105">
                            <entry key="outlier" type="xstring" value="MQN17"/>
                            <config key="interval">
                                <entry key="array-size" type="xint" value="2"/>
                                <entry key="0" type="xdouble" value="-4.5"/>
                                <entry key="1" type="xdouble" value="7.5"/>
                            </config>
                        </config>
                        <config key="interval106">
                            <entry key="outlier" type="xstring" value="FractionCSP3"/>
                            <config key="interval">
                                <entry key="array-size" type="xint" value="2"/>
                                <entry key="0" type="xdouble" value="-1.0722222222222224"/>
                                <entry key="1" type="xdouble" value="2.0833333333333335"/>
                            </config>
                        </config>
                        <config key="interval107">
                            <entry key="outlier" type="xstring" value="smr_VSA10"/>
                            <config key="interval">
                                <entry key="array-size" type="xint" value="2"/>
                                <entry key="0" type="xdouble" value="-25.932489247374118"/>
                                <entry key="1" type="xdouble" value="43.22081541229019"/>
                            </config>
                        </config>
                        <config key="interval108">
                            <entry key="outlier" type="xstring" value="Chi3v"/>
                            <config key="interval">
                                <entry key="array-size" type="xint" value="2"/>
                                <entry key="0" type="xdouble" value="-0.5194855506791483"/>
                                <entry key="1" type="xdouble" value="3.643400207438649"/>
                            </config>
                        </config>
                        <config key="interval109">
                            <entry key="outlier" type="xstring" value="NumHBD"/>
                            <config key="interval">
                                <entry key="array-size" type="xint" value="2"/>
                                <entry key="0" type="xdouble" value="-1.5"/>
                                <entry key="1" type="xdouble" value="2.5"/>
                            </config>
                        </config>
                        <config key="interval110">
                            <entry key="outlier" type="xstring" value="NumHBA"/>
                            <config key="interval">
                                <entry key="array-size" type="xint" value="2"/>
                                <entry key="0" type="xdouble" value="-0.5"/>
                                <entry key="1" type="xdouble" value="3.5"/>
                            </config>
                        </config>
                        <config key="interval111">
                            <entry key="outlier" type="xstring" value="Chi4n"/>
                            <config key="interval">
                                <entry key="array-size" type="xint" value="2"/>
                                <entry key="0" type="xdouble" value="-0.5194160988326396"/>
                                <entry key="1" type="xdouble" value="2.0094113203537813"/>
                            </config>
                        </config>
                        <config key="interval112">
                            <entry key="outlier" type="xstring" value="Chi2n"/>
                            <config key="interval">
                                <entry key="array-size" type="xint" value="2"/>
                                <entry key="0" type="xdouble" value="-0.24933016910549344"/>
                                <entry key="1" type="xdouble" value="4.749120603634512"/>
                            </config>
                        </config>
                        <config key="interval113">
                            <entry key="outlier" type="xstring" value="NumAtoms"/>
                            <config key="interval">
                                <entry key="array-size" type="xint" value="2"/>
                                <entry key="0" type="xdouble" value="-1.5"/>
                                <entry key="1" type="xdouble" value="42.5"/>
                            </config>
                        </config>
                        <config key="interval114">
                            <entry key="outlier" type="xstring" value="NumAliphaticHeterocycles"/>
                            <config key="interval">
                                <entry key="array-size" type="xint" value="2"/>
                                <entry key="0" type="xdouble" value="0.0"/>
                                <entry key="1" type="xdouble" value="0.0"/>
                            </config>
                        </config>
                        <config key="interval115">
                            <entry key="outlier" type="xstring" value="Chi2v"/>
                            <config key="interval">
                                <entry key="array-size" type="xint" value="2"/>
                                <entry key="0" type="xdouble" value="-0.37863031958044147"/>
                                <entry key="1" type="xdouble" value="5.550573477140432"/>
                            </config>
                        </config>
                        <config key="interval116">
                            <entry key="outlier" type="xstring" value="TPSA"/>
                            <config key="interval">
                                <entry key="array-size" type="xint" value="2"/>
                                <entry key="0" type="xdouble" value="-12.344999999999999"/>
                                <entry key="1" type="xdouble" value="66.095"/>
                            </config>
                        </config>
                        <config key="interval117">
                            <entry key="outlier" type="xstring" value="NumAromaticHeterocycles"/>
                            <config key="interval">
                                <entry key="array-size" type="xint" value="2"/>
                                <entry key="0" type="xdouble" value="0.0"/>
                                <entry key="1" type="xdouble" value="0.0"/>
                            </config>
                        </config>
                        <config key="interval118">
                            <entry key="outlier" type="xstring" value="NumSaturatedRings"/>
                            <config key="interval">
                                <entry key="array-size" type="xint" value="2"/>
                                <entry key="0" type="xdouble" value="0.0"/>
                                <entry key="1" type="xdouble" value="0.0"/>
                            </config>
                        </config>
                        <config key="interval119">
                            <entry key="outlier" type="xstring" value="NumRings"/>
                            <config key="interval">
                                <entry key="array-size" type="xint" value="2"/>
                                <entry key="0" type="xdouble" value="-1.5"/>
                                <entry key="1" type="xdouble" value="2.5"/>
                            </config>
                        </config>
                        <config key="interval120">
                            <entry key="outlier" type="xstring" value="Chi3n"/>
                            <config key="interval">
                                <entry key="array-size" type="xint" value="2"/>
                                <entry key="0" type="xdouble" value="-0.5496447561313322"/>
                                <entry key="1" type="xdouble" value="3.094141018329103"/>
                            </config>
                        </config>
                    </config>
                </config>
            </config>
        </config>
    </config>
</config>
