<?xml version="1.0" encoding="UTF-8"?>
<config xmlns="http://www.knime.org/2008/09/XMLConfig" xmlns:xsi="http://www.w3.org/2001/XMLSchema-instance" xsi:schemaLocation="http://www.knime.org/2008/09/XMLConfig http://www.knime.org/XMLConfig_2008_09.xsd" key="Table Meta Information">
    <config key="table.meta.internal">
        <entry key="container.version" type="xstring" value="container_12"/>
        <entry key="table.size" type="xint" value="375"/>
        <entry key="container.contains.blobs" type="xboolean" value="false"/>
        <entry key="container.filestores.uuid" type="xstring" isnull="true" value=""/>
        <entry key="container.inmemory" type="xboolean" value="false"/>
        <entry key="container.id" type="xint" value="404981"/>
        <entry key="container.format" type="xstring" value="org.knime.core.data.container.DefaultTableStoreFormat"/>
        <config key="container.format.config">
            <entry key="container.compression" type="xstring" value="Snappy"/>
            <config key="table.datacell.classes">
                <config key="element_0">
                    <entry key="class" type="xstring" value="org.knime.chem.types.SdfAdapterCell"/>
                </config>
                <config key="element_1">
                    <entry key="class" type="xstring" value="org.knime.chem.types.SdfCell"/>
                </config>
                <config key="element_2">
                    <entry key="class" type="xstring" value="org.knime.core.data.def.DoubleCell"/>
                </config>
                <config key="element_3">
                    <entry key="class" type="xstring" value="org.knime.core.data.def.StringCell"/>
                </config>
                <config key="element_4">
                    <entry key="class" type="xstring" value="org.knime.chem.types.MolAdapterCell"/>
                </config>
                <config key="element_5">
                    <entry key="class" type="xstring" value="org.knime.chem.types.MolCell"/>
                </config>
                <config key="element_6">
                    <entry key="class" type="xstring" value="org.knime.chem.types.CtabCell"/>
                </config>
                <config key="element_7">
                    <entry key="class" type="xstring" value="org.rdkit.knime.types.RDKitAdapterCell"/>
                </config>
                <config key="element_8">
                    <entry key="class" type="xstring" value="org.rdkit.knime.types.RDKitMolCell2"/>
                </config>
            </config>
        </config>
        <entry key="container.compression" type="xstring" value="Snappy"/>
        <config key="table.datacell.classes">
            <config key="element_0">
                <entry key="class" type="xstring" value="org.knime.chem.types.SdfAdapterCell"/>
            </config>
            <config key="element_1">
                <entry key="class" type="xstring" value="org.knime.chem.types.SdfCell"/>
            </config>
            <config key="element_2">
                <entry key="class" type="xstring" value="org.knime.core.data.def.DoubleCell"/>
            </config>
            <config key="element_3">
                <entry key="class" type="xstring" value="org.knime.core.data.def.StringCell"/>
            </config>
            <config key="element_4">
                <entry key="class" type="xstring" value="org.knime.chem.types.MolAdapterCell"/>
            </config>
            <config key="element_5">
                <entry key="class" type="xstring" value="org.knime.chem.types.MolCell"/>
            </config>
            <config key="element_6">
                <entry key="class" type="xstring" value="org.knime.chem.types.CtabCell"/>
            </config>
            <config key="element_7">
                <entry key="class" type="xstring" value="org.rdkit.knime.types.RDKitAdapterCell"/>
            </config>
            <config key="element_8">
                <entry key="class" type="xstring" value="org.rdkit.knime.types.RDKitMolCell2"/>
            </config>
        </config>
    </config>
</config>
