<?xml version="1.0" encoding="UTF-8"?>
<config xmlns="http://www.knime.org/2008/09/XMLConfig" xmlns:xsi="http://www.w3.org/2001/XMLSchema-instance" xsi:schemaLocation="http://www.knime.org/2008/09/XMLConfig http://www.knime.org/XMLConfig_2008_09.xsd" key="model.xml">
    <entry key="version" type="xint" value="1"/>
    <entry key="class_name" type="xstring" value="org.knime.base.data.normalize.NormalizerPortObject"/>
    <config key="model">
        <config key="columns">
            <config key="SlogP">
                <entry key="column_name" type="xstring" value="SlogP"/>
                <entry key="column_scale" type="xdouble" value="0.8379274684932155"/>
                <entry key="column_translate" type="xdouble" value="-1.759274794939906"/>
                <entry key="column_min" type="xdouble" value="NaN"/>
                <entry key="column_max" type="xdouble" value="NaN"/>
            </config>
            <config key="SMR">
                <entry key="column_name" type="xstring" value="SMR"/>
                <entry key="column_scale" type="xdouble" value="0.9011653845553567"/>
                <entry key="column_translate" type="xdouble" value="-6.18670113446055"/>
                <entry key="column_min" type="xdouble" value="NaN"/>
                <entry key="column_max" type="xdouble" value="NaN"/>
            </config>
            <config key="LabuteASA">
                <entry key="column_name" type="xstring" value="LabuteASA"/>
                <entry key="column_scale" type="xdouble" value="0.8862901402357867"/>
                <entry key="column_translate" type="xdouble" value="-6.9891837012255"/>
                <entry key="column_min" type="xdouble" value="NaN"/>
                <entry key="column_max" type="xdouble" value="NaN"/>
            </config>
            <config key="TPSA">
                <entry key="column_name" type="xstring" value="TPSA"/>
                <entry key="column_scale" type="xdouble" value="0.05208146293764547"/>
                <entry key="column_translate" type="xdouble" value="-1.4011816239672616"/>
                <entry key="column_min" type="xdouble" value="NaN"/>
                <entry key="column_max" type="xdouble" value="NaN"/>
            </config>
            <config key="AMW">
                <entry key="column_name" type="xstring" value="AMW"/>
                <entry key="column_scale" type="xdouble" value="0.7941002443533939"/>
                <entry key="column_translate" type="xdouble" value="-7.691242987858716"/>
                <entry key="column_min" type="xdouble" value="NaN"/>
                <entry key="column_max" type="xdouble" value="NaN"/>
            </config>
            <config key="ExactMW">
                <entry key="column_name" type="xstring" value="ExactMW"/>
                <entry key="column_scale" type="xdouble" value="0.7689661769673359"/>
                <entry key="column_translate" type="xdouble" value="-7.605515695443286"/>
                <entry key="column_min" type="xdouble" value="NaN"/>
                <entry key="column_max" type="xdouble" value="NaN"/>
            </config>
            <config key="NumLipinskiHBA">
                <entry key="column_name" type="xstring" value="NumLipinskiHBA"/>
                <entry key="column_scale" type="xdouble" value="0.9954888212698453"/>
                <entry key="column_translate" type="xdouble" value="-1.523761555757043"/>
                <entry key="column_min" type="xdouble" value="NaN"/>
                <entry key="column_max" type="xdouble" value="NaN"/>
            </config>
            <config key="NumLipinskiHBD">
                <entry key="column_name" type="xstring" value="NumLipinskiHBD"/>
                <entry key="column_scale" type="xdouble" value="1.323427788715219"/>
                <entry key="column_translate" type="xdouble" value="-0.8575812070874613"/>
                <entry key="column_min" type="xdouble" value="NaN"/>
                <entry key="column_max" type="xdouble" value="NaN"/>
            </config>
            <config key="NumRotatableBonds">
                <entry key="column_name" type="xstring" value="NumRotatableBonds"/>
                <entry key="column_scale" type="xdouble" value="0.48125868750545453"/>
                <entry key="column_translate" type="xdouble" value="-0.9740675835110392"/>
                <entry key="column_min" type="xdouble" value="NaN"/>
                <entry key="column_max" type="xdouble" value="NaN"/>
            </config>
            <config key="NumHBD">
                <entry key="column_name" type="xstring" value="NumHBD"/>
                <entry key="column_scale" type="xdouble" value="1.7392458925338545"/>
                <entry key="column_translate" type="xdouble" value="-0.8997698750708474"/>
                <entry key="column_min" type="xdouble" value="NaN"/>
                <entry key="column_max" type="xdouble" value="NaN"/>
            </config>
            <config key="NumHBA">
                <entry key="column_name" type="xstring" value="NumHBA"/>
                <entry key="column_scale" type="xdouble" value="1.0461211030944975"/>
                <entry key="column_translate" type="xdouble" value="-1.5705764827792064"/>
                <entry key="column_min" type="xdouble" value="NaN"/>
                <entry key="column_max" type="xdouble" value="NaN"/>
            </config>
            <config key="NumHeteroAtoms">
                <entry key="column_name" type="xstring" value="NumHeteroAtoms"/>
                <entry key="column_scale" type="xdouble" value="0.5535334875866688"/>
                <entry key="column_translate" type="xdouble" value="-1.4140935496214109"/>
                <entry key="column_min" type="xdouble" value="NaN"/>
                <entry key="column_max" type="xdouble" value="NaN"/>
            </config>
            <config key="NumHeavyAtoms">
                <entry key="column_name" type="xstring" value="NumHeavyAtoms"/>
                <entry key="column_scale" type="xdouble" value="1.0367106933215955"/>
                <entry key="column_translate" type="xdouble" value="-3.995253953795299"/>
                <entry key="column_min" type="xdouble" value="NaN"/>
                <entry key="column_max" type="xdouble" value="NaN"/>
            </config>
            <config key="NumAtoms">
                <entry key="column_name" type="xstring" value="NumAtoms"/>
                <entry key="column_scale" type="xdouble" value="1.6563804195426173"/>
                <entry key="column_translate" type="xdouble" value="-6.101815310758349"/>
                <entry key="column_min" type="xdouble" value="NaN"/>
                <entry key="column_max" type="xdouble" value="NaN"/>
            </config>
            <config key="NumRings">
                <entry key="column_name" type="xstring" value="NumRings"/>
                <entry key="column_scale" type="xdouble" value="1.5671774343306695"/>
                <entry key="column_translate" type="xdouble" value="-1.2077714093908352"/>
                <entry key="column_min" type="xdouble" value="NaN"/>
                <entry key="column_max" type="xdouble" value="NaN"/>
            </config>
            <config key="NumAromaticRings">
                <entry key="column_name" type="xstring" value="NumAromaticRings"/>
                <entry key="column_scale" type="xdouble" value="1.5782718488858336"/>
                <entry key="column_translate" type="xdouble" value="-1.1111033816156264"/>
                <entry key="column_min" type="xdouble" value="NaN"/>
                <entry key="column_max" type="xdouble" value="NaN"/>
            </config>
            <config key="NumAromaticCarbocycles">
                <entry key="column_name" type="xstring" value="NumAromaticCarbocycles"/>
                <entry key="column_scale" type="xdouble" value="1.5994330857609032"/>
                <entry key="column_translate" type="xdouble" value="-0.9553946965611796"/>
                <entry key="column_min" type="xdouble" value="NaN"/>
                <entry key="column_max" type="xdouble" value="NaN"/>
            </config>
            <config key="Chi0v">
                <entry key="column_name" type="xstring" value="Chi0v"/>
                <entry key="column_scale" type="xdouble" value="2.16529637591296"/>
                <entry key="column_translate" type="xdouble" value="-4.594114849659739"/>
                <entry key="column_min" type="xdouble" value="NaN"/>
                <entry key="column_max" type="xdouble" value="NaN"/>
            </config>
            <config key="Chi1v">
                <entry key="column_name" type="xstring" value="Chi1v"/>
                <entry key="column_scale" type="xdouble" value="2.055900110979121"/>
                <entry key="column_translate" type="xdouble" value="-2.839034086714359"/>
                <entry key="column_min" type="xdouble" value="NaN"/>
                <entry key="column_max" type="xdouble" value="NaN"/>
            </config>
            <config key="Chi2v">
                <entry key="column_name" type="xstring" value="Chi2v"/>
                <entry key="column_scale" type="xdouble" value="1.465071812021096"/>
                <entry key="column_translate" type="xdouble" value="-1.6393257722368302"/>
                <entry key="column_min" type="xdouble" value="NaN"/>
                <entry key="column_max" type="xdouble" value="NaN"/>
            </config>
            <config key="Chi3v">
                <entry key="column_name" type="xstring" value="Chi3v"/>
                <entry key="column_scale" type="xdouble" value="1.1334277909930326"/>
                <entry key="column_translate" type="xdouble" value="-1.816699359945513"/>
                <entry key="column_min" type="xdouble" value="NaN"/>
                <entry key="column_max" type="xdouble" value="NaN"/>
            </config>
            <config key="Chi4v">
                <entry key="column_name" type="xstring" value="Chi4v"/>
                <entry key="column_scale" type="xdouble" value="1.4967371253685502"/>
                <entry key="column_translate" type="xdouble" value="-1.4168936972346184"/>
                <entry key="column_min" type="xdouble" value="NaN"/>
                <entry key="column_max" type="xdouble" value="NaN"/>
            </config>
            <config key="Chi1n">
                <entry key="column_name" type="xstring" value="Chi1n"/>
                <entry key="column_scale" type="xdouble" value="1.6164742720352439"/>
                <entry key="column_translate" type="xdouble" value="-2.247628341890043"/>
                <entry key="column_min" type="xdouble" value="NaN"/>
                <entry key="column_max" type="xdouble" value="NaN"/>
            </config>
            <config key="Chi2n">
                <entry key="column_name" type="xstring" value="Chi2n"/>
                <entry key="column_scale" type="xdouble" value="1.3900328517823561"/>
                <entry key="column_translate" type="xdouble" value="-1.31333127769962"/>
                <entry key="column_min" type="xdouble" value="NaN"/>
                <entry key="column_max" type="xdouble" value="NaN"/>
            </config>
            <config key="Chi3n">
                <entry key="column_name" type="xstring" value="Chi3n"/>
                <entry key="column_scale" type="xdouble" value="1.3686387886384108"/>
                <entry key="column_translate" type="xdouble" value="-1.8059476306991922"/>
                <entry key="column_min" type="xdouble" value="NaN"/>
                <entry key="column_max" type="xdouble" value="NaN"/>
            </config>
            <config key="Chi4n">
                <entry key="column_name" type="xstring" value="Chi4n"/>
                <entry key="column_scale" type="xdouble" value="1.9345007916040518"/>
                <entry key="column_translate" type="xdouble" value="-1.478308363775895"/>
                <entry key="column_min" type="xdouble" value="NaN"/>
                <entry key="column_max" type="xdouble" value="NaN"/>
            </config>
            <config key="HallKierAlpha">
                <entry key="column_name" type="xstring" value="HallKierAlpha"/>
                <entry key="column_scale" type="xdouble" value="1.22109546198285"/>
                <entry key="column_translate" type="xdouble" value="0.8964468818236765"/>
                <entry key="column_min" type="xdouble" value="NaN"/>
                <entry key="column_max" type="xdouble" value="NaN"/>
            </config>
            <config key="kappa1">
                <entry key="column_name" type="xstring" value="kappa1"/>
                <entry key="column_scale" type="xdouble" value="1.8376416723999929"/>
                <entry key="column_translate" type="xdouble" value="-4.697191775101583"/>
                <entry key="column_min" type="xdouble" value="NaN"/>
                <entry key="column_max" type="xdouble" value="NaN"/>
            </config>
            <config key="kappa2">
                <entry key="column_name" type="xstring" value="kappa2"/>
                <entry key="column_scale" type="xdouble" value="2.4774502597012655"/>
                <entry key="column_translate" type="xdouble" value="-2.778111989759415"/>
                <entry key="column_min" type="xdouble" value="NaN"/>
                <entry key="column_max" type="xdouble" value="NaN"/>
            </config>
            <config key="kappa3">
                <entry key="column_name" type="xstring" value="kappa3"/>
                <entry key="column_scale" type="xdouble" value="1.539333501273211"/>
                <entry key="column_translate" type="xdouble" value="-1.2352318250260927"/>
                <entry key="column_min" type="xdouble" value="NaN"/>
                <entry key="column_max" type="xdouble" value="NaN"/>
            </config>
            <config key="slogp_VSA1">
                <entry key="column_name" type="xstring" value="slogp_VSA1"/>
                <entry key="column_scale" type="xdouble" value="0.315299028770327"/>
                <entry key="column_translate" type="xdouble" value="-0.6027690797274804"/>
                <entry key="column_min" type="xdouble" value="NaN"/>
                <entry key="column_max" type="xdouble" value="NaN"/>
            </config>
            <config key="slogp_VSA2">
                <entry key="column_name" type="xstring" value="slogp_VSA2"/>
                <entry key="column_scale" type="xdouble" value="0.1365269139963729"/>
                <entry key="column_translate" type="xdouble" value="-1.3492651843932262"/>
                <entry key="column_min" type="xdouble" value="NaN"/>
                <entry key="column_max" type="xdouble" value="NaN"/>
            </config>
            <config key="slogp_VSA3">
                <entry key="column_name" type="xstring" value="slogp_VSA3"/>
                <entry key="column_scale" type="xdouble" value="0.2596778979582993"/>
                <entry key="column_translate" type="xdouble" value="-0.6234520056743011"/>
                <entry key="column_min" type="xdouble" value="NaN"/>
                <entry key="column_max" type="xdouble" value="NaN"/>
            </config>
            <config key="slogp_VSA4">
                <entry key="column_name" type="xstring" value="slogp_VSA4"/>
                <entry key="column_scale" type="xdouble" value="0.1972324301326113"/>
                <entry key="column_translate" type="xdouble" value="-0.5943058027520597"/>
                <entry key="column_min" type="xdouble" value="NaN"/>
                <entry key="column_max" type="xdouble" value="NaN"/>
            </config>
            <config key="slogp_VSA5">
                <entry key="column_name" type="xstring" value="slogp_VSA5"/>
                <entry key="column_scale" type="xdouble" value="0.06161994088493979"/>
                <entry key="column_translate" type="xdouble" value="-0.9777665080931447"/>
                <entry key="column_min" type="xdouble" value="NaN"/>
                <entry key="column_max" type="xdouble" value="NaN"/>
            </config>
            <config key="slogp_VSA6">
                <entry key="column_name" type="xstring" value="slogp_VSA6"/>
                <entry key="column_scale" type="xdouble" value="0.062254662703372564"/>
                <entry key="column_translate" type="xdouble" value="-1.0393560363046763"/>
                <entry key="column_min" type="xdouble" value="NaN"/>
                <entry key="column_max" type="xdouble" value="NaN"/>
            </config>
            <config key="slogp_VSA12">
                <entry key="column_name" type="xstring" value="slogp_VSA12"/>
                <entry key="column_scale" type="xdouble" value="0.0974512810162234"/>
                <entry key="column_translate" type="xdouble" value="-0.5802271000158349"/>
                <entry key="column_min" type="xdouble" value="NaN"/>
                <entry key="column_max" type="xdouble" value="NaN"/>
            </config>
            <config key="smr_VSA1">
                <entry key="column_name" type="xstring" value="smr_VSA1"/>
                <entry key="column_scale" type="xdouble" value="0.17299950449404586"/>
                <entry key="column_translate" type="xdouble" value="-1.0597718129669127"/>
                <entry key="column_min" type="xdouble" value="NaN"/>
                <entry key="column_max" type="xdouble" value="NaN"/>
            </config>
            <config key="smr_VSA5">
                <entry key="column_name" type="xstring" value="smr_VSA5"/>
                <entry key="column_scale" type="xdouble" value="0.05706904525366514"/>
                <entry key="column_translate" type="xdouble" value="-0.8620830969483624"/>
                <entry key="column_min" type="xdouble" value="NaN"/>
                <entry key="column_max" type="xdouble" value="NaN"/>
            </config>
            <config key="smr_VSA6">
                <entry key="column_name" type="xstring" value="smr_VSA6"/>
                <entry key="column_scale" type="xdouble" value="0.17920203370201634"/>
                <entry key="column_translate" type="xdouble" value="-0.7662256836630313"/>
                <entry key="column_min" type="xdouble" value="NaN"/>
                <entry key="column_max" type="xdouble" value="NaN"/>
            </config>
            <config key="smr_VSA7">
                <entry key="column_name" type="xstring" value="smr_VSA7"/>
                <entry key="column_scale" type="xdouble" value="0.051616589653926806"/>
                <entry key="column_translate" type="xdouble" value="-1.1562685162287718"/>
                <entry key="column_min" type="xdouble" value="NaN"/>
                <entry key="column_max" type="xdouble" value="NaN"/>
            </config>
            <config key="smr_VSA9">
                <entry key="column_name" type="xstring" value="smr_VSA9"/>
                <entry key="column_scale" type="xdouble" value="0.23568091399791546"/>
                <entry key="column_translate" type="xdouble" value="-0.5860967148849914"/>
                <entry key="column_min" type="xdouble" value="NaN"/>
                <entry key="column_max" type="xdouble" value="NaN"/>
            </config>
            <config key="smr_VSA10">
                <entry key="column_name" type="xstring" value="smr_VSA10"/>
                <entry key="column_scale" type="xdouble" value="0.07974065926941294"/>
                <entry key="column_translate" type="xdouble" value="-0.8764910155221505"/>
                <entry key="column_min" type="xdouble" value="NaN"/>
                <entry key="column_max" type="xdouble" value="NaN"/>
            </config>
            <config key="peoe_VSA1">
                <entry key="column_name" type="xstring" value="peoe_VSA1"/>
                <entry key="column_scale" type="xdouble" value="0.2655723874673434"/>
                <entry key="column_translate" type="xdouble" value="-1.2176840896508239"/>
                <entry key="column_min" type="xdouble" value="NaN"/>
                <entry key="column_max" type="xdouble" value="NaN"/>
            </config>
            <config key="peoe_VSA2">
                <entry key="column_name" type="xstring" value="peoe_VSA2"/>
                <entry key="column_scale" type="xdouble" value="0.25940202375089927"/>
                <entry key="column_translate" type="xdouble" value="-0.6394759092437956"/>
                <entry key="column_min" type="xdouble" value="NaN"/>
                <entry key="column_max" type="xdouble" value="NaN"/>
            </config>
            <config key="peoe_VSA6">
                <entry key="column_name" type="xstring" value="peoe_VSA6"/>
                <entry key="column_scale" type="xdouble" value="0.05556782871191393"/>
                <entry key="column_translate" type="xdouble" value="-1.0702530601540439"/>
                <entry key="column_min" type="xdouble" value="NaN"/>
                <entry key="column_max" type="xdouble" value="NaN"/>
            </config>
            <config key="peoe_VSA7">
                <entry key="column_name" type="xstring" value="peoe_VSA7"/>
                <entry key="column_scale" type="xdouble" value="0.08780455299371324"/>
                <entry key="column_translate" type="xdouble" value="-1.3794230518482966"/>
                <entry key="column_min" type="xdouble" value="NaN"/>
                <entry key="column_max" type="xdouble" value="NaN"/>
            </config>
            <config key="peoe_VSA8">
                <entry key="column_name" type="xstring" value="peoe_VSA8"/>
                <entry key="column_scale" type="xdouble" value="0.1517388288418909"/>
                <entry key="column_translate" type="xdouble" value="-1.0236571700137218"/>
                <entry key="column_min" type="xdouble" value="NaN"/>
                <entry key="column_max" type="xdouble" value="NaN"/>
            </config>
            <config key="peoe_VSA9">
                <entry key="column_name" type="xstring" value="peoe_VSA9"/>
                <entry key="column_scale" type="xdouble" value="0.168629405391201"/>
                <entry key="column_translate" type="xdouble" value="-0.803957758926426"/>
                <entry key="column_min" type="xdouble" value="NaN"/>
                <entry key="column_max" type="xdouble" value="NaN"/>
            </config>
            <config key="peoe_VSA10">
                <entry key="column_name" type="xstring" value="peoe_VSA10"/>
                <entry key="column_scale" type="xdouble" value="0.24727678730674707"/>
                <entry key="column_translate" type="xdouble" value="-0.7396438103938392"/>
                <entry key="column_min" type="xdouble" value="NaN"/>
                <entry key="column_max" type="xdouble" value="NaN"/>
            </config>
            <config key="MQN1">
                <entry key="column_name" type="xstring" value="MQN1"/>
                <entry key="column_scale" type="xdouble" value="0.6631039766017094"/>
                <entry key="column_translate" type="xdouble" value="-2.763276241347663"/>
                <entry key="column_min" type="xdouble" value="NaN"/>
                <entry key="column_max" type="xdouble" value="NaN"/>
            </config>
            <config key="MQN8">
                <entry key="column_name" type="xstring" value="MQN8"/>
                <entry key="column_scale" type="xdouble" value="1.703045497701969"/>
                <entry key="column_translate" type="xdouble" value="-0.622179288493786"/>
                <entry key="column_min" type="xdouble" value="NaN"/>
                <entry key="column_max" type="xdouble" value="NaN"/>
            </config>
            <config key="MQN10">
                <entry key="column_name" type="xstring" value="MQN10"/>
                <entry key="column_scale" type="xdouble" value="0.7894690063746427"/>
                <entry key="column_translate" type="xdouble" value="-0.9620995624352319"/>
                <entry key="column_min" type="xdouble" value="NaN"/>
                <entry key="column_max" type="xdouble" value="NaN"/>
            </config>
            <config key="MQN12">
                <entry key="column_name" type="xstring" value="MQN12"/>
                <entry key="column_scale" type="xdouble" value="1.0367106933215955"/>
                <entry key="column_translate" type="xdouble" value="-3.995253953795299"/>
                <entry key="column_min" type="xdouble" value="NaN"/>
                <entry key="column_max" type="xdouble" value="NaN"/>
            </config>
            <config key="MQN13">
                <entry key="column_name" type="xstring" value="MQN13"/>
                <entry key="column_scale" type="xdouble" value="0.392883359538252"/>
                <entry key="column_translate" type="xdouble" value="-1.8208834103399514"/>
                <entry key="column_min" type="xdouble" value="NaN"/>
                <entry key="column_max" type="xdouble" value="NaN"/>
            </config>
            <config key="MQN14">
                <entry key="column_name" type="xstring" value="MQN14"/>
                <entry key="column_scale" type="xdouble" value="1.3736841828519932"/>
                <entry key="column_translate" type="xdouble" value="-0.8205473518902568"/>
                <entry key="column_min" type="xdouble" value="NaN"/>
                <entry key="column_max" type="xdouble" value="NaN"/>
            </config>
            <config key="MQN16">
                <entry key="column_name" type="xstring" value="MQN16"/>
                <entry key="column_scale" type="xdouble" value="0.4782839165303522"/>
                <entry key="column_translate" type="xdouble" value="-1.1733898752211314"/>
                <entry key="column_min" type="xdouble" value="NaN"/>
                <entry key="column_max" type="xdouble" value="NaN"/>
            </config>
            <config key="MQN17">
                <entry key="column_name" type="xstring" value="MQN17"/>
                <entry key="column_scale" type="xdouble" value="0.5328420744537362"/>
                <entry key="column_translate" type="xdouble" value="-1.1111533392608575"/>
                <entry key="column_min" type="xdouble" value="NaN"/>
                <entry key="column_max" type="xdouble" value="NaN"/>
            </config>
            <config key="MQN19">
                <entry key="column_name" type="xstring" value="MQN19"/>
                <entry key="column_scale" type="xdouble" value="0.48125868750545453"/>
                <entry key="column_translate" type="xdouble" value="-0.9740675835110392"/>
                <entry key="column_min" type="xdouble" value="NaN"/>
                <entry key="column_max" type="xdouble" value="NaN"/>
            </config>
            <config key="MQN20">
                <entry key="column_name" type="xstring" value="MQN20"/>
                <entry key="column_scale" type="xdouble" value="0.4035130384527418"/>
                <entry key="column_translate" type="xdouble" value="-1.2073110110506031"/>
                <entry key="column_min" type="xdouble" value="NaN"/>
                <entry key="column_max" type="xdouble" value="NaN"/>
            </config>
            <config key="MQN21">
                <entry key="column_name" type="xstring" value="MQN21"/>
                <entry key="column_scale" type="xdouble" value="0.9954888212698453"/>
                <entry key="column_translate" type="xdouble" value="-1.523761555757043"/>
                <entry key="column_min" type="xdouble" value="NaN"/>
                <entry key="column_max" type="xdouble" value="NaN"/>
            </config>
            <config key="MQN22">
                <entry key="column_name" type="xstring" value="MQN22"/>
                <entry key="column_scale" type="xdouble" value="1.323427788715219"/>
                <entry key="column_translate" type="xdouble" value="-0.8575812070874613"/>
                <entry key="column_min" type="xdouble" value="NaN"/>
                <entry key="column_max" type="xdouble" value="NaN"/>
            </config>
            <config key="MQN23">
                <entry key="column_name" type="xstring" value="MQN23"/>
                <entry key="column_scale" type="xdouble" value="1.7392458925338545"/>
                <entry key="column_translate" type="xdouble" value="-0.8997698750708474"/>
                <entry key="column_min" type="xdouble" value="NaN"/>
                <entry key="column_max" type="xdouble" value="NaN"/>
            </config>
            <config key="MQN26">
                <entry key="column_name" type="xstring" value="MQN26"/>
                <entry key="column_scale" type="xdouble" value="0.658335354369906"/>
                <entry key="column_translate" type="xdouble" value="-1.9662282583847857"/>
                <entry key="column_min" type="xdouble" value="NaN"/>
                <entry key="column_max" type="xdouble" value="NaN"/>
            </config>
            <config key="MQN27">
                <entry key="column_name" type="xstring" value="MQN27"/>
                <entry key="column_scale" type="xdouble" value="0.454036060888579"/>
                <entry key="column_translate" type="xdouble" value="-0.8426909290092028"/>
                <entry key="column_min" type="xdouble" value="NaN"/>
                <entry key="column_max" type="xdouble" value="NaN"/>
            </config>
            <config key="MQN28">
                <entry key="column_name" type="xstring" value="MQN28"/>
                <entry key="column_scale" type="xdouble" value="1.4015297764534702"/>
                <entry key="column_translate" type="xdouble" value="-0.7848566748139442"/>
                <entry key="column_min" type="xdouble" value="NaN"/>
                <entry key="column_max" type="xdouble" value="NaN"/>
            </config>
            <config key="MQN30">
                <entry key="column_name" type="xstring" value="MQN30"/>
                <entry key="column_scale" type="xdouble" value="0.36255109842485955"/>
                <entry key="column_translate" type="xdouble" value="-1.0393131488179308"/>
                <entry key="column_min" type="xdouble" value="NaN"/>
                <entry key="column_max" type="xdouble" value="NaN"/>
            </config>
            <config key="MQN31">
                <entry key="column_name" type="xstring" value="MQN31"/>
                <entry key="column_scale" type="xdouble" value="0.6181882834154043"/>
                <entry key="column_translate" type="xdouble" value="-1.0336108098705559"/>
                <entry key="column_min" type="xdouble" value="NaN"/>
                <entry key="column_max" type="xdouble" value="NaN"/>
            </config>
            <config key="MQN36">
                <entry key="column_name" type="xstring" value="MQN36"/>
                <entry key="column_scale" type="xdouble" value="1.5811388300841895"/>
                <entry key="column_translate" type="xdouble" value="-1.1384199576606175"/>
                <entry key="column_min" type="xdouble" value="NaN"/>
                <entry key="column_max" type="xdouble" value="NaN"/>
            </config>
        </config>
        <entry key="summary" type="xstring" value="Z-Score (Gaussian) normalization on 69 column(s)"/>
    </config>
</config>
