<?xml version="1.0" encoding="UTF-8"?>
<config xmlns="http://www.knime.org/2008/09/XMLConfig" xmlns:xsi="http://www.w3.org/2001/XMLSchema-instance" xsi:schemaLocation="http://www.knime.org/2008/09/XMLConfig http://www.knime.org/XMLConfig_2008_09.xsd" key="model.xml">
    <entry key="version" type="xint" value="1"/>
    <entry key="class_name" type="xstring" value="org.knime.base.node.mine.treeensemble2.model.TreeEnsembleModelPortObjectSpec"/>
    <config key="model">
        <config key="learnSpec">
            <entry key="spec_name" type="xstring" value="default"/>
            <entry key="number_columns" type="xint" value="30"/>
            <config key="column_spec_0">
                <entry key="column_name" type="xstring" value="SlogP"/>
                <config key="element_names">
                    <entry key="array-size" type="xint" value="0"/>
                </config>
                <config key="column_type">
                    <entry key="cell_class" type="xstring" value="org.knime.core.data.def.DoubleCell"/>
                </config>
                <config key="column_domain">
                    <config key="lower_bound">
                        <entry key="datacell" type="xstring" value="org.knime.core.data.def.DoubleCell"/>
                        <config key="org.knime.core.data.def.DoubleCell">
                            <entry key="DoubleCell" type="xdouble" value="0.0"/>
                        </config>
                    </config>
                    <config key="upper_bound">
                        <entry key="datacell" type="xstring" value="org.knime.core.data.def.DoubleCell"/>
                        <config key="org.knime.core.data.def.DoubleCell">
                            <entry key="DoubleCell" type="xdouble" value="1.0"/>
                        </config>
                    </config>
                </config>
                <config key="column_properties"/>
                <config key="meta_data"/>
            </config>
            <config key="column_spec_1">
                <entry key="column_name" type="xstring" value="NumLipinskiHBA"/>
                <config key="element_names">
                    <entry key="array-size" type="xint" value="0"/>
                </config>
                <config key="column_type">
                    <entry key="cell_class" type="xstring" value="org.knime.core.data.def.DoubleCell"/>
                </config>
                <config key="column_domain">
                    <config key="lower_bound">
                        <entry key="datacell" type="xstring" value="org.knime.core.data.def.DoubleCell"/>
                        <config key="org.knime.core.data.def.DoubleCell">
                            <entry key="DoubleCell" type="xdouble" value="0.0"/>
                        </config>
                    </config>
                    <config key="upper_bound">
                        <entry key="datacell" type="xstring" value="org.knime.core.data.def.DoubleCell"/>
                        <config key="org.knime.core.data.def.DoubleCell">
                            <entry key="DoubleCell" type="xdouble" value="1.0"/>
                        </config>
                    </config>
                </config>
                <config key="column_properties"/>
                <config key="meta_data"/>
            </config>
            <config key="column_spec_2">
                <entry key="column_name" type="xstring" value="NumRotatableBonds"/>
                <config key="element_names">
                    <entry key="array-size" type="xint" value="0"/>
                </config>
                <config key="column_type">
                    <entry key="cell_class" type="xstring" value="org.knime.core.data.def.DoubleCell"/>
                </config>
                <config key="column_domain">
                    <config key="lower_bound">
                        <entry key="datacell" type="xstring" value="org.knime.core.data.def.DoubleCell"/>
                        <config key="org.knime.core.data.def.DoubleCell">
                            <entry key="DoubleCell" type="xdouble" value="0.0"/>
                        </config>
                    </config>
                    <config key="upper_bound">
                        <entry key="datacell" type="xstring" value="org.knime.core.data.def.DoubleCell"/>
                        <config key="org.knime.core.data.def.DoubleCell">
                            <entry key="DoubleCell" type="xdouble" value="1.0"/>
                        </config>
                    </config>
                </config>
                <config key="column_properties"/>
                <config key="meta_data"/>
            </config>
            <config key="column_spec_3">
                <entry key="column_name" type="xstring" value="NumHeteroAtoms"/>
                <config key="element_names">
                    <entry key="array-size" type="xint" value="0"/>
                </config>
                <config key="column_type">
                    <entry key="cell_class" type="xstring" value="org.knime.core.data.def.DoubleCell"/>
                </config>
                <config key="column_domain">
                    <config key="lower_bound">
                        <entry key="datacell" type="xstring" value="org.knime.core.data.def.DoubleCell"/>
                        <config key="org.knime.core.data.def.DoubleCell">
                            <entry key="DoubleCell" type="xdouble" value="0.0"/>
                        </config>
                    </config>
                    <config key="upper_bound">
                        <entry key="datacell" type="xstring" value="org.knime.core.data.def.DoubleCell"/>
                        <config key="org.knime.core.data.def.DoubleCell">
                            <entry key="DoubleCell" type="xdouble" value="1.0"/>
                        </config>
                    </config>
                </config>
                <config key="column_properties"/>
                <config key="meta_data"/>
            </config>
            <config key="column_spec_4">
                <entry key="column_name" type="xstring" value="NumRings"/>
                <config key="element_names">
                    <entry key="array-size" type="xint" value="0"/>
                </config>
                <config key="column_type">
                    <entry key="cell_class" type="xstring" value="org.knime.core.data.def.DoubleCell"/>
                </config>
                <config key="column_domain">
                    <config key="lower_bound">
                        <entry key="datacell" type="xstring" value="org.knime.core.data.def.DoubleCell"/>
                        <config key="org.knime.core.data.def.DoubleCell">
                            <entry key="DoubleCell" type="xdouble" value="0.0"/>
                        </config>
                    </config>
                    <config key="upper_bound">
                        <entry key="datacell" type="xstring" value="org.knime.core.data.def.DoubleCell"/>
                        <config key="org.knime.core.data.def.DoubleCell">
                            <entry key="DoubleCell" type="xdouble" value="1.0"/>
                        </config>
                    </config>
                </config>
                <config key="column_properties"/>
                <config key="meta_data"/>
            </config>
            <config key="column_spec_5">
                <entry key="column_name" type="xstring" value="NumAromaticCarbocycles"/>
                <config key="element_names">
                    <entry key="array-size" type="xint" value="0"/>
                </config>
                <config key="column_type">
                    <entry key="cell_class" type="xstring" value="org.knime.core.data.def.DoubleCell"/>
                </config>
                <config key="column_domain">
                    <config key="lower_bound">
                        <entry key="datacell" type="xstring" value="org.knime.core.data.def.DoubleCell"/>
                        <config key="org.knime.core.data.def.DoubleCell">
                            <entry key="DoubleCell" type="xdouble" value="0.0"/>
                        </config>
                    </config>
                    <config key="upper_bound">
                        <entry key="datacell" type="xstring" value="org.knime.core.data.def.DoubleCell"/>
                        <config key="org.knime.core.data.def.DoubleCell">
                            <entry key="DoubleCell" type="xdouble" value="1.0"/>
                        </config>
                    </config>
                </config>
                <config key="column_properties"/>
                <config key="meta_data"/>
            </config>
            <config key="column_spec_6">
                <entry key="column_name" type="xstring" value="Chi2v"/>
                <config key="element_names">
                    <entry key="array-size" type="xint" value="0"/>
                </config>
                <config key="column_type">
                    <entry key="cell_class" type="xstring" value="org.knime.core.data.def.DoubleCell"/>
                </config>
                <config key="column_domain">
                    <config key="lower_bound">
                        <entry key="datacell" type="xstring" value="org.knime.core.data.def.DoubleCell"/>
                        <config key="org.knime.core.data.def.DoubleCell">
                            <entry key="DoubleCell" type="xdouble" value="0.0"/>
                        </config>
                    </config>
                    <config key="upper_bound">
                        <entry key="datacell" type="xstring" value="org.knime.core.data.def.DoubleCell"/>
                        <config key="org.knime.core.data.def.DoubleCell">
                            <entry key="DoubleCell" type="xdouble" value="1.0"/>
                        </config>
                    </config>
                </config>
                <config key="column_properties"/>
                <config key="meta_data"/>
            </config>
            <config key="column_spec_7">
                <entry key="column_name" type="xstring" value="Chi4v"/>
                <config key="element_names">
                    <entry key="array-size" type="xint" value="0"/>
                </config>
                <config key="column_type">
                    <entry key="cell_class" type="xstring" value="org.knime.core.data.def.DoubleCell"/>
                </config>
                <config key="column_domain">
                    <config key="lower_bound">
                        <entry key="datacell" type="xstring" value="org.knime.core.data.def.DoubleCell"/>
                        <config key="org.knime.core.data.def.DoubleCell">
                            <entry key="DoubleCell" type="xdouble" value="0.0"/>
                        </config>
                    </config>
                    <config key="upper_bound">
                        <entry key="datacell" type="xstring" value="org.knime.core.data.def.DoubleCell"/>
                        <config key="org.knime.core.data.def.DoubleCell">
                            <entry key="DoubleCell" type="xdouble" value="1.0"/>
                        </config>
                    </config>
                </config>
                <config key="column_properties"/>
                <config key="meta_data"/>
            </config>
            <config key="column_spec_8">
                <entry key="column_name" type="xstring" value="HallKierAlpha"/>
                <config key="element_names">
                    <entry key="array-size" type="xint" value="0"/>
                </config>
                <config key="column_type">
                    <entry key="cell_class" type="xstring" value="org.knime.core.data.def.DoubleCell"/>
                </config>
                <config key="column_domain">
                    <config key="lower_bound">
                        <entry key="datacell" type="xstring" value="org.knime.core.data.def.DoubleCell"/>
                        <config key="org.knime.core.data.def.DoubleCell">
                            <entry key="DoubleCell" type="xdouble" value="0.0"/>
                        </config>
                    </config>
                    <config key="upper_bound">
                        <entry key="datacell" type="xstring" value="org.knime.core.data.def.DoubleCell"/>
                        <config key="org.knime.core.data.def.DoubleCell">
                            <entry key="DoubleCell" type="xdouble" value="1.0"/>
                        </config>
                    </config>
                </config>
                <config key="column_properties"/>
                <config key="meta_data"/>
            </config>
            <config key="column_spec_9">
                <entry key="column_name" type="xstring" value="kappa1"/>
                <config key="element_names">
                    <entry key="array-size" type="xint" value="0"/>
                </config>
                <config key="column_type">
                    <entry key="cell_class" type="xstring" value="org.knime.core.data.def.DoubleCell"/>
                </config>
                <config key="column_domain">
                    <config key="lower_bound">
                        <entry key="datacell" type="xstring" value="org.knime.core.data.def.DoubleCell"/>
                        <config key="org.knime.core.data.def.DoubleCell">
                            <entry key="DoubleCell" type="xdouble" value="0.0"/>
                        </config>
                    </config>
                    <config key="upper_bound">
                        <entry key="datacell" type="xstring" value="org.knime.core.data.def.DoubleCell"/>
                        <config key="org.knime.core.data.def.DoubleCell">
                            <entry key="DoubleCell" type="xdouble" value="1.0"/>
                        </config>
                    </config>
                </config>
                <config key="column_properties"/>
                <config key="meta_data"/>
            </config>
            <config key="column_spec_10">
                <entry key="column_name" type="xstring" value="kappa3"/>
                <config key="element_names">
                    <entry key="array-size" type="xint" value="0"/>
                </config>
                <config key="column_type">
                    <entry key="cell_class" type="xstring" value="org.knime.core.data.def.DoubleCell"/>
                </config>
                <config key="column_domain">
                    <config key="lower_bound">
                        <entry key="datacell" type="xstring" value="org.knime.core.data.def.DoubleCell"/>
                        <config key="org.knime.core.data.def.DoubleCell">
                            <entry key="DoubleCell" type="xdouble" value="0.0"/>
                        </config>
                    </config>
                    <config key="upper_bound">
                        <entry key="datacell" type="xstring" value="org.knime.core.data.def.DoubleCell"/>
                        <config key="org.knime.core.data.def.DoubleCell">
                            <entry key="DoubleCell" type="xdouble" value="1.0"/>
                        </config>
                    </config>
                </config>
                <config key="column_properties"/>
                <config key="meta_data"/>
            </config>
            <config key="column_spec_11">
                <entry key="column_name" type="xstring" value="slogp_VSA1"/>
                <config key="element_names">
                    <entry key="array-size" type="xint" value="0"/>
                </config>
                <config key="column_type">
                    <entry key="cell_class" type="xstring" value="org.knime.core.data.def.DoubleCell"/>
                </config>
                <config key="column_domain">
                    <config key="lower_bound">
                        <entry key="datacell" type="xstring" value="org.knime.core.data.def.DoubleCell"/>
                        <config key="org.knime.core.data.def.DoubleCell">
                            <entry key="DoubleCell" type="xdouble" value="0.0"/>
                        </config>
                    </config>
                    <config key="upper_bound">
                        <entry key="datacell" type="xstring" value="org.knime.core.data.def.DoubleCell"/>
                        <config key="org.knime.core.data.def.DoubleCell">
                            <entry key="DoubleCell" type="xdouble" value="1.0"/>
                        </config>
                    </config>
                </config>
                <config key="column_properties"/>
                <config key="meta_data"/>
            </config>
            <config key="column_spec_12">
                <entry key="column_name" type="xstring" value="smr_VSA1"/>
                <config key="element_names">
                    <entry key="array-size" type="xint" value="0"/>
                </config>
                <config key="column_type">
                    <entry key="cell_class" type="xstring" value="org.knime.core.data.def.DoubleCell"/>
                </config>
                <config key="column_domain">
                    <config key="lower_bound">
                        <entry key="datacell" type="xstring" value="org.knime.core.data.def.DoubleCell"/>
                        <config key="org.knime.core.data.def.DoubleCell">
                            <entry key="DoubleCell" type="xdouble" value="0.0"/>
                        </config>
                    </config>
                    <config key="upper_bound">
                        <entry key="datacell" type="xstring" value="org.knime.core.data.def.DoubleCell"/>
                        <config key="org.knime.core.data.def.DoubleCell">
                            <entry key="DoubleCell" type="xdouble" value="1.0"/>
                        </config>
                    </config>
                </config>
                <config key="column_properties"/>
                <config key="meta_data"/>
            </config>
            <config key="column_spec_13">
                <entry key="column_name" type="xstring" value="smr_VSA5"/>
                <config key="element_names">
                    <entry key="array-size" type="xint" value="0"/>
                </config>
                <config key="column_type">
                    <entry key="cell_class" type="xstring" value="org.knime.core.data.def.DoubleCell"/>
                </config>
                <config key="column_domain">
                    <config key="lower_bound">
                        <entry key="datacell" type="xstring" value="org.knime.core.data.def.DoubleCell"/>
                        <config key="org.knime.core.data.def.DoubleCell">
                            <entry key="DoubleCell" type="xdouble" value="0.0"/>
                        </config>
                    </config>
                    <config key="upper_bound">
                        <entry key="datacell" type="xstring" value="org.knime.core.data.def.DoubleCell"/>
                        <config key="org.knime.core.data.def.DoubleCell">
                            <entry key="DoubleCell" type="xdouble" value="1.0"/>
                        </config>
                    </config>
                </config>
                <config key="column_properties"/>
                <config key="meta_data"/>
            </config>
            <config key="column_spec_14">
                <entry key="column_name" type="xstring" value="smr_VSA7"/>
                <config key="element_names">
                    <entry key="array-size" type="xint" value="0"/>
                </config>
                <config key="column_type">
                    <entry key="cell_class" type="xstring" value="org.knime.core.data.def.DoubleCell"/>
                </config>
                <config key="column_domain">
                    <config key="lower_bound">
                        <entry key="datacell" type="xstring" value="org.knime.core.data.def.DoubleCell"/>
                        <config key="org.knime.core.data.def.DoubleCell">
                            <entry key="DoubleCell" type="xdouble" value="0.0"/>
                        </config>
                    </config>
                    <config key="upper_bound">
                        <entry key="datacell" type="xstring" value="org.knime.core.data.def.DoubleCell"/>
                        <config key="org.knime.core.data.def.DoubleCell">
                            <entry key="DoubleCell" type="xdouble" value="1.0"/>
                        </config>
                    </config>
                </config>
                <config key="column_properties"/>
                <config key="meta_data"/>
            </config>
            <config key="column_spec_15">
                <entry key="column_name" type="xstring" value="smr_VSA10"/>
                <config key="element_names">
                    <entry key="array-size" type="xint" value="0"/>
                </config>
                <config key="column_type">
                    <entry key="cell_class" type="xstring" value="org.knime.core.data.def.DoubleCell"/>
                </config>
                <config key="column_domain">
                    <config key="lower_bound">
                        <entry key="datacell" type="xstring" value="org.knime.core.data.def.DoubleCell"/>
                        <config key="org.knime.core.data.def.DoubleCell">
                            <entry key="DoubleCell" type="xdouble" value="0.0"/>
                        </config>
                    </config>
                    <config key="upper_bound">
                        <entry key="datacell" type="xstring" value="org.knime.core.data.def.DoubleCell"/>
                        <config key="org.knime.core.data.def.DoubleCell">
                            <entry key="DoubleCell" type="xdouble" value="1.0"/>
                        </config>
                    </config>
                </config>
                <config key="column_properties"/>
                <config key="meta_data"/>
            </config>
            <config key="column_spec_16">
                <entry key="column_name" type="xstring" value="peoe_VSA2"/>
                <config key="element_names">
                    <entry key="array-size" type="xint" value="0"/>
                </config>
                <config key="column_type">
                    <entry key="cell_class" type="xstring" value="org.knime.core.data.def.DoubleCell"/>
                </config>
                <config key="column_domain">
                    <config key="lower_bound">
                        <entry key="datacell" type="xstring" value="org.knime.core.data.def.DoubleCell"/>
                        <config key="org.knime.core.data.def.DoubleCell">
                            <entry key="DoubleCell" type="xdouble" value="0.0"/>
                        </config>
                    </config>
                    <config key="upper_bound">
                        <entry key="datacell" type="xstring" value="org.knime.core.data.def.DoubleCell"/>
                        <config key="org.knime.core.data.def.DoubleCell">
                            <entry key="DoubleCell" type="xdouble" value="1.0"/>
                        </config>
                    </config>
                </config>
                <config key="column_properties"/>
                <config key="meta_data"/>
            </config>
            <config key="column_spec_17">
                <entry key="column_name" type="xstring" value="peoe_VSA6"/>
                <config key="element_names">
                    <entry key="array-size" type="xint" value="0"/>
                </config>
                <config key="column_type">
                    <entry key="cell_class" type="xstring" value="org.knime.core.data.def.DoubleCell"/>
                </config>
                <config key="column_domain">
                    <config key="lower_bound">
                        <entry key="datacell" type="xstring" value="org.knime.core.data.def.DoubleCell"/>
                        <config key="org.knime.core.data.def.DoubleCell">
                            <entry key="DoubleCell" type="xdouble" value="0.0"/>
                        </config>
                    </config>
                    <config key="upper_bound">
                        <entry key="datacell" type="xstring" value="org.knime.core.data.def.DoubleCell"/>
                        <config key="org.knime.core.data.def.DoubleCell">
                            <entry key="DoubleCell" type="xdouble" value="1.0"/>
                        </config>
                    </config>
                </config>
                <config key="column_properties"/>
                <config key="meta_data"/>
            </config>
            <config key="column_spec_18">
                <entry key="column_name" type="xstring" value="peoe_VSA8"/>
                <config key="element_names">
                    <entry key="array-size" type="xint" value="0"/>
                </config>
                <config key="column_type">
                    <entry key="cell_class" type="xstring" value="org.knime.core.data.def.DoubleCell"/>
                </config>
                <config key="column_domain">
                    <config key="lower_bound">
                        <entry key="datacell" type="xstring" value="org.knime.core.data.def.DoubleCell"/>
                        <config key="org.knime.core.data.def.DoubleCell">
                            <entry key="DoubleCell" type="xdouble" value="0.0"/>
                        </config>
                    </config>
                    <config key="upper_bound">
                        <entry key="datacell" type="xstring" value="org.knime.core.data.def.DoubleCell"/>
                        <config key="org.knime.core.data.def.DoubleCell">
                            <entry key="DoubleCell" type="xdouble" value="1.0"/>
                        </config>
                    </config>
                </config>
                <config key="column_properties"/>
                <config key="meta_data"/>
            </config>
            <config key="column_spec_19">
                <entry key="column_name" type="xstring" value="peoe_VSA9"/>
                <config key="element_names">
                    <entry key="array-size" type="xint" value="0"/>
                </config>
                <config key="column_type">
                    <entry key="cell_class" type="xstring" value="org.knime.core.data.def.DoubleCell"/>
                </config>
                <config key="column_domain">
                    <config key="lower_bound">
                        <entry key="datacell" type="xstring" value="org.knime.core.data.def.DoubleCell"/>
                        <config key="org.knime.core.data.def.DoubleCell">
                            <entry key="DoubleCell" type="xdouble" value="0.0"/>
                        </config>
                    </config>
                    <config key="upper_bound">
                        <entry key="datacell" type="xstring" value="org.knime.core.data.def.DoubleCell"/>
                        <config key="org.knime.core.data.def.DoubleCell">
                            <entry key="DoubleCell" type="xdouble" value="1.0"/>
                        </config>
                    </config>
                </config>
                <config key="column_properties"/>
                <config key="meta_data"/>
            </config>
            <config key="column_spec_20">
                <entry key="column_name" type="xstring" value="MQN10"/>
                <config key="element_names">
                    <entry key="array-size" type="xint" value="0"/>
                </config>
                <config key="column_type">
                    <entry key="cell_class" type="xstring" value="org.knime.core.data.def.DoubleCell"/>
                </config>
                <config key="column_domain">
                    <config key="lower_bound">
                        <entry key="datacell" type="xstring" value="org.knime.core.data.def.DoubleCell"/>
                        <config key="org.knime.core.data.def.DoubleCell">
                            <entry key="DoubleCell" type="xdouble" value="0.0"/>
                        </config>
                    </config>
                    <config key="upper_bound">
                        <entry key="datacell" type="xstring" value="org.knime.core.data.def.DoubleCell"/>
                        <config key="org.knime.core.data.def.DoubleCell">
                            <entry key="DoubleCell" type="xdouble" value="1.0"/>
                        </config>
                    </config>
                </config>
                <config key="column_properties"/>
                <config key="meta_data"/>
            </config>
            <config key="column_spec_21">
                <entry key="column_name" type="xstring" value="MQN13"/>
                <config key="element_names">
                    <entry key="array-size" type="xint" value="0"/>
                </config>
                <config key="column_type">
                    <entry key="cell_class" type="xstring" value="org.knime.core.data.def.DoubleCell"/>
                </config>
                <config key="column_domain">
                    <config key="lower_bound">
                        <entry key="datacell" type="xstring" value="org.knime.core.data.def.DoubleCell"/>
                        <config key="org.knime.core.data.def.DoubleCell">
                            <entry key="DoubleCell" type="xdouble" value="0.0"/>
                        </config>
                    </config>
                    <config key="upper_bound">
                        <entry key="datacell" type="xstring" value="org.knime.core.data.def.DoubleCell"/>
                        <config key="org.knime.core.data.def.DoubleCell">
                            <entry key="DoubleCell" type="xdouble" value="1.0"/>
                        </config>
                    </config>
                </config>
                <config key="column_properties"/>
                <config key="meta_data"/>
            </config>
            <config key="column_spec_22">
                <entry key="column_name" type="xstring" value="MQN14"/>
                <config key="element_names">
                    <entry key="array-size" type="xint" value="0"/>
                </config>
                <config key="column_type">
                    <entry key="cell_class" type="xstring" value="org.knime.core.data.def.DoubleCell"/>
                </config>
                <config key="column_domain">
                    <config key="lower_bound">
                        <entry key="datacell" type="xstring" value="org.knime.core.data.def.DoubleCell"/>
                        <config key="org.knime.core.data.def.DoubleCell">
                            <entry key="DoubleCell" type="xdouble" value="0.0"/>
                        </config>
                    </config>
                    <config key="upper_bound">
                        <entry key="datacell" type="xstring" value="org.knime.core.data.def.DoubleCell"/>
                        <config key="org.knime.core.data.def.DoubleCell">
                            <entry key="DoubleCell" type="xdouble" value="1.0"/>
                        </config>
                    </config>
                </config>
                <config key="column_properties"/>
                <config key="meta_data"/>
            </config>
            <config key="column_spec_23">
                <entry key="column_name" type="xstring" value="MQN27"/>
                <config key="element_names">
                    <entry key="array-size" type="xint" value="0"/>
                </config>
                <config key="column_type">
                    <entry key="cell_class" type="xstring" value="org.knime.core.data.def.DoubleCell"/>
                </config>
                <config key="column_domain">
                    <config key="lower_bound">
                        <entry key="datacell" type="xstring" value="org.knime.core.data.def.DoubleCell"/>
                        <config key="org.knime.core.data.def.DoubleCell">
                            <entry key="DoubleCell" type="xdouble" value="0.0"/>
                        </config>
                    </config>
                    <config key="upper_bound">
                        <entry key="datacell" type="xstring" value="org.knime.core.data.def.DoubleCell"/>
                        <config key="org.knime.core.data.def.DoubleCell">
                            <entry key="DoubleCell" type="xdouble" value="1.0"/>
                        </config>
                    </config>
                </config>
                <config key="column_properties"/>
                <config key="meta_data"/>
            </config>
            <config key="column_spec_24">
                <entry key="column_name" type="xstring" value="MQN31"/>
                <config key="element_names">
                    <entry key="array-size" type="xint" value="0"/>
                </config>
                <config key="column_type">
                    <entry key="cell_class" type="xstring" value="org.knime.core.data.def.DoubleCell"/>
                </config>
                <config key="column_domain">
                    <config key="lower_bound">
                        <entry key="datacell" type="xstring" value="org.knime.core.data.def.DoubleCell"/>
                        <config key="org.knime.core.data.def.DoubleCell">
                            <entry key="DoubleCell" type="xdouble" value="0.0"/>
                        </config>
                    </config>
                    <config key="upper_bound">
                        <entry key="datacell" type="xstring" value="org.knime.core.data.def.DoubleCell"/>
                        <config key="org.knime.core.data.def.DoubleCell">
                            <entry key="DoubleCell" type="xdouble" value="1.0"/>
                        </config>
                    </config>
                </config>
                <config key="column_properties"/>
                <config key="meta_data"/>
            </config>
            <config key="column_spec_25">
                <entry key="column_name" type="xstring" value="PCA dimension 0"/>
                <config key="element_names">
                    <entry key="array-size" type="xint" value="0"/>
                </config>
                <config key="column_type">
                    <entry key="cell_class" type="xstring" value="org.knime.core.data.def.DoubleCell"/>
                </config>
                <config key="column_domain">
                    <config key="lower_bound">
                        <entry key="datacell" type="xstring" value="org.knime.core.data.def.DoubleCell"/>
                        <config key="org.knime.core.data.def.DoubleCell">
                            <entry key="DoubleCell" type="xdouble" value="-3.5798371343440123"/>
                        </config>
                    </config>
                    <config key="upper_bound">
                        <entry key="datacell" type="xstring" value="org.knime.core.data.def.DoubleCell"/>
                        <config key="org.knime.core.data.def.DoubleCell">
                            <entry key="DoubleCell" type="xdouble" value="4.38102831695215"/>
                        </config>
                    </config>
                </config>
                <config key="column_properties"/>
                <config key="meta_data"/>
            </config>
            <config key="column_spec_26">
                <entry key="column_name" type="xstring" value="PCA dimension 1"/>
                <config key="element_names">
                    <entry key="array-size" type="xint" value="0"/>
                </config>
                <config key="column_type">
                    <entry key="cell_class" type="xstring" value="org.knime.core.data.def.DoubleCell"/>
                </config>
                <config key="column_domain">
                    <config key="lower_bound">
                        <entry key="datacell" type="xstring" value="org.knime.core.data.def.DoubleCell"/>
                        <config key="org.knime.core.data.def.DoubleCell">
                            <entry key="DoubleCell" type="xdouble" value="-1.7027662403589232"/>
                        </config>
                    </config>
                    <config key="upper_bound">
                        <entry key="datacell" type="xstring" value="org.knime.core.data.def.DoubleCell"/>
                        <config key="org.knime.core.data.def.DoubleCell">
                            <entry key="DoubleCell" type="xdouble" value="1.3360343129597259"/>
                        </config>
                    </config>
                </config>
                <config key="column_properties"/>
                <config key="meta_data"/>
            </config>
            <config key="column_spec_27">
                <entry key="column_name" type="xstring" value="PCA dimension 2"/>
                <config key="element_names">
                    <entry key="array-size" type="xint" value="0"/>
                </config>
                <config key="column_type">
                    <entry key="cell_class" type="xstring" value="org.knime.core.data.def.DoubleCell"/>
                </config>
                <config key="column_domain">
                    <config key="lower_bound">
                        <entry key="datacell" type="xstring" value="org.knime.core.data.def.DoubleCell"/>
                        <config key="org.knime.core.data.def.DoubleCell">
                            <entry key="DoubleCell" type="xdouble" value="-1.3530240007574779"/>
                        </config>
                    </config>
                    <config key="upper_bound">
                        <entry key="datacell" type="xstring" value="org.knime.core.data.def.DoubleCell"/>
                        <config key="org.knime.core.data.def.DoubleCell">
                            <entry key="DoubleCell" type="xdouble" value="1.8624546107551687"/>
                        </config>
                    </config>
                </config>
                <config key="column_properties"/>
                <config key="meta_data"/>
            </config>
            <config key="column_spec_28">
                <entry key="column_name" type="xstring" value="PCA dimension 3"/>
                <config key="element_names">
                    <entry key="array-size" type="xint" value="0"/>
                </config>
                <config key="column_type">
                    <entry key="cell_class" type="xstring" value="org.knime.core.data.def.DoubleCell"/>
                </config>
                <config key="column_domain">
                    <config key="lower_bound">
                        <entry key="datacell" type="xstring" value="org.knime.core.data.def.DoubleCell"/>
                        <config key="org.knime.core.data.def.DoubleCell">
                            <entry key="DoubleCell" type="xdouble" value="-1.306648032352317"/>
                        </config>
                    </config>
                    <config key="upper_bound">
                        <entry key="datacell" type="xstring" value="org.knime.core.data.def.DoubleCell"/>
                        <config key="org.knime.core.data.def.DoubleCell">
                            <entry key="DoubleCell" type="xdouble" value="1.1508447453230233"/>
                        </config>
                    </config>
                </config>
                <config key="column_properties"/>
                <config key="meta_data"/>
            </config>
            <config key="column_spec_29">
                <entry key="column_name" type="xstring" value="pLC50"/>
                <config key="element_names">
                    <entry key="array-size" type="xint" value="0"/>
                </config>
                <config key="column_type">
                    <entry key="cell_class" type="xstring" value="org.knime.core.data.def.DoubleCell"/>
                </config>
                <config key="column_domain">
                    <config key="lower_bound">
                        <entry key="datacell" type="xstring" value="org.knime.core.data.def.DoubleCell"/>
                        <config key="org.knime.core.data.def.DoubleCell">
                            <entry key="DoubleCell" type="xdouble" value="0.496"/>
                        </config>
                    </config>
                    <config key="upper_bound">
                        <entry key="datacell" type="xstring" value="org.knime.core.data.def.DoubleCell"/>
                        <config key="org.knime.core.data.def.DoubleCell">
                            <entry key="DoubleCell" type="xdouble" value="7.88"/>
                        </config>
                    </config>
                </config>
                <config key="column_properties"/>
                <config key="meta_data"/>
            </config>
        </config>
    </config>
</config>
