<?xml version="1.0" encoding="UTF-8"?>
<config xmlns="http://www.knime.org/2008/09/XMLConfig" xmlns:xsi="http://www.w3.org/2001/XMLSchema-instance" xsi:schemaLocation="http://www.knime.org/2008/09/XMLConfig http://www.knime.org/XMLConfig_2008_09.xsd" key="model.xml">
    <entry key="version" type="xint" value="1"/>
    <entry key="class_name" type="xstring" value="org.knime.base.data.normalize.NormalizerPortObject"/>
    <config key="model">
        <config key="columns">
            <config key="Atom count">
                <entry key="column_name" type="xstring" value="Atom count"/>
                <entry key="column_scale" type="xdouble" value="0.17936468699032454"/>
                <entry key="column_translate" type="xdouble" value="0.5079101857461226"/>
                <entry key="column_min" type="xdouble" value="0.0"/>
                <entry key="column_max" type="xdouble" value="1.0"/>
            </config>
            <config key="Bond count">
                <entry key="column_name" type="xstring" value="Bond count"/>
                <entry key="column_scale" type="xdouble" value="0.17473425117479785"/>
                <entry key="column_translate" type="xdouble" value="0.4978090099383612"/>
                <entry key="column_min" type="xdouble" value="0.0"/>
                <entry key="column_max" type="xdouble" value="1.0"/>
            </config>
            <config key="SlogP">
                <entry key="column_name" type="xstring" value="SlogP"/>
                <entry key="column_scale" type="xdouble" value="0.15053603338742808"/>
                <entry key="column_translate" type="xdouble" value="0.39385312420094404"/>
                <entry key="column_min" type="xdouble" value="0.0"/>
                <entry key="column_max" type="xdouble" value="1.0"/>
            </config>
            <config key="SMR">
                <entry key="column_name" type="xstring" value="SMR"/>
                <entry key="column_scale" type="xdouble" value="0.17147763486914835"/>
                <entry key="column_translate" type="xdouble" value="0.5103349117744473"/>
                <entry key="column_min" type="xdouble" value="0.0"/>
                <entry key="column_max" type="xdouble" value="1.0"/>
            </config>
            <config key="LabuteASA">
                <entry key="column_name" type="xstring" value="LabuteASA"/>
                <entry key="column_scale" type="xdouble" value="0.20090025429240688"/>
                <entry key="column_translate" type="xdouble" value="0.4647030252653057"/>
                <entry key="column_min" type="xdouble" value="0.0"/>
                <entry key="column_max" type="xdouble" value="1.0"/>
            </config>
            <config key="TPSA">
                <entry key="column_name" type="xstring" value="TPSA"/>
                <entry key="column_scale" type="xdouble" value="0.2179066672948537"/>
                <entry key="column_translate" type="xdouble" value="0.2715837004231712"/>
                <entry key="column_min" type="xdouble" value="0.0"/>
                <entry key="column_max" type="xdouble" value="1.0"/>
            </config>
            <config key="AMW">
                <entry key="column_name" type="xstring" value="AMW"/>
                <entry key="column_scale" type="xdouble" value="0.209595146574479"/>
                <entry key="column_translate" type="xdouble" value="0.47519354667848807"/>
                <entry key="column_min" type="xdouble" value="0.0"/>
                <entry key="column_max" type="xdouble" value="1.0"/>
            </config>
            <config key="ExactMW">
                <entry key="column_name" type="xstring" value="ExactMW"/>
                <entry key="column_scale" type="xdouble" value="0.21004318788959853"/>
                <entry key="column_translate" type="xdouble" value="0.4764497029351127"/>
                <entry key="column_min" type="xdouble" value="0.0"/>
                <entry key="column_max" type="xdouble" value="1.0"/>
            </config>
            <config key="NumLipinskiHBA">
                <entry key="column_name" type="xstring" value="NumLipinskiHBA"/>
                <entry key="column_scale" type="xdouble" value="0.22343778317903074"/>
                <entry key="column_translate" type="xdouble" value="0.24557522123893805"/>
                <entry key="column_min" type="xdouble" value="0.0"/>
                <entry key="column_max" type="xdouble" value="1.0"/>
            </config>
            <config key="NumLipinskiHBD">
                <entry key="column_name" type="xstring" value="NumLipinskiHBD"/>
                <entry key="column_scale" type="xdouble" value="0.26899661644724193"/>
                <entry key="column_translate" type="xdouble" value="0.23893805309734514"/>
                <entry key="column_min" type="xdouble" value="0.0"/>
                <entry key="column_max" type="xdouble" value="1.0"/>
            </config>
            <config key="NumRotatableBonds">
                <entry key="column_name" type="xstring" value="NumRotatableBonds"/>
                <entry key="column_scale" type="xdouble" value="0.19570053373545127"/>
                <entry key="column_translate" type="xdouble" value="0.16224188790560473"/>
                <entry key="column_min" type="xdouble" value="0.0"/>
                <entry key="column_max" type="xdouble" value="1.0"/>
            </config>
            <config key="NumHBD">
                <entry key="column_name" type="xstring" value="NumHBD"/>
                <entry key="column_scale" type="xdouble" value="0.2911733532076807"/>
                <entry key="column_translate" type="xdouble" value="0.2743362831858408"/>
                <entry key="column_min" type="xdouble" value="0.0"/>
                <entry key="column_max" type="xdouble" value="1.0"/>
            </config>
            <config key="NumHBA">
                <entry key="column_name" type="xstring" value="NumHBA"/>
                <entry key="column_scale" type="xdouble" value="0.24296536263271584"/>
                <entry key="column_translate" type="xdouble" value="0.2949852507374632"/>
                <entry key="column_min" type="xdouble" value="0.0"/>
                <entry key="column_max" type="xdouble" value="1.0"/>
            </config>
            <config key="NumAmideBonds">
                <entry key="column_name" type="xstring" value="NumAmideBonds"/>
                <entry key="column_scale" type="xdouble" value="0.27195039333468984"/>
                <entry key="column_translate" type="xdouble" value="0.07964601769911507"/>
                <entry key="column_min" type="xdouble" value="0.0"/>
                <entry key="column_max" type="xdouble" value="1.0"/>
            </config>
            <config key="NumHeteroAtoms">
                <entry key="column_name" type="xstring" value="NumHeteroAtoms"/>
                <entry key="column_scale" type="xdouble" value="0.21556433107952383"/>
                <entry key="column_translate" type="xdouble" value="0.3048180924287119"/>
                <entry key="column_min" type="xdouble" value="0.0"/>
                <entry key="column_max" type="xdouble" value="1.0"/>
            </config>
            <config key="NumHeavyAtoms">
                <entry key="column_name" type="xstring" value="NumHeavyAtoms"/>
                <entry key="column_scale" type="xdouble" value="0.1962995542940228"/>
                <entry key="column_translate" type="xdouble" value="0.4646214798700731"/>
                <entry key="column_min" type="xdouble" value="0.0"/>
                <entry key="column_max" type="xdouble" value="1.0"/>
            </config>
            <config key="NumAtoms">
                <entry key="column_name" type="xstring" value="NumAtoms"/>
                <entry key="column_scale" type="xdouble" value="0.17936468699032454"/>
                <entry key="column_translate" type="xdouble" value="0.5079101857461226"/>
                <entry key="column_min" type="xdouble" value="0.0"/>
                <entry key="column_max" type="xdouble" value="1.0"/>
            </config>
            <config key="NumStereocenters">
                <entry key="column_name" type="xstring" value="NumStereocenters"/>
                <entry key="column_scale" type="xdouble" value="0.16317992055648028"/>
                <entry key="column_translate" type="xdouble" value="0.04867256637168142"/>
                <entry key="column_min" type="xdouble" value="0.0"/>
                <entry key="column_max" type="xdouble" value="1.0"/>
            </config>
            <config key="NumUnspecifiedStereocenters">
                <entry key="column_name" type="xstring" value="NumUnspecifiedStereocenters"/>
                <entry key="column_scale" type="xdouble" value="1.0"/>
                <entry key="column_translate" type="xdouble" value="0.0"/>
                <entry key="column_min" type="xdouble" value="0.0"/>
                <entry key="column_max" type="xdouble" value="1.0"/>
            </config>
            <config key="NumRings">
                <entry key="column_name" type="xstring" value="NumRings"/>
                <entry key="column_scale" type="xdouble" value="0.18159963987723052"/>
                <entry key="column_translate" type="xdouble" value="0.2035398230088495"/>
                <entry key="column_min" type="xdouble" value="0.0"/>
                <entry key="column_max" type="xdouble" value="1.0"/>
            </config>
            <config key="NumAromaticRings">
                <entry key="column_name" type="xstring" value="NumAromaticRings"/>
                <entry key="column_scale" type="xdouble" value="0.3241126171903794"/>
                <entry key="column_translate" type="xdouble" value="0.37610619469026546"/>
                <entry key="column_min" type="xdouble" value="0.0"/>
                <entry key="column_max" type="xdouble" value="1.0"/>
            </config>
            <config key="NumSaturatedRings">
                <entry key="column_name" type="xstring" value="NumSaturatedRings"/>
                <entry key="column_scale" type="xdouble" value="0.13094280315891763"/>
                <entry key="column_translate" type="xdouble" value="0.02654867256637168"/>
                <entry key="column_min" type="xdouble" value="0.0"/>
                <entry key="column_max" type="xdouble" value="1.0"/>
            </config>
            <config key="NumAliphaticRings">
                <entry key="column_name" type="xstring" value="NumAliphaticRings"/>
                <entry key="column_scale" type="xdouble" value="0.1535762060821569"/>
                <entry key="column_translate" type="xdouble" value="0.030973451327433624"/>
                <entry key="column_min" type="xdouble" value="0.0"/>
                <entry key="column_max" type="xdouble" value="1.0"/>
            </config>
            <config key="NumAromaticHeterocycles">
                <entry key="column_name" type="xstring" value="NumAromaticHeterocycles"/>
                <entry key="column_scale" type="xdouble" value="0.19484912637227916"/>
                <entry key="column_translate" type="xdouble" value="0.06637168141592918"/>
                <entry key="column_min" type="xdouble" value="0.0"/>
                <entry key="column_max" type="xdouble" value="1.0"/>
            </config>
            <config key="NumSaturatedHeterocycles">
                <entry key="column_name" type="xstring" value="NumSaturatedHeterocycles"/>
                <entry key="column_scale" type="xdouble" value="0.12300879271297199"/>
                <entry key="column_translate" type="xdouble" value="0.022123893805309734"/>
                <entry key="column_min" type="xdouble" value="0.0"/>
                <entry key="column_max" type="xdouble" value="1.0"/>
            </config>
            <config key="NumAliphaticHeterocycles">
                <entry key="column_name" type="xstring" value="NumAliphaticHeterocycles"/>
                <entry key="column_scale" type="xdouble" value="0.14700443331206295"/>
                <entry key="column_translate" type="xdouble" value="0.026548672566371685"/>
                <entry key="column_min" type="xdouble" value="0.0"/>
                <entry key="column_max" type="xdouble" value="1.0"/>
            </config>
            <config key="NumAromaticCarbocycles">
                <entry key="column_name" type="xstring" value="NumAromaticCarbocycles"/>
                <entry key="column_scale" type="xdouble" value="0.3085000005122458"/>
                <entry key="column_translate" type="xdouble" value="0.30973451327433627"/>
                <entry key="column_min" type="xdouble" value="0.0"/>
                <entry key="column_max" type="xdouble" value="1.0"/>
            </config>
            <config key="NumSaturatedCarbocycles">
                <entry key="column_name" type="xstring" value="NumSaturatedCarbocycles"/>
                <entry key="column_scale" type="xdouble" value="0.09407208683835971"/>
                <entry key="column_translate" type="xdouble" value="0.008849557522123895"/>
                <entry key="column_min" type="xdouble" value="0.0"/>
                <entry key="column_max" type="xdouble" value="1.0"/>
            </config>
            <config key="NumAliphaticCarbocycles">
                <entry key="column_name" type="xstring" value="NumAliphaticCarbocycles"/>
                <entry key="column_scale" type="xdouble" value="0.09407208683835971"/>
                <entry key="column_translate" type="xdouble" value="0.008849557522123895"/>
                <entry key="column_min" type="xdouble" value="0.0"/>
                <entry key="column_max" type="xdouble" value="1.0"/>
            </config>
            <config key="FractionCSP3">
                <entry key="column_name" type="xstring" value="FractionCSP3"/>
                <entry key="column_scale" type="xdouble" value="0.38397711651654215"/>
                <entry key="column_translate" type="xdouble" value="0.3809510519557369"/>
                <entry key="column_min" type="xdouble" value="0.0"/>
                <entry key="column_max" type="xdouble" value="1.0"/>
            </config>
            <config key="Chi0v">
                <entry key="column_name" type="xstring" value="Chi0v"/>
                <entry key="column_scale" type="xdouble" value="0.19698752753640406"/>
                <entry key="column_translate" type="xdouble" value="0.4939088355544071"/>
                <entry key="column_min" type="xdouble" value="0.0"/>
                <entry key="column_max" type="xdouble" value="1.0"/>
            </config>
            <config key="Chi1v">
                <entry key="column_name" type="xstring" value="Chi1v"/>
                <entry key="column_scale" type="xdouble" value="0.185120183549525"/>
                <entry key="column_translate" type="xdouble" value="0.510191807919003"/>
                <entry key="column_min" type="xdouble" value="0.0"/>
                <entry key="column_max" type="xdouble" value="1.0"/>
            </config>
            <config key="Chi2v">
                <entry key="column_name" type="xstring" value="Chi2v"/>
                <entry key="column_scale" type="xdouble" value="0.18541977977266688"/>
                <entry key="column_translate" type="xdouble" value="0.5009569316800785"/>
                <entry key="column_min" type="xdouble" value="0.0"/>
                <entry key="column_max" type="xdouble" value="1.0"/>
            </config>
            <config key="Chi3v">
                <entry key="column_name" type="xstring" value="Chi3v"/>
                <entry key="column_scale" type="xdouble" value="0.15245345359680681"/>
                <entry key="column_translate" type="xdouble" value="0.22439069493963174"/>
                <entry key="column_min" type="xdouble" value="0.0"/>
                <entry key="column_max" type="xdouble" value="1.0"/>
            </config>
            <config key="Chi4v">
                <entry key="column_name" type="xstring" value="Chi4v"/>
                <entry key="column_scale" type="xdouble" value="0.19835384403392153"/>
                <entry key="column_translate" type="xdouble" value="0.23090484190498645"/>
                <entry key="column_min" type="xdouble" value="0.0"/>
                <entry key="column_max" type="xdouble" value="1.0"/>
            </config>
            <config key="Chi1n">
                <entry key="column_name" type="xstring" value="Chi1n"/>
                <entry key="column_scale" type="xdouble" value="0.1849974801234079"/>
                <entry key="column_translate" type="xdouble" value="0.45812772293169746"/>
                <entry key="column_min" type="xdouble" value="0.0"/>
                <entry key="column_max" type="xdouble" value="1.0"/>
            </config>
            <config key="Chi2n">
                <entry key="column_name" type="xstring" value="Chi2n"/>
                <entry key="column_scale" type="xdouble" value="0.1814048734629848"/>
                <entry key="column_translate" type="xdouble" value="0.46262543449280175"/>
                <entry key="column_min" type="xdouble" value="0.0"/>
                <entry key="column_max" type="xdouble" value="1.0"/>
            </config>
            <config key="Chi3n">
                <entry key="column_name" type="xstring" value="Chi3n"/>
                <entry key="column_scale" type="xdouble" value="0.1535615462858372"/>
                <entry key="column_translate" type="xdouble" value="0.2510956240231281"/>
                <entry key="column_min" type="xdouble" value="0.0"/>
                <entry key="column_max" type="xdouble" value="1.0"/>
            </config>
            <config key="Chi4n">
                <entry key="column_name" type="xstring" value="Chi4n"/>
                <entry key="column_scale" type="xdouble" value="0.15117104193150996"/>
                <entry key="column_translate" type="xdouble" value="0.19840792275801633"/>
                <entry key="column_min" type="xdouble" value="0.0"/>
                <entry key="column_max" type="xdouble" value="1.0"/>
            </config>
            <config key="HallKierAlpha">
                <entry key="column_name" type="xstring" value="HallKierAlpha"/>
                <entry key="column_scale" type="xdouble" value="0.22149873128119144"/>
                <entry key="column_translate" type="xdouble" value="0.42947865560089876"/>
                <entry key="column_min" type="xdouble" value="0.0"/>
                <entry key="column_max" type="xdouble" value="1.0"/>
            </config>
            <config key="kappa1">
                <entry key="column_name" type="xstring" value="kappa1"/>
                <entry key="column_scale" type="xdouble" value="0.16296555432208978"/>
                <entry key="column_translate" type="xdouble" value="0.5407261118376979"/>
                <entry key="column_min" type="xdouble" value="0.0"/>
                <entry key="column_max" type="xdouble" value="1.0"/>
            </config>
            <config key="kappa2">
                <entry key="column_name" type="xstring" value="kappa2"/>
                <entry key="column_scale" type="xdouble" value="0.1868413309798395"/>
                <entry key="column_translate" type="xdouble" value="0.580236837857711"/>
                <entry key="column_min" type="xdouble" value="0.0"/>
                <entry key="column_max" type="xdouble" value="1.0"/>
            </config>
            <config key="kappa3">
                <entry key="column_name" type="xstring" value="kappa3"/>
                <entry key="column_scale" type="xdouble" value="0.15466816938290734"/>
                <entry key="column_translate" type="xdouble" value="0.5450506899219941"/>
                <entry key="column_min" type="xdouble" value="0.0"/>
                <entry key="column_max" type="xdouble" value="1.0"/>
            </config>
            <config key="slogp_VSA1">
                <entry key="column_name" type="xstring" value="slogp_VSA1"/>
                <entry key="column_scale" type="xdouble" value="0.2245711947355448"/>
                <entry key="column_translate" type="xdouble" value="0.14405024709462882"/>
                <entry key="column_min" type="xdouble" value="0.0"/>
                <entry key="column_max" type="xdouble" value="1.0"/>
            </config>
            <config key="slogp_VSA2">
                <entry key="column_name" type="xstring" value="slogp_VSA2"/>
                <entry key="column_scale" type="xdouble" value="0.16253544703992015"/>
                <entry key="column_translate" type="xdouble" value="0.1692914964919527"/>
                <entry key="column_min" type="xdouble" value="0.0"/>
                <entry key="column_max" type="xdouble" value="1.0"/>
            </config>
            <config key="slogp_VSA3">
                <entry key="column_name" type="xstring" value="slogp_VSA3"/>
                <entry key="column_scale" type="xdouble" value="0.2494655683630294"/>
                <entry key="column_translate" type="xdouble" value="0.12823367990375786"/>
                <entry key="column_min" type="xdouble" value="0.0"/>
                <entry key="column_max" type="xdouble" value="1.0"/>
            </config>
            <config key="slogp_VSA4">
                <entry key="column_name" type="xstring" value="slogp_VSA4"/>
                <entry key="column_scale" type="xdouble" value="0.23683634862877054"/>
                <entry key="column_translate" type="xdouble" value="0.13695201582388847"/>
                <entry key="column_min" type="xdouble" value="0.0"/>
                <entry key="column_max" type="xdouble" value="1.0"/>
            </config>
            <config key="slogp_VSA5">
                <entry key="column_name" type="xstring" value="slogp_VSA5"/>
                <entry key="column_scale" type="xdouble" value="0.20255058693013045"/>
                <entry key="column_translate" type="xdouble" value="0.18081252070622397"/>
                <entry key="column_min" type="xdouble" value="0.0"/>
                <entry key="column_max" type="xdouble" value="1.0"/>
            </config>
            <config key="slogp_VSA6">
                <entry key="column_name" type="xstring" value="slogp_VSA6"/>
                <entry key="column_scale" type="xdouble" value="0.2511885201196319"/>
                <entry key="column_translate" type="xdouble" value="0.2806245689504998"/>
                <entry key="column_min" type="xdouble" value="0.0"/>
                <entry key="column_max" type="xdouble" value="1.0"/>
            </config>
            <config key="slogp_VSA7">
                <entry key="column_name" type="xstring" value="slogp_VSA7"/>
                <entry key="column_scale" type="xdouble" value="0.1456695697207636"/>
                <entry key="column_translate" type="xdouble" value="0.04277286135693216"/>
                <entry key="column_min" type="xdouble" value="0.0"/>
                <entry key="column_max" type="xdouble" value="1.0"/>
            </config>
            <config key="slogp_VSA8">
                <entry key="column_name" type="xstring" value="slogp_VSA8"/>
                <entry key="column_scale" type="xdouble" value="0.20737324952920205"/>
                <entry key="column_translate" type="xdouble" value="0.0480825118915365"/>
                <entry key="column_min" type="xdouble" value="0.0"/>
                <entry key="column_max" type="xdouble" value="1.0"/>
            </config>
            <config key="slogp_VSA9">
                <entry key="column_name" type="xstring" value="slogp_VSA9"/>
                <entry key="column_scale" type="xdouble" value="1.0"/>
                <entry key="column_translate" type="xdouble" value="0.0"/>
                <entry key="column_min" type="xdouble" value="0.0"/>
                <entry key="column_max" type="xdouble" value="1.0"/>
            </config>
            <config key="slogp_VSA10">
                <entry key="column_name" type="xstring" value="slogp_VSA10"/>
                <entry key="column_scale" type="xdouble" value="0.16932829122265314"/>
                <entry key="column_translate" type="xdouble" value="0.07845358270271435"/>
                <entry key="column_min" type="xdouble" value="0.0"/>
                <entry key="column_max" type="xdouble" value="1.0"/>
            </config>
            <config key="slogp_VSA11">
                <entry key="column_name" type="xstring" value="slogp_VSA11"/>
                <entry key="column_scale" type="xdouble" value="0.18321490872962745"/>
                <entry key="column_translate" type="xdouble" value="0.09075817144338556"/>
                <entry key="column_min" type="xdouble" value="0.0"/>
                <entry key="column_max" type="xdouble" value="1.0"/>
            </config>
            <config key="slogp_VSA12">
                <entry key="column_name" type="xstring" value="slogp_VSA12"/>
                <entry key="column_scale" type="xdouble" value="0.1990301605552388"/>
                <entry key="column_translate" type="xdouble" value="0.09450817417428767"/>
                <entry key="column_min" type="xdouble" value="0.0"/>
                <entry key="column_max" type="xdouble" value="1.0"/>
            </config>
            <config key="smr_VSA1">
                <entry key="column_name" type="xstring" value="smr_VSA1"/>
                <entry key="column_scale" type="xdouble" value="0.2322052535068495"/>
                <entry key="column_translate" type="xdouble" value="0.24600246906264056"/>
                <entry key="column_min" type="xdouble" value="0.0"/>
                <entry key="column_max" type="xdouble" value="1.0"/>
            </config>
            <config key="smr_VSA2">
                <entry key="column_name" type="xstring" value="smr_VSA2"/>
                <entry key="column_scale" type="xdouble" value="0.16147628038720263"/>
                <entry key="column_translate" type="xdouble" value="0.026548672566371678"/>
                <entry key="column_min" type="xdouble" value="0.0"/>
                <entry key="column_max" type="xdouble" value="1.0"/>
            </config>
            <config key="smr_VSA3">
                <entry key="column_name" type="xstring" value="smr_VSA3"/>
                <entry key="column_scale" type="xdouble" value="0.15399843122722595"/>
                <entry key="column_translate" type="xdouble" value="0.04867411760336016"/>
                <entry key="column_min" type="xdouble" value="0.0"/>
                <entry key="column_max" type="xdouble" value="1.0"/>
            </config>
            <config key="smr_VSA4">
                <entry key="column_name" type="xstring" value="smr_VSA4"/>
                <entry key="column_scale" type="xdouble" value="0.13972614709735784"/>
                <entry key="column_translate" type="xdouble" value="0.046924385762772726"/>
                <entry key="column_min" type="xdouble" value="0.0"/>
                <entry key="column_max" type="xdouble" value="1.0"/>
            </config>
            <config key="smr_VSA5">
                <entry key="column_name" type="xstring" value="smr_VSA5"/>
                <entry key="column_scale" type="xdouble" value="0.21407996111680175"/>
                <entry key="column_translate" type="xdouble" value="0.16325581940603565"/>
                <entry key="column_min" type="xdouble" value="0.0"/>
                <entry key="column_max" type="xdouble" value="1.0"/>
            </config>
            <config key="smr_VSA6">
                <entry key="column_name" type="xstring" value="smr_VSA6"/>
                <entry key="column_scale" type="xdouble" value="0.1646254466816844"/>
                <entry key="column_translate" type="xdouble" value="0.10628844450037588"/>
                <entry key="column_min" type="xdouble" value="0.0"/>
                <entry key="column_max" type="xdouble" value="1.0"/>
            </config>
            <config key="smr_VSA7">
                <entry key="column_name" type="xstring" value="smr_VSA7"/>
                <entry key="column_scale" type="xdouble" value="0.25502199820712684"/>
                <entry key="column_translate" type="xdouble" value="0.3265649423529972"/>
                <entry key="column_min" type="xdouble" value="0.0"/>
                <entry key="column_max" type="xdouble" value="1.0"/>
            </config>
            <config key="smr_VSA8">
                <entry key="column_name" type="xstring" value="smr_VSA8"/>
                <entry key="column_scale" type="xdouble" value="1.0"/>
                <entry key="column_translate" type="xdouble" value="0.0"/>
                <entry key="column_min" type="xdouble" value="0.0"/>
                <entry key="column_max" type="xdouble" value="1.0"/>
            </config>
            <config key="smr_VSA9">
                <entry key="column_name" type="xstring" value="smr_VSA9"/>
                <entry key="column_scale" type="xdouble" value="0.20029253041793163"/>
                <entry key="column_translate" type="xdouble" value="0.11657024558292677"/>
                <entry key="column_min" type="xdouble" value="0.0"/>
                <entry key="column_max" type="xdouble" value="1.0"/>
            </config>
            <config key="smr_VSA10">
                <entry key="column_name" type="xstring" value="smr_VSA10"/>
                <entry key="column_scale" type="xdouble" value="0.18992104977224744"/>
                <entry key="column_translate" type="xdouble" value="0.15142229594587162"/>
                <entry key="column_min" type="xdouble" value="0.0"/>
                <entry key="column_max" type="xdouble" value="1.0"/>
            </config>
            <config key="peoe_VSA1">
                <entry key="column_name" type="xstring" value="peoe_VSA1"/>
                <entry key="column_scale" type="xdouble" value="0.21300754586121856"/>
                <entry key="column_translate" type="xdouble" value="0.25293443816339184"/>
                <entry key="column_min" type="xdouble" value="0.0"/>
                <entry key="column_max" type="xdouble" value="1.0"/>
            </config>
            <config key="peoe_VSA2">
                <entry key="column_name" type="xstring" value="peoe_VSA2"/>
                <entry key="column_scale" type="xdouble" value="0.18986527587364557"/>
                <entry key="column_translate" type="xdouble" value="0.11367856512523307"/>
                <entry key="column_min" type="xdouble" value="0.0"/>
                <entry key="column_max" type="xdouble" value="1.0"/>
            </config>
            <config key="peoe_VSA3">
                <entry key="column_name" type="xstring" value="peoe_VSA3"/>
                <entry key="column_scale" type="xdouble" value="0.15708471282400693"/>
                <entry key="column_translate" type="xdouble" value="0.05431590705502202"/>
                <entry key="column_min" type="xdouble" value="0.0"/>
                <entry key="column_max" type="xdouble" value="1.0"/>
            </config>
            <config key="peoe_VSA4">
                <entry key="column_name" type="xstring" value="peoe_VSA4"/>
                <entry key="column_scale" type="xdouble" value="0.14966367185974414"/>
                <entry key="column_translate" type="xdouble" value="0.033634303678686694"/>
                <entry key="column_min" type="xdouble" value="0.0"/>
                <entry key="column_max" type="xdouble" value="1.0"/>
            </config>
            <config key="peoe_VSA5">
                <entry key="column_name" type="xstring" value="peoe_VSA5"/>
                <entry key="column_scale" type="xdouble" value="0.13432656370841545"/>
                <entry key="column_translate" type="xdouble" value="0.028182568999847214"/>
                <entry key="column_min" type="xdouble" value="0.0"/>
                <entry key="column_max" type="xdouble" value="1.0"/>
            </config>
            <config key="peoe_VSA6">
                <entry key="column_name" type="xstring" value="peoe_VSA6"/>
                <entry key="column_scale" type="xdouble" value="0.22450630922293444"/>
                <entry key="column_translate" type="xdouble" value="0.24633276194866288"/>
                <entry key="column_min" type="xdouble" value="0.0"/>
                <entry key="column_max" type="xdouble" value="1.0"/>
            </config>
            <config key="peoe_VSA7">
                <entry key="column_name" type="xstring" value="peoe_VSA7"/>
                <entry key="column_scale" type="xdouble" value="0.18313392564177022"/>
                <entry key="column_translate" type="xdouble" value="0.19578928401072382"/>
                <entry key="column_min" type="xdouble" value="0.0"/>
                <entry key="column_max" type="xdouble" value="1.0"/>
            </config>
            <config key="peoe_VSA8">
                <entry key="column_name" type="xstring" value="peoe_VSA8"/>
                <entry key="column_scale" type="xdouble" value="0.19987930876434026"/>
                <entry key="column_translate" type="xdouble" value="0.18272191094864043"/>
                <entry key="column_min" type="xdouble" value="0.0"/>
                <entry key="column_max" type="xdouble" value="1.0"/>
            </config>
            <config key="peoe_VSA9">
                <entry key="column_name" type="xstring" value="peoe_VSA9"/>
                <entry key="column_scale" type="xdouble" value="0.2192527150330625"/>
                <entry key="column_translate" type="xdouble" value="0.15150544722809697"/>
                <entry key="column_min" type="xdouble" value="0.0"/>
                <entry key="column_max" type="xdouble" value="1.0"/>
            </config>
            <config key="peoe_VSA10">
                <entry key="column_name" type="xstring" value="peoe_VSA10"/>
                <entry key="column_scale" type="xdouble" value="0.19290785625240442"/>
                <entry key="column_translate" type="xdouble" value="0.16096184208245568"/>
                <entry key="column_min" type="xdouble" value="0.0"/>
                <entry key="column_max" type="xdouble" value="1.0"/>
            </config>
            <config key="peoe_VSA11">
                <entry key="column_name" type="xstring" value="peoe_VSA11"/>
                <entry key="column_scale" type="xdouble" value="0.17515430258196762"/>
                <entry key="column_translate" type="xdouble" value="0.06341360453484586"/>
                <entry key="column_min" type="xdouble" value="0.0"/>
                <entry key="column_max" type="xdouble" value="1.0"/>
            </config>
            <config key="peoe_VSA12">
                <entry key="column_name" type="xstring" value="peoe_VSA12"/>
                <entry key="column_scale" type="xdouble" value="0.15728588389600823"/>
                <entry key="column_translate" type="xdouble" value="0.04852419831458491"/>
                <entry key="column_min" type="xdouble" value="0.0"/>
                <entry key="column_max" type="xdouble" value="1.0"/>
            </config>
            <config key="peoe_VSA13">
                <entry key="column_name" type="xstring" value="peoe_VSA13"/>
                <entry key="column_scale" type="xdouble" value="0.1879874726147194"/>
                <entry key="column_translate" type="xdouble" value="0.07103878149009257"/>
                <entry key="column_min" type="xdouble" value="0.0"/>
                <entry key="column_max" type="xdouble" value="1.0"/>
            </config>
            <config key="peoe_VSA14">
                <entry key="column_name" type="xstring" value="peoe_VSA14"/>
                <entry key="column_scale" type="xdouble" value="0.22625266808838443"/>
                <entry key="column_translate" type="xdouble" value="0.09635905004327094"/>
                <entry key="column_min" type="xdouble" value="0.0"/>
                <entry key="column_max" type="xdouble" value="1.0"/>
            </config>
            <config key="MQN1">
                <entry key="column_name" type="xstring" value="MQN1"/>
                <entry key="column_scale" type="xdouble" value="0.1977321567342739"/>
                <entry key="column_translate" type="xdouble" value="0.4117399119254115"/>
                <entry key="column_min" type="xdouble" value="0.0"/>
                <entry key="column_max" type="xdouble" value="1.0"/>
            </config>
            <config key="MQN2">
                <entry key="column_name" type="xstring" value="MQN2"/>
                <entry key="column_scale" type="xdouble" value="0.14606079125088428"/>
                <entry key="column_translate" type="xdouble" value="0.028318584070796477"/>
                <entry key="column_min" type="xdouble" value="0.0"/>
                <entry key="column_max" type="xdouble" value="1.0"/>
            </config>
            <config key="MQN3">
                <entry key="column_name" type="xstring" value="MQN3"/>
                <entry key="column_scale" type="xdouble" value="0.18085178353505418"/>
                <entry key="column_translate" type="xdouble" value="0.0737463126843658"/>
                <entry key="column_min" type="xdouble" value="0.0"/>
                <entry key="column_max" type="xdouble" value="1.0"/>
            </config>
            <config key="MQN4">
                <entry key="column_name" type="xstring" value="MQN4"/>
                <entry key="column_scale" type="xdouble" value="0.10252809426581588"/>
                <entry key="column_translate" type="xdouble" value="0.014159292035398232"/>
                <entry key="column_min" type="xdouble" value="0.0"/>
                <entry key="column_max" type="xdouble" value="1.0"/>
            </config>
            <config key="MQN5">
                <entry key="column_name" type="xstring" value="MQN5"/>
                <entry key="column_scale" type="xdouble" value="0.09407208683835976"/>
                <entry key="column_translate" type="xdouble" value="0.0088495575221239"/>
                <entry key="column_min" type="xdouble" value="0.0"/>
                <entry key="column_max" type="xdouble" value="1.0"/>
            </config>
            <config key="MQN6">
                <entry key="column_name" type="xstring" value="MQN6"/>
                <entry key="column_scale" type="xdouble" value="0.18368162143529043"/>
                <entry key="column_translate" type="xdouble" value="0.044247787610619455"/>
                <entry key="column_min" type="xdouble" value="0.0"/>
                <entry key="column_max" type="xdouble" value="1.0"/>
            </config>
            <config key="MQN7">
                <entry key="column_name" type="xstring" value="MQN7"/>
                <entry key="column_scale" type="xdouble" value="0.09407208683835973"/>
                <entry key="column_translate" type="xdouble" value="0.008849557522123894"/>
                <entry key="column_min" type="xdouble" value="0.0"/>
                <entry key="column_max" type="xdouble" value="1.0"/>
            </config>
            <config key="MQN8">
                <entry key="column_name" type="xstring" value="MQN8"/>
                <entry key="column_scale" type="xdouble" value="0.20719770551294048"/>
                <entry key="column_translate" type="xdouble" value="0.13569321533923306"/>
                <entry key="column_min" type="xdouble" value="0.0"/>
                <entry key="column_max" type="xdouble" value="1.0"/>
            </config>
            <config key="MQN9">
                <entry key="column_name" type="xstring" value="MQN9"/>
                <entry key="column_scale" type="xdouble" value="0.1527378665512735"/>
                <entry key="column_translate" type="xdouble" value="0.04203539823008852"/>
                <entry key="column_min" type="xdouble" value="0.0"/>
                <entry key="column_max" type="xdouble" value="1.0"/>
            </config>
            <config key="MQN10">
                <entry key="column_name" type="xstring" value="MQN10"/>
                <entry key="column_scale" type="xdouble" value="0.22958888240384004"/>
                <entry key="column_translate" type="xdouble" value="0.21976401179941005"/>
                <entry key="column_min" type="xdouble" value="0.0"/>
                <entry key="column_max" type="xdouble" value="1.0"/>
            </config>
            <config key="MQN11">
                <entry key="column_name" type="xstring" value="MQN11"/>
                <entry key="column_scale" type="xdouble" value="0.12373818814312952"/>
                <entry key="column_translate" type="xdouble" value="0.023598820058997057"/>
                <entry key="column_min" type="xdouble" value="0.0"/>
                <entry key="column_max" type="xdouble" value="1.0"/>
            </config>
            <config key="MQN12">
                <entry key="column_name" type="xstring" value="MQN12"/>
                <entry key="column_scale" type="xdouble" value="0.1962995542940228"/>
                <entry key="column_translate" type="xdouble" value="0.4646214798700731"/>
                <entry key="column_min" type="xdouble" value="0.0"/>
                <entry key="column_max" type="xdouble" value="1.0"/>
            </config>
            <config key="MQN13">
                <entry key="column_name" type="xstring" value="MQN13"/>
                <entry key="column_scale" type="xdouble" value="0.1702907040322724"/>
                <entry key="column_translate" type="xdouble" value="0.27173347214992166"/>
                <entry key="column_min" type="xdouble" value="0.0"/>
                <entry key="column_max" type="xdouble" value="1.0"/>
            </config>
            <config key="MQN14">
                <entry key="column_name" type="xstring" value="MQN14"/>
                <entry key="column_scale" type="xdouble" value="0.2651836660473378"/>
                <entry key="column_translate" type="xdouble" value="0.22418879056047203"/>
                <entry key="column_min" type="xdouble" value="0.0"/>
                <entry key="column_max" type="xdouble" value="1.0"/>
            </config>
            <config key="MQN15">
                <entry key="column_name" type="xstring" value="MQN15"/>
                <entry key="column_scale" type="xdouble" value="0.24213285316964075"/>
                <entry key="column_translate" type="xdouble" value="0.06194690265486725"/>
                <entry key="column_min" type="xdouble" value="0.0"/>
                <entry key="column_max" type="xdouble" value="1.0"/>
            </config>
            <config key="MQN16">
                <entry key="column_name" type="xstring" value="MQN16"/>
                <entry key="column_scale" type="xdouble" value="0.15668200393013415"/>
                <entry key="column_translate" type="xdouble" value="0.1598451327433629"/>
                <entry key="column_min" type="xdouble" value="0.0"/>
                <entry key="column_max" type="xdouble" value="1.0"/>
            </config>
            <config key="MQN17">
                <entry key="column_name" type="xstring" value="MQN17"/>
                <entry key="column_scale" type="xdouble" value="0.3108954098932333"/>
                <entry key="column_translate" type="xdouble" value="0.3657817109144544"/>
                <entry key="column_min" type="xdouble" value="0.0"/>
                <entry key="column_max" type="xdouble" value="1.0"/>
            </config>
            <config key="MQN18">
                <entry key="column_name" type="xstring" value="MQN18"/>
                <entry key="column_scale" type="xdouble" value="1.0"/>
                <entry key="column_translate" type="xdouble" value="0.0"/>
                <entry key="column_min" type="xdouble" value="0.0"/>
                <entry key="column_max" type="xdouble" value="1.0"/>
            </config>
            <config key="MQN19">
                <entry key="column_name" type="xstring" value="MQN19"/>
                <entry key="column_scale" type="xdouble" value="0.19570053373545127"/>
                <entry key="column_translate" type="xdouble" value="0.16224188790560473"/>
                <entry key="column_min" type="xdouble" value="0.0"/>
                <entry key="column_max" type="xdouble" value="1.0"/>
            </config>
            <config key="MQN20">
                <entry key="column_name" type="xstring" value="MQN20"/>
                <entry key="column_scale" type="xdouble" value="0.24149601570584076"/>
                <entry key="column_translate" type="xdouble" value="0.24968394437420988"/>
                <entry key="column_min" type="xdouble" value="0.0"/>
                <entry key="column_max" type="xdouble" value="1.0"/>
            </config>
            <config key="MQN21">
                <entry key="column_name" type="xstring" value="MQN21"/>
                <entry key="column_scale" type="xdouble" value="0.22343778317903074"/>
                <entry key="column_translate" type="xdouble" value="0.24557522123893805"/>
                <entry key="column_min" type="xdouble" value="0.0"/>
                <entry key="column_max" type="xdouble" value="1.0"/>
            </config>
            <config key="MQN22">
                <entry key="column_name" type="xstring" value="MQN22"/>
                <entry key="column_scale" type="xdouble" value="0.26899661644724193"/>
                <entry key="column_translate" type="xdouble" value="0.23893805309734514"/>
                <entry key="column_min" type="xdouble" value="0.0"/>
                <entry key="column_max" type="xdouble" value="1.0"/>
            </config>
            <config key="MQN23">
                <entry key="column_name" type="xstring" value="MQN23"/>
                <entry key="column_scale" type="xdouble" value="0.2911733532076807"/>
                <entry key="column_translate" type="xdouble" value="0.2743362831858408"/>
                <entry key="column_min" type="xdouble" value="0.0"/>
                <entry key="column_max" type="xdouble" value="1.0"/>
            </config>
            <config key="MQN24">
                <entry key="column_name" type="xstring" value="MQN24"/>
                <entry key="column_scale" type="xdouble" value="0.20988152096957138"/>
                <entry key="column_translate" type="xdouble" value="0.07079646017699116"/>
                <entry key="column_min" type="xdouble" value="0.0"/>
                <entry key="column_max" type="xdouble" value="1.0"/>
            </config>
            <config key="MQN25">
                <entry key="column_name" type="xstring" value="MQN25"/>
                <entry key="column_scale" type="xdouble" value="0.20988152096957138"/>
                <entry key="column_translate" type="xdouble" value="0.07079646017699116"/>
                <entry key="column_min" type="xdouble" value="0.0"/>
                <entry key="column_max" type="xdouble" value="1.0"/>
            </config>
            <config key="MQN26">
                <entry key="column_name" type="xstring" value="MQN26"/>
                <entry key="column_scale" type="xdouble" value="0.1945955155315277"/>
                <entry key="column_translate" type="xdouble" value="0.3838495575221239"/>
                <entry key="column_min" type="xdouble" value="0.0"/>
                <entry key="column_max" type="xdouble" value="1.0"/>
            </config>
            <config key="MQN27">
                <entry key="column_name" type="xstring" value="MQN27"/>
                <entry key="column_scale" type="xdouble" value="0.20570668231430128"/>
                <entry key="column_translate" type="xdouble" value="0.15191740412979354"/>
                <entry key="column_min" type="xdouble" value="0.0"/>
                <entry key="column_max" type="xdouble" value="1.0"/>
            </config>
            <config key="MQN28">
                <entry key="column_name" type="xstring" value="MQN28"/>
                <entry key="column_scale" type="xdouble" value="0.2655475886596515"/>
                <entry key="column_translate" type="xdouble" value="0.20058997050147484"/>
                <entry key="column_min" type="xdouble" value="0.0"/>
                <entry key="column_max" type="xdouble" value="1.0"/>
            </config>
            <config key="MQN29">
                <entry key="column_name" type="xstring" value="MQN29"/>
                <entry key="column_scale" type="xdouble" value="0.1736197146344116"/>
                <entry key="column_translate" type="xdouble" value="0.05752212389380531"/>
                <entry key="column_min" type="xdouble" value="0.0"/>
                <entry key="column_max" type="xdouble" value="1.0"/>
            </config>
            <config key="MQN30">
                <entry key="column_name" type="xstring" value="MQN30"/>
                <entry key="column_scale" type="xdouble" value="0.18414648811481296"/>
                <entry key="column_translate" type="xdouble" value="0.17975663716814153"/>
                <entry key="column_min" type="xdouble" value="0.0"/>
                <entry key="column_max" type="xdouble" value="1.0"/>
            </config>
            <config key="MQN31">
                <entry key="column_name" type="xstring" value="MQN31"/>
                <entry key="column_scale" type="xdouble" value="0.18734454153776392"/>
                <entry key="column_translate" type="xdouble" value="0.18141592920353986"/>
                <entry key="column_min" type="xdouble" value="0.0"/>
                <entry key="column_max" type="xdouble" value="1.0"/>
            </config>
            <config key="MQN32">
                <entry key="column_name" type="xstring" value="MQN32"/>
                <entry key="column_scale" type="xdouble" value="0.09407208683835971"/>
                <entry key="column_translate" type="xdouble" value="0.008849557522123895"/>
                <entry key="column_min" type="xdouble" value="0.0"/>
                <entry key="column_max" type="xdouble" value="1.0"/>
            </config>
            <config key="MQN33">
                <entry key="column_name" type="xstring" value="MQN33"/>
                <entry key="column_scale" type="xdouble" value="1.0"/>
                <entry key="column_translate" type="xdouble" value="0.0"/>
                <entry key="column_min" type="xdouble" value="0.0"/>
                <entry key="column_max" type="xdouble" value="1.0"/>
            </config>
            <config key="MQN34">
                <entry key="column_name" type="xstring" value="MQN34"/>
                <entry key="column_scale" type="xdouble" value="1.0"/>
                <entry key="column_translate" type="xdouble" value="0.0"/>
                <entry key="column_min" type="xdouble" value="0.0"/>
                <entry key="column_max" type="xdouble" value="1.0"/>
            </config>
            <config key="MQN35">
                <entry key="column_name" type="xstring" value="MQN35"/>
                <entry key="column_scale" type="xdouble" value="0.15150425678181073"/>
                <entry key="column_translate" type="xdouble" value="0.03982300884955752"/>
                <entry key="column_min" type="xdouble" value="0.0"/>
                <entry key="column_max" type="xdouble" value="1.0"/>
            </config>
            <config key="MQN36">
                <entry key="column_name" type="xstring" value="MQN36"/>
                <entry key="column_scale" type="xdouble" value="0.3135176225042753"/>
                <entry key="column_translate" type="xdouble" value="0.3672566371681417"/>
                <entry key="column_min" type="xdouble" value="0.0"/>
                <entry key="column_max" type="xdouble" value="1.0"/>
            </config>
            <config key="MQN37">
                <entry key="column_name" type="xstring" value="MQN37"/>
                <entry key="column_scale" type="xdouble" value="1.0"/>
                <entry key="column_translate" type="xdouble" value="0.0"/>
                <entry key="column_min" type="xdouble" value="0.0"/>
                <entry key="column_max" type="xdouble" value="1.0"/>
            </config>
            <config key="MQN38">
                <entry key="column_name" type="xstring" value="MQN38"/>
                <entry key="column_scale" type="xdouble" value="1.0"/>
                <entry key="column_translate" type="xdouble" value="0.0"/>
                <entry key="column_min" type="xdouble" value="0.0"/>
                <entry key="column_max" type="xdouble" value="1.0"/>
            </config>
            <config key="MQN39">
                <entry key="column_name" type="xstring" value="MQN39"/>
                <entry key="column_scale" type="xdouble" value="1.0"/>
                <entry key="column_translate" type="xdouble" value="0.0"/>
                <entry key="column_min" type="xdouble" value="0.0"/>
                <entry key="column_max" type="xdouble" value="1.0"/>
            </config>
            <config key="MQN40">
                <entry key="column_name" type="xstring" value="MQN40"/>
                <entry key="column_scale" type="xdouble" value="1.0"/>
                <entry key="column_translate" type="xdouble" value="0.0"/>
                <entry key="column_min" type="xdouble" value="0.0"/>
                <entry key="column_max" type="xdouble" value="1.0"/>
            </config>
            <config key="MQN41">
                <entry key="column_name" type="xstring" value="MQN41"/>
                <entry key="column_scale" type="xdouble" value="0.22522639263487151"/>
                <entry key="column_translate" type="xdouble" value="0.053097345132743334"/>
                <entry key="column_min" type="xdouble" value="0.0"/>
                <entry key="column_max" type="xdouble" value="1.0"/>
            </config>
            <config key="MQN42">
                <entry key="column_name" type="xstring" value="MQN42"/>
                <entry key="column_scale" type="xdouble" value="0.22522639263487151"/>
                <entry key="column_translate" type="xdouble" value="0.053097345132743334"/>
                <entry key="column_min" type="xdouble" value="0.0"/>
                <entry key="column_max" type="xdouble" value="1.0"/>
            </config>
        </config>
        <entry key="summary" type="xstring" value="Min/Max (0.0, 1) normalization on 121 column(s)"/>
    </config>
</config>
