<?xml version="1.0" encoding="UTF-8"?>
<config xmlns="http://www.knime.org/2008/09/XMLConfig" xmlns:xsi="http://www.w3.org/2001/XMLSchema-instance" xsi:schemaLocation="http://www.knime.org/2008/09/XMLConfig http://www.knime.org/XMLConfig_2008_09.xsd" key="spec.xml">
    <entry key="spec_name" type="xstring" value="default"/>
    <entry key="number_columns" type="xint" value="71"/>
    <config key="column_spec_0">
        <entry key="column_name" type="xstring" value="Atom count"/>
        <config key="element_names">
            <entry key="array-size" type="xint" value="0"/>
        </config>
        <config key="column_type">
            <entry key="cell_class" type="xstring" value="org.knime.core.data.def.DoubleCell"/>
        </config>
        <config key="column_domain">
            <config key="lower_bound">
                <entry key="datacell" type="xstring" value="org.knime.core.data.def.DoubleCell"/>
                <config key="org.knime.core.data.def.DoubleCell">
                    <entry key="DoubleCell" type="xdouble" value="1.8337696017759275"/>
                </config>
            </config>
            <config key="upper_bound">
                <entry key="datacell" type="xstring" value="org.knime.core.data.def.DoubleCell"/>
                <config key="org.knime.core.data.def.DoubleCell">
                    <entry key="DoubleCell" type="xdouble" value="5.102947419067611"/>
                </config>
            </config>
        </config>
        <config key="column_properties"/>
        <config key="meta_data"/>
    </config>
    <config key="column_spec_1">
        <entry key="column_name" type="xstring" value="Bond count"/>
        <config key="element_names">
            <entry key="array-size" type="xint" value="0"/>
        </config>
        <config key="column_type">
            <entry key="cell_class" type="xstring" value="org.knime.core.data.def.DoubleCell"/>
        </config>
        <config key="column_domain">
            <config key="lower_bound">
                <entry key="datacell" type="xstring" value="org.knime.core.data.def.DoubleCell"/>
                <config key="org.knime.core.data.def.DoubleCell">
                    <entry key="DoubleCell" type="xdouble" value="1.7005234086833734"/>
                </config>
            </config>
            <config key="upper_bound">
                <entry key="datacell" type="xstring" value="org.knime.core.data.def.DoubleCell"/>
                <config key="org.knime.core.data.def.DoubleCell">
                    <entry key="DoubleCell" type="xdouble" value="6.607379928427567"/>
                </config>
            </config>
        </config>
        <config key="column_properties"/>
        <config key="meta_data"/>
    </config>
    <config key="column_spec_2">
        <entry key="column_name" type="xstring" value="SlogP"/>
        <config key="element_names">
            <entry key="array-size" type="xint" value="0"/>
        </config>
        <config key="column_type">
            <entry key="cell_class" type="xstring" value="org.knime.core.data.def.DoubleCell"/>
        </config>
        <config key="column_domain">
            <config key="lower_bound">
                <entry key="datacell" type="xstring" value="org.knime.core.data.def.DoubleCell"/>
                <config key="org.knime.core.data.def.DoubleCell">
                    <entry key="DoubleCell" type="xdouble" value="-0.41180000000000017"/>
                </config>
            </config>
            <config key="upper_bound">
                <entry key="datacell" type="xstring" value="org.knime.core.data.def.DoubleCell"/>
                <config key="org.knime.core.data.def.DoubleCell">
                    <entry key="DoubleCell" type="xdouble" value="5.520900000000003"/>
                </config>
            </config>
        </config>
        <config key="column_properties"/>
        <config key="meta_data"/>
    </config>
    <config key="column_spec_3">
        <entry key="column_name" type="xstring" value="SMR"/>
        <config key="element_names">
            <entry key="array-size" type="xint" value="0"/>
        </config>
        <config key="column_type">
            <entry key="cell_class" type="xstring" value="org.knime.core.data.def.DoubleCell"/>
        </config>
        <config key="column_domain">
            <config key="lower_bound">
                <entry key="datacell" type="xstring" value="org.knime.core.data.def.DoubleCell"/>
                <config key="org.knime.core.data.def.DoubleCell">
                    <entry key="DoubleCell" type="xdouble" value="3.9175116775203547"/>
                </config>
            </config>
            <config key="upper_bound">
                <entry key="datacell" type="xstring" value="org.knime.core.data.def.DoubleCell"/>
                <config key="org.knime.core.data.def.DoubleCell">
                    <entry key="DoubleCell" type="xdouble" value="10.882861162286918"/>
                </config>
            </config>
        </config>
        <config key="column_properties"/>
        <config key="meta_data"/>
    </config>
    <config key="column_spec_4">
        <entry key="column_name" type="xstring" value="LabuteASA"/>
        <config key="element_names">
            <entry key="array-size" type="xint" value="0"/>
        </config>
        <config key="column_type">
            <entry key="cell_class" type="xstring" value="org.knime.core.data.def.DoubleCell"/>
        </config>
        <config key="column_domain">
            <config key="lower_bound">
                <entry key="datacell" type="xstring" value="org.knime.core.data.def.DoubleCell"/>
                <config key="org.knime.core.data.def.DoubleCell">
                    <entry key="DoubleCell" type="xdouble" value="5.475044810860628"/>
                </config>
            </config>
            <config key="upper_bound">
                <entry key="datacell" type="xstring" value="org.knime.core.data.def.DoubleCell"/>
                <config key="org.knime.core.data.def.DoubleCell">
                    <entry key="DoubleCell" type="xdouble" value="13.529828970039047"/>
                </config>
            </config>
        </config>
        <config key="column_properties"/>
        <config key="meta_data"/>
    </config>
    <config key="column_spec_5">
        <entry key="column_name" type="xstring" value="TPSA"/>
        <config key="element_names">
            <entry key="array-size" type="xint" value="0"/>
        </config>
        <config key="column_type">
            <entry key="cell_class" type="xstring" value="org.knime.core.data.def.DoubleCell"/>
        </config>
        <config key="column_domain">
            <config key="lower_bound">
                <entry key="datacell" type="xstring" value="org.knime.core.data.def.DoubleCell"/>
                <config key="org.knime.core.data.def.DoubleCell">
                    <entry key="DoubleCell" type="xdouble" value="0.0"/>
                </config>
            </config>
            <config key="upper_bound">
                <entry key="datacell" type="xstring" value="org.knime.core.data.def.DoubleCell"/>
                <config key="org.knime.core.data.def.DoubleCell">
                    <entry key="DoubleCell" type="xdouble" value="66.095"/>
                </config>
            </config>
        </config>
        <config key="column_properties"/>
        <config key="meta_data"/>
    </config>
    <config key="column_spec_6">
        <entry key="column_name" type="xstring" value="AMW"/>
        <config key="element_names">
            <entry key="array-size" type="xint" value="0"/>
        </config>
        <config key="column_type">
            <entry key="cell_class" type="xstring" value="org.knime.core.data.def.DoubleCell"/>
        </config>
        <config key="column_domain">
            <config key="lower_bound">
                <entry key="datacell" type="xstring" value="org.knime.core.data.def.DoubleCell"/>
                <config key="org.knime.core.data.def.DoubleCell">
                    <entry key="DoubleCell" type="xdouble" value="6.572862450233782"/>
                </config>
            </config>
            <config key="upper_bound">
                <entry key="datacell" type="xstring" value="org.knime.core.data.def.DoubleCell"/>
                <config key="org.knime.core.data.def.DoubleCell">
                    <entry key="DoubleCell" type="xdouble" value="14.342630512547123"/>
                </config>
            </config>
        </config>
        <config key="column_properties"/>
        <config key="meta_data"/>
    </config>
    <config key="column_spec_7">
        <entry key="column_name" type="xstring" value="ExactMW"/>
        <config key="element_names">
            <entry key="array-size" type="xint" value="0"/>
        </config>
        <config key="column_type">
            <entry key="cell_class" type="xstring" value="org.knime.core.data.def.DoubleCell"/>
        </config>
        <config key="column_domain">
            <config key="lower_bound">
                <entry key="datacell" type="xstring" value="org.knime.core.data.def.DoubleCell"/>
                <config key="org.knime.core.data.def.DoubleCell">
                    <entry key="DoubleCell" type="xdouble" value="6.677938604060464"/>
                </config>
            </config>
            <config key="upper_bound">
                <entry key="datacell" type="xstring" value="org.knime.core.data.def.DoubleCell"/>
                <config key="org.knime.core.data.def.DoubleCell">
                    <entry key="DoubleCell" type="xdouble" value="14.691820706264345"/>
                </config>
            </config>
        </config>
        <config key="column_properties"/>
        <config key="meta_data"/>
    </config>
    <config key="column_spec_8">
        <entry key="column_name" type="xstring" value="NumLipinskiHBA"/>
        <config key="element_names">
            <entry key="array-size" type="xint" value="0"/>
        </config>
        <config key="column_type">
            <entry key="cell_class" type="xstring" value="org.knime.core.data.def.IntCell"/>
        </config>
        <config key="column_domain">
            <config key="lower_bound">
                <entry key="datacell" type="xstring" value="org.knime.core.data.def.IntCell"/>
                <config key="org.knime.core.data.def.IntCell">
                    <entry key="IntCell" type="xint" value="0"/>
                </config>
            </config>
            <config key="upper_bound">
                <entry key="datacell" type="xstring" value="org.knime.core.data.def.IntCell"/>
                <config key="org.knime.core.data.def.IntCell">
                    <entry key="IntCell" type="xint" value="3"/>
                </config>
            </config>
        </config>
        <config key="column_properties"/>
        <config key="meta_data"/>
    </config>
    <config key="column_spec_9">
        <entry key="column_name" type="xstring" value="NumLipinskiHBD"/>
        <config key="element_names">
            <entry key="array-size" type="xint" value="0"/>
        </config>
        <config key="column_type">
            <entry key="cell_class" type="xstring" value="org.knime.core.data.def.IntCell"/>
        </config>
        <config key="column_domain">
            <config key="lower_bound">
                <entry key="datacell" type="xstring" value="org.knime.core.data.def.IntCell"/>
                <config key="org.knime.core.data.def.IntCell">
                    <entry key="IntCell" type="xint" value="0"/>
                </config>
            </config>
            <config key="upper_bound">
                <entry key="datacell" type="xstring" value="org.knime.core.data.def.IntCell"/>
                <config key="org.knime.core.data.def.IntCell">
                    <entry key="IntCell" type="xint" value="2"/>
                </config>
            </config>
        </config>
        <config key="column_properties"/>
        <config key="meta_data"/>
    </config>
    <config key="column_spec_10">
        <entry key="column_name" type="xstring" value="NumRotatableBonds"/>
        <config key="element_names">
            <entry key="array-size" type="xint" value="0"/>
        </config>
        <config key="column_type">
            <entry key="cell_class" type="xstring" value="org.knime.core.data.def.IntCell"/>
        </config>
        <config key="column_domain">
            <config key="lower_bound">
                <entry key="datacell" type="xstring" value="org.knime.core.data.def.IntCell"/>
                <config key="org.knime.core.data.def.IntCell">
                    <entry key="IntCell" type="xint" value="0"/>
                </config>
            </config>
            <config key="upper_bound">
                <entry key="datacell" type="xstring" value="org.knime.core.data.def.IntCell"/>
                <config key="org.knime.core.data.def.IntCell">
                    <entry key="IntCell" type="xint" value="7"/>
                </config>
            </config>
        </config>
        <config key="column_properties"/>
        <config key="meta_data"/>
    </config>
    <config key="column_spec_11">
        <entry key="column_name" type="xstring" value="NumHBD"/>
        <config key="element_names">
            <entry key="array-size" type="xint" value="0"/>
        </config>
        <config key="column_type">
            <entry key="cell_class" type="xstring" value="org.knime.core.data.def.IntCell"/>
        </config>
        <config key="column_domain">
            <config key="lower_bound">
                <entry key="datacell" type="xstring" value="org.knime.core.data.def.IntCell"/>
                <config key="org.knime.core.data.def.IntCell">
                    <entry key="IntCell" type="xint" value="0"/>
                </config>
            </config>
            <config key="upper_bound">
                <entry key="datacell" type="xstring" value="org.knime.core.data.def.IntCell"/>
                <config key="org.knime.core.data.def.IntCell">
                    <entry key="IntCell" type="xint" value="2"/>
                </config>
            </config>
        </config>
        <config key="column_properties"/>
        <config key="meta_data"/>
    </config>
    <config key="column_spec_12">
        <entry key="column_name" type="xstring" value="NumHBA"/>
        <config key="element_names">
            <entry key="array-size" type="xint" value="0"/>
        </config>
        <config key="column_type">
            <entry key="cell_class" type="xstring" value="org.knime.core.data.def.IntCell"/>
        </config>
        <config key="column_domain">
            <config key="lower_bound">
                <entry key="datacell" type="xstring" value="org.knime.core.data.def.IntCell"/>
                <config key="org.knime.core.data.def.IntCell">
                    <entry key="IntCell" type="xint" value="0"/>
                </config>
            </config>
            <config key="upper_bound">
                <entry key="datacell" type="xstring" value="org.knime.core.data.def.IntCell"/>
                <config key="org.knime.core.data.def.IntCell">
                    <entry key="IntCell" type="xint" value="3"/>
                </config>
            </config>
        </config>
        <config key="column_properties"/>
        <config key="meta_data"/>
    </config>
    <config key="column_spec_13">
        <entry key="column_name" type="xstring" value="NumHeteroAtoms"/>
        <config key="element_names">
            <entry key="array-size" type="xint" value="0"/>
        </config>
        <config key="column_type">
            <entry key="cell_class" type="xstring" value="org.knime.core.data.def.IntCell"/>
        </config>
        <config key="column_domain">
            <config key="lower_bound">
                <entry key="datacell" type="xstring" value="org.knime.core.data.def.IntCell"/>
                <config key="org.knime.core.data.def.IntCell">
                    <entry key="IntCell" type="xint" value="0"/>
                </config>
            </config>
            <config key="upper_bound">
                <entry key="datacell" type="xstring" value="org.knime.core.data.def.IntCell"/>
                <config key="org.knime.core.data.def.IntCell">
                    <entry key="IntCell" type="xint" value="8"/>
                </config>
            </config>
        </config>
        <config key="column_properties"/>
        <config key="meta_data"/>
    </config>
    <config key="column_spec_14">
        <entry key="column_name" type="xstring" value="NumHeavyAtoms"/>
        <config key="element_names">
            <entry key="array-size" type="xint" value="0"/>
        </config>
        <config key="column_type">
            <entry key="cell_class" type="xstring" value="org.knime.core.data.def.DoubleCell"/>
        </config>
        <config key="column_domain">
            <config key="lower_bound">
                <entry key="datacell" type="xstring" value="org.knime.core.data.def.DoubleCell"/>
                <config key="org.knime.core.data.def.DoubleCell">
                    <entry key="DoubleCell" type="xdouble" value="1.4746749048852923"/>
                </config>
            </config>
            <config key="upper_bound">
                <entry key="datacell" type="xstring" value="org.knime.core.data.def.DoubleCell"/>
                <config key="org.knime.core.data.def.DoubleCell">
                    <entry key="DoubleCell" type="xdouble" value="6.62566499247596"/>
                </config>
            </config>
        </config>
        <config key="column_properties"/>
        <config key="meta_data"/>
    </config>
    <config key="column_spec_15">
        <entry key="column_name" type="xstring" value="NumAtoms"/>
        <config key="element_names">
            <entry key="array-size" type="xint" value="0"/>
        </config>
        <config key="column_type">
            <entry key="cell_class" type="xstring" value="org.knime.core.data.def.DoubleCell"/>
        </config>
        <config key="column_domain">
            <config key="lower_bound">
                <entry key="datacell" type="xstring" value="org.knime.core.data.def.DoubleCell"/>
                <config key="org.knime.core.data.def.DoubleCell">
                    <entry key="DoubleCell" type="xdouble" value="1.8337696017759275"/>
                </config>
            </config>
            <config key="upper_bound">
                <entry key="datacell" type="xstring" value="org.knime.core.data.def.DoubleCell"/>
                <config key="org.knime.core.data.def.DoubleCell">
                    <entry key="DoubleCell" type="xdouble" value="5.102947419067611"/>
                </config>
            </config>
        </config>
        <config key="column_properties"/>
        <config key="meta_data"/>
    </config>
    <config key="column_spec_16">
        <entry key="column_name" type="xstring" value="NumRings"/>
        <config key="element_names">
            <entry key="array-size" type="xint" value="0"/>
        </config>
        <config key="column_type">
            <entry key="cell_class" type="xstring" value="org.knime.core.data.def.IntCell"/>
        </config>
        <config key="column_domain">
            <config key="lower_bound">
                <entry key="datacell" type="xstring" value="org.knime.core.data.def.IntCell"/>
                <config key="org.knime.core.data.def.IntCell">
                    <entry key="IntCell" type="xint" value="0"/>
                </config>
            </config>
            <config key="upper_bound">
                <entry key="datacell" type="xstring" value="org.knime.core.data.def.IntCell"/>
                <config key="org.knime.core.data.def.IntCell">
                    <entry key="IntCell" type="xint" value="2"/>
                </config>
            </config>
        </config>
        <config key="column_properties"/>
        <config key="meta_data"/>
    </config>
    <config key="column_spec_17">
        <entry key="column_name" type="xstring" value="NumAromaticRings"/>
        <config key="element_names">
            <entry key="array-size" type="xint" value="0"/>
        </config>
        <config key="column_type">
            <entry key="cell_class" type="xstring" value="org.knime.core.data.def.IntCell"/>
        </config>
        <config key="column_domain">
            <config key="lower_bound">
                <entry key="datacell" type="xstring" value="org.knime.core.data.def.IntCell"/>
                <config key="org.knime.core.data.def.IntCell">
                    <entry key="IntCell" type="xint" value="0"/>
                </config>
            </config>
            <config key="upper_bound">
                <entry key="datacell" type="xstring" value="org.knime.core.data.def.IntCell"/>
                <config key="org.knime.core.data.def.IntCell">
                    <entry key="IntCell" type="xint" value="2"/>
                </config>
            </config>
        </config>
        <config key="column_properties"/>
        <config key="meta_data"/>
    </config>
    <config key="column_spec_18">
        <entry key="column_name" type="xstring" value="NumAromaticCarbocycles"/>
        <config key="element_names">
            <entry key="array-size" type="xint" value="0"/>
        </config>
        <config key="column_type">
            <entry key="cell_class" type="xstring" value="org.knime.core.data.def.IntCell"/>
        </config>
        <config key="column_domain">
            <config key="lower_bound">
                <entry key="datacell" type="xstring" value="org.knime.core.data.def.IntCell"/>
                <config key="org.knime.core.data.def.IntCell">
                    <entry key="IntCell" type="xint" value="0"/>
                </config>
            </config>
            <config key="upper_bound">
                <entry key="datacell" type="xstring" value="org.knime.core.data.def.IntCell"/>
                <config key="org.knime.core.data.def.IntCell">
                    <entry key="IntCell" type="xint" value="2"/>
                </config>
            </config>
        </config>
        <config key="column_properties"/>
        <config key="meta_data"/>
    </config>
    <config key="column_spec_19">
        <entry key="column_name" type="xstring" value="Chi0v"/>
        <config key="element_names">
            <entry key="array-size" type="xint" value="0"/>
        </config>
        <config key="column_type">
            <entry key="cell_class" type="xstring" value="org.knime.core.data.def.DoubleCell"/>
        </config>
        <config key="column_domain">
            <config key="lower_bound">
                <entry key="datacell" type="xstring" value="org.knime.core.data.def.DoubleCell"/>
                <config key="org.knime.core.data.def.DoubleCell">
                    <entry key="DoubleCell" type="xdouble" value="0.7350167193119626"/>
                </config>
            </config>
            <config key="upper_bound">
                <entry key="datacell" type="xstring" value="org.knime.core.data.def.DoubleCell"/>
                <config key="org.knime.core.data.def.DoubleCell">
                    <entry key="DoubleCell" type="xdouble" value="3.6597227117239948"/>
                </config>
            </config>
        </config>
        <config key="column_properties"/>
        <config key="meta_data"/>
    </config>
    <config key="column_spec_20">
        <entry key="column_name" type="xstring" value="Chi1v"/>
        <config key="element_names">
            <entry key="array-size" type="xint" value="0"/>
        </config>
        <config key="column_type">
            <entry key="cell_class" type="xstring" value="org.knime.core.data.def.DoubleCell"/>
        </config>
        <config key="column_domain">
            <config key="lower_bound">
                <entry key="datacell" type="xstring" value="org.knime.core.data.def.DoubleCell"/>
                <config key="org.knime.core.data.def.DoubleCell">
                    <entry key="DoubleCell" type="xdouble" value="-0.3103882544784841"/>
                </config>
            </config>
            <config key="upper_bound">
                <entry key="datacell" type="xstring" value="org.knime.core.data.def.DoubleCell"/>
                <config key="org.knime.core.data.def.DoubleCell">
                    <entry key="DoubleCell" type="xdouble" value="2.5517553797617167"/>
                </config>
            </config>
        </config>
        <config key="column_properties"/>
        <config key="meta_data"/>
    </config>
    <config key="column_spec_21">
        <entry key="column_name" type="xstring" value="Chi2v"/>
        <config key="element_names">
            <entry key="array-size" type="xint" value="0"/>
        </config>
        <config key="column_type">
            <entry key="cell_class" type="xstring" value="org.knime.core.data.def.DoubleCell"/>
        </config>
        <config key="column_domain">
            <config key="lower_bound">
                <entry key="datacell" type="xstring" value="org.knime.core.data.def.DoubleCell"/>
                <config key="org.knime.core.data.def.DoubleCell">
                    <entry key="DoubleCell" type="xdouble" value="-1.0861492910162607"/>
                </config>
            </config>
            <config key="upper_bound">
                <entry key="datacell" type="xstring" value="org.knime.core.data.def.DoubleCell"/>
                <config key="org.knime.core.data.def.DoubleCell">
                    <entry key="DoubleCell" type="xdouble" value="2.59549144721234"/>
                </config>
            </config>
        </config>
        <config key="column_properties"/>
        <config key="meta_data"/>
    </config>
    <config key="column_spec_22">
        <entry key="column_name" type="xstring" value="Chi3v"/>
        <config key="element_names">
            <entry key="array-size" type="xint" value="0"/>
        </config>
        <config key="column_type">
            <entry key="cell_class" type="xstring" value="org.knime.core.data.def.DoubleCell"/>
        </config>
        <config key="column_domain">
            <config key="lower_bound">
                <entry key="datacell" type="xstring" value="org.knime.core.data.def.DoubleCell"/>
                <config key="org.knime.core.data.def.DoubleCell">
                    <entry key="DoubleCell" type="xdouble" value="0.0"/>
                </config>
            </config>
            <config key="upper_bound">
                <entry key="datacell" type="xstring" value="org.knime.core.data.def.DoubleCell"/>
                <config key="org.knime.core.data.def.DoubleCell">
                    <entry key="DoubleCell" type="xdouble" value="3.643400207438649"/>
                </config>
            </config>
        </config>
        <config key="column_properties"/>
        <config key="meta_data"/>
    </config>
    <config key="column_spec_23">
        <entry key="column_name" type="xstring" value="Chi4v"/>
        <config key="element_names">
            <entry key="array-size" type="xint" value="0"/>
        </config>
        <config key="column_type">
            <entry key="cell_class" type="xstring" value="org.knime.core.data.def.DoubleCell"/>
        </config>
        <config key="column_domain">
            <config key="lower_bound">
                <entry key="datacell" type="xstring" value="org.knime.core.data.def.DoubleCell"/>
                <config key="org.knime.core.data.def.DoubleCell">
                    <entry key="DoubleCell" type="xdouble" value="0.0"/>
                </config>
            </config>
            <config key="upper_bound">
                <entry key="datacell" type="xstring" value="org.knime.core.data.def.DoubleCell"/>
                <config key="org.knime.core.data.def.DoubleCell">
                    <entry key="DoubleCell" type="xdouble" value="2.564306672386513"/>
                </config>
            </config>
        </config>
        <config key="column_properties"/>
        <config key="meta_data"/>
    </config>
    <config key="column_spec_24">
        <entry key="column_name" type="xstring" value="Chi1n"/>
        <config key="element_names">
            <entry key="array-size" type="xint" value="0"/>
        </config>
        <config key="column_type">
            <entry key="cell_class" type="xstring" value="org.knime.core.data.def.DoubleCell"/>
        </config>
        <config key="column_domain">
            <config key="lower_bound">
                <entry key="datacell" type="xstring" value="org.knime.core.data.def.DoubleCell"/>
                <config key="org.knime.core.data.def.DoubleCell">
                    <entry key="DoubleCell" type="xdouble" value="-0.5631820519205593"/>
                </config>
            </config>
            <config key="upper_bound">
                <entry key="datacell" type="xstring" value="org.knime.core.data.def.DoubleCell"/>
                <config key="org.knime.core.data.def.DoubleCell">
                    <entry key="DoubleCell" type="xdouble" value="2.7355302971751305"/>
                </config>
            </config>
        </config>
        <config key="column_properties"/>
        <config key="meta_data"/>
    </config>
    <config key="column_spec_25">
        <entry key="column_name" type="xstring" value="Chi2n"/>
        <config key="element_names">
            <entry key="array-size" type="xint" value="0"/>
        </config>
        <config key="column_type">
            <entry key="cell_class" type="xstring" value="org.knime.core.data.def.DoubleCell"/>
        </config>
        <config key="column_domain">
            <config key="lower_bound">
                <entry key="datacell" type="xstring" value="org.knime.core.data.def.DoubleCell"/>
                <config key="org.knime.core.data.def.DoubleCell">
                    <entry key="DoubleCell" type="xdouble" value="-1.2644823832414338"/>
                </config>
            </config>
            <config key="upper_bound">
                <entry key="datacell" type="xstring" value="org.knime.core.data.def.DoubleCell"/>
                <config key="org.knime.core.data.def.DoubleCell">
                    <entry key="DoubleCell" type="xdouble" value="2.538892778469023"/>
                </config>
            </config>
        </config>
        <config key="column_properties"/>
        <config key="meta_data"/>
    </config>
    <config key="column_spec_26">
        <entry key="column_name" type="xstring" value="Chi3n"/>
        <config key="element_names">
            <entry key="array-size" type="xint" value="0"/>
        </config>
        <config key="column_type">
            <entry key="cell_class" type="xstring" value="org.knime.core.data.def.DoubleCell"/>
        </config>
        <config key="column_domain">
            <config key="lower_bound">
                <entry key="datacell" type="xstring" value="org.knime.core.data.def.DoubleCell"/>
                <config key="org.knime.core.data.def.DoubleCell">
                    <entry key="DoubleCell" type="xdouble" value="0.0"/>
                </config>
            </config>
            <config key="upper_bound">
                <entry key="datacell" type="xstring" value="org.knime.core.data.def.DoubleCell"/>
                <config key="org.knime.core.data.def.DoubleCell">
                    <entry key="DoubleCell" type="xdouble" value="3.094141018329103"/>
                </config>
            </config>
        </config>
        <config key="column_properties"/>
        <config key="meta_data"/>
    </config>
    <config key="column_spec_27">
        <entry key="column_name" type="xstring" value="Chi4n"/>
        <config key="element_names">
            <entry key="array-size" type="xint" value="0"/>
        </config>
        <config key="column_type">
            <entry key="cell_class" type="xstring" value="org.knime.core.data.def.DoubleCell"/>
        </config>
        <config key="column_domain">
            <config key="lower_bound">
                <entry key="datacell" type="xstring" value="org.knime.core.data.def.DoubleCell"/>
                <config key="org.knime.core.data.def.DoubleCell">
                    <entry key="DoubleCell" type="xdouble" value="0.0"/>
                </config>
            </config>
            <config key="upper_bound">
                <entry key="datacell" type="xstring" value="org.knime.core.data.def.DoubleCell"/>
                <config key="org.knime.core.data.def.DoubleCell">
                    <entry key="DoubleCell" type="xdouble" value="2.0094113203537813"/>
                </config>
            </config>
        </config>
        <config key="column_properties"/>
        <config key="meta_data"/>
    </config>
    <config key="column_spec_28">
        <entry key="column_name" type="xstring" value="HallKierAlpha"/>
        <config key="element_names">
            <entry key="array-size" type="xint" value="0"/>
        </config>
        <config key="column_type">
            <entry key="cell_class" type="xstring" value="org.knime.core.data.def.DoubleCell"/>
        </config>
        <config key="column_domain">
            <config key="lower_bound">
                <entry key="datacell" type="xstring" value="org.knime.core.data.def.DoubleCell"/>
                <config key="org.knime.core.data.def.DoubleCell">
                    <entry key="DoubleCell" type="xdouble" value="-3.1499999999999995"/>
                </config>
            </config>
            <config key="upper_bound">
                <entry key="datacell" type="xstring" value="org.knime.core.data.def.DoubleCell"/>
                <config key="org.knime.core.data.def.DoubleCell">
                    <entry key="DoubleCell" type="xdouble" value="1.45"/>
                </config>
            </config>
        </config>
        <config key="column_properties"/>
        <config key="meta_data"/>
    </config>
    <config key="column_spec_29">
        <entry key="column_name" type="xstring" value="kappa1"/>
        <config key="element_names">
            <entry key="array-size" type="xint" value="0"/>
        </config>
        <config key="column_type">
            <entry key="cell_class" type="xstring" value="org.knime.core.data.def.DoubleCell"/>
        </config>
        <config key="column_domain">
            <config key="lower_bound">
                <entry key="datacell" type="xstring" value="org.knime.core.data.def.DoubleCell"/>
                <config key="org.knime.core.data.def.DoubleCell">
                    <entry key="DoubleCell" type="xdouble" value="1.0188091751421244"/>
                </config>
            </config>
            <config key="upper_bound">
                <entry key="datacell" type="xstring" value="org.knime.core.data.def.DoubleCell"/>
                <config key="org.knime.core.data.def.DoubleCell">
                    <entry key="DoubleCell" type="xdouble" value="3.8331281485114026"/>
                </config>
            </config>
        </config>
        <config key="column_properties"/>
        <config key="meta_data"/>
    </config>
    <config key="column_spec_30">
        <entry key="column_name" type="xstring" value="kappa2"/>
        <config key="element_names">
            <entry key="array-size" type="xint" value="0"/>
        </config>
        <config key="column_type">
            <entry key="cell_class" type="xstring" value="org.knime.core.data.def.DoubleCell"/>
        </config>
        <config key="column_domain">
            <config key="lower_bound">
                <entry key="datacell" type="xstring" value="org.knime.core.data.def.DoubleCell"/>
                <config key="org.knime.core.data.def.DoubleCell">
                    <entry key="DoubleCell" type="xdouble" value="-0.07200600185576649"/>
                </config>
            </config>
            <config key="upper_bound">
                <entry key="datacell" type="xstring" value="org.knime.core.data.def.DoubleCell"/>
                <config key="org.knime.core.data.def.DoubleCell">
                    <entry key="DoubleCell" type="xdouble" value="1.86377113604549"/>
                </config>
            </config>
        </config>
        <config key="column_properties"/>
        <config key="meta_data"/>
    </config>
    <config key="column_spec_31">
        <entry key="column_name" type="xstring" value="kappa3"/>
        <config key="element_names">
            <entry key="array-size" type="xint" value="0"/>
        </config>
        <config key="column_type">
            <entry key="cell_class" type="xstring" value="org.knime.core.data.def.DoubleCell"/>
        </config>
        <config key="column_domain">
            <config key="lower_bound">
                <entry key="datacell" type="xstring" value="org.knime.core.data.def.DoubleCell"/>
                <config key="org.knime.core.data.def.DoubleCell">
                    <entry key="DoubleCell" type="xdouble" value="-1.2887506902967643"/>
                </config>
            </config>
            <config key="upper_bound">
                <entry key="datacell" type="xstring" value="org.knime.core.data.def.DoubleCell"/>
                <config key="org.knime.core.data.def.DoubleCell">
                    <entry key="DoubleCell" type="xdouble" value="1.8843632002290036"/>
                </config>
            </config>
        </config>
        <config key="column_properties"/>
        <config key="meta_data"/>
    </config>
    <config key="column_spec_32">
        <entry key="column_name" type="xstring" value="slogp_VSA1"/>
        <config key="element_names">
            <entry key="array-size" type="xint" value="0"/>
        </config>
        <config key="column_type">
            <entry key="cell_class" type="xstring" value="org.knime.core.data.def.DoubleCell"/>
        </config>
        <config key="column_domain">
            <config key="lower_bound">
                <entry key="datacell" type="xstring" value="org.knime.core.data.def.DoubleCell"/>
                <config key="org.knime.core.data.def.DoubleCell">
                    <entry key="DoubleCell" type="xdouble" value="0.0"/>
                </config>
            </config>
            <config key="upper_bound">
                <entry key="datacell" type="xstring" value="org.knime.core.data.def.DoubleCell"/>
                <config key="org.knime.core.data.def.DoubleCell">
                    <entry key="DoubleCell" type="xdouble" value="11.842157384500123"/>
                </config>
            </config>
        </config>
        <config key="column_properties"/>
        <config key="meta_data"/>
    </config>
    <config key="column_spec_33">
        <entry key="column_name" type="xstring" value="slogp_VSA2"/>
        <config key="element_names">
            <entry key="array-size" type="xint" value="0"/>
        </config>
        <config key="column_type">
            <entry key="cell_class" type="xstring" value="org.knime.core.data.def.DoubleCell"/>
        </config>
        <config key="column_domain">
            <config key="lower_bound">
                <entry key="datacell" type="xstring" value="org.knime.core.data.def.DoubleCell"/>
                <config key="org.knime.core.data.def.DoubleCell">
                    <entry key="DoubleCell" type="xdouble" value="0.0"/>
                </config>
            </config>
            <config key="upper_bound">
                <entry key="datacell" type="xstring" value="org.knime.core.data.def.DoubleCell"/>
                <config key="org.knime.core.data.def.DoubleCell">
                    <entry key="DoubleCell" type="xdouble" value="23.78067703890086"/>
                </config>
            </config>
        </config>
        <config key="column_properties"/>
        <config key="meta_data"/>
    </config>
    <config key="column_spec_34">
        <entry key="column_name" type="xstring" value="slogp_VSA3"/>
        <config key="element_names">
            <entry key="array-size" type="xint" value="0"/>
        </config>
        <config key="column_type">
            <entry key="cell_class" type="xstring" value="org.knime.core.data.def.DoubleCell"/>
        </config>
        <config key="column_domain">
            <config key="lower_bound">
                <entry key="datacell" type="xstring" value="org.knime.core.data.def.DoubleCell"/>
                <config key="org.knime.core.data.def.DoubleCell">
                    <entry key="DoubleCell" type="xdouble" value="0.0"/>
                </config>
            </config>
            <config key="upper_bound">
                <entry key="datacell" type="xstring" value="org.knime.core.data.def.DoubleCell"/>
                <config key="org.knime.core.data.def.DoubleCell">
                    <entry key="DoubleCell" type="xdouble" value="11.986342960179556"/>
                </config>
            </config>
        </config>
        <config key="column_properties"/>
        <config key="meta_data"/>
    </config>
    <config key="column_spec_35">
        <entry key="column_name" type="xstring" value="slogp_VSA4"/>
        <config key="element_names">
            <entry key="array-size" type="xint" value="0"/>
        </config>
        <config key="column_type">
            <entry key="cell_class" type="xstring" value="org.knime.core.data.def.DoubleCell"/>
        </config>
        <config key="column_domain">
            <config key="lower_bound">
                <entry key="datacell" type="xstring" value="org.knime.core.data.def.DoubleCell"/>
                <config key="org.knime.core.data.def.DoubleCell">
                    <entry key="DoubleCell" type="xdouble" value="0.0"/>
                </config>
            </config>
            <config key="upper_bound">
                <entry key="datacell" type="xstring" value="org.knime.core.data.def.DoubleCell"/>
                <config key="org.knime.core.data.def.DoubleCell">
                    <entry key="DoubleCell" type="xdouble" value="14.794765115403484"/>
                </config>
            </config>
        </config>
        <config key="column_properties"/>
        <config key="meta_data"/>
    </config>
    <config key="column_spec_36">
        <entry key="column_name" type="xstring" value="slogp_VSA5"/>
        <config key="element_names">
            <entry key="array-size" type="xint" value="0"/>
        </config>
        <config key="column_type">
            <entry key="cell_class" type="xstring" value="org.knime.core.data.def.DoubleCell"/>
        </config>
        <config key="column_domain">
            <config key="lower_bound">
                <entry key="datacell" type="xstring" value="org.knime.core.data.def.DoubleCell"/>
                <config key="org.knime.core.data.def.DoubleCell">
                    <entry key="DoubleCell" type="xdouble" value="0.0"/>
                </config>
            </config>
            <config key="upper_bound">
                <entry key="datacell" type="xstring" value="org.knime.core.data.def.DoubleCell"/>
                <config key="org.knime.core.data.def.DoubleCell">
                    <entry key="DoubleCell" type="xdouble" value="53.38711525006637"/>
                </config>
            </config>
        </config>
        <config key="column_properties"/>
        <config key="meta_data"/>
    </config>
    <config key="column_spec_37">
        <entry key="column_name" type="xstring" value="slogp_VSA6"/>
        <config key="element_names">
            <entry key="array-size" type="xint" value="0"/>
        </config>
        <config key="column_type">
            <entry key="cell_class" type="xstring" value="org.knime.core.data.def.DoubleCell"/>
        </config>
        <config key="column_domain">
            <config key="lower_bound">
                <entry key="datacell" type="xstring" value="org.knime.core.data.def.DoubleCell"/>
                <config key="org.knime.core.data.def.DoubleCell">
                    <entry key="DoubleCell" type="xdouble" value="0.0"/>
                </config>
            </config>
            <config key="upper_bound">
                <entry key="datacell" type="xstring" value="org.knime.core.data.def.DoubleCell"/>
                <config key="org.knime.core.data.def.DoubleCell">
                    <entry key="DoubleCell" type="xdouble" value="60.66367068461611"/>
                </config>
            </config>
        </config>
        <config key="column_properties"/>
        <config key="meta_data"/>
    </config>
    <config key="column_spec_38">
        <entry key="column_name" type="xstring" value="slogp_VSA12"/>
        <config key="element_names">
            <entry key="array-size" type="xint" value="0"/>
        </config>
        <config key="column_type">
            <entry key="cell_class" type="xstring" value="org.knime.core.data.def.DoubleCell"/>
        </config>
        <config key="column_domain">
            <config key="lower_bound">
                <entry key="datacell" type="xstring" value="org.knime.core.data.def.DoubleCell"/>
                <config key="org.knime.core.data.def.DoubleCell">
                    <entry key="DoubleCell" type="xdouble" value="0.0"/>
                </config>
            </config>
            <config key="upper_bound">
                <entry key="datacell" type="xstring" value="org.knime.core.data.def.DoubleCell"/>
                <config key="org.knime.core.data.def.DoubleCell">
                    <entry key="DoubleCell" type="xdouble" value="29.00234972558129"/>
                </config>
            </config>
        </config>
        <config key="column_properties"/>
        <config key="meta_data"/>
    </config>
    <config key="column_spec_39">
        <entry key="column_name" type="xstring" value="smr_VSA1"/>
        <config key="element_names">
            <entry key="array-size" type="xint" value="0"/>
        </config>
        <config key="column_type">
            <entry key="cell_class" type="xstring" value="org.knime.core.data.def.DoubleCell"/>
        </config>
        <config key="column_domain">
            <config key="lower_bound">
                <entry key="datacell" type="xstring" value="org.knime.core.data.def.DoubleCell"/>
                <config key="org.knime.core.data.def.DoubleCell">
                    <entry key="DoubleCell" type="xdouble" value="0.0"/>
                </config>
            </config>
            <config key="upper_bound">
                <entry key="datacell" type="xstring" value="org.knime.core.data.def.DoubleCell"/>
                <config key="org.knime.core.data.def.DoubleCell">
                    <entry key="DoubleCell" type="xdouble" value="23.828500344679675"/>
                </config>
            </config>
        </config>
        <config key="column_properties"/>
        <config key="meta_data"/>
    </config>
    <config key="column_spec_40">
        <entry key="column_name" type="xstring" value="smr_VSA5"/>
        <config key="element_names">
            <entry key="array-size" type="xint" value="0"/>
        </config>
        <config key="column_type">
            <entry key="cell_class" type="xstring" value="org.knime.core.data.def.DoubleCell"/>
        </config>
        <config key="column_domain">
            <config key="lower_bound">
                <entry key="datacell" type="xstring" value="org.knime.core.data.def.DoubleCell"/>
                <config key="org.knime.core.data.def.DoubleCell">
                    <entry key="DoubleCell" type="xdouble" value="0.0"/>
                </config>
            </config>
            <config key="upper_bound">
                <entry key="datacell" type="xstring" value="org.knime.core.data.def.DoubleCell"/>
                <config key="org.knime.core.data.def.DoubleCell">
                    <entry key="DoubleCell" type="xdouble" value="65.46550517117163"/>
                </config>
            </config>
        </config>
        <config key="column_properties"/>
        <config key="meta_data"/>
    </config>
    <config key="column_spec_41">
        <entry key="column_name" type="xstring" value="smr_VSA6"/>
        <config key="element_names">
            <entry key="array-size" type="xint" value="0"/>
        </config>
        <config key="column_type">
            <entry key="cell_class" type="xstring" value="org.knime.core.data.def.DoubleCell"/>
        </config>
        <config key="column_domain">
            <config key="lower_bound">
                <entry key="datacell" type="xstring" value="org.knime.core.data.def.DoubleCell"/>
                <config key="org.knime.core.data.def.DoubleCell">
                    <entry key="DoubleCell" type="xdouble" value="0.0"/>
                </config>
            </config>
            <config key="upper_bound">
                <entry key="datacell" type="xstring" value="org.knime.core.data.def.DoubleCell"/>
                <config key="org.knime.core.data.def.DoubleCell">
                    <entry key="DoubleCell" type="xdouble" value="16.517204911282295"/>
                </config>
            </config>
        </config>
        <config key="column_properties"/>
        <config key="meta_data"/>
    </config>
    <config key="column_spec_42">
        <entry key="column_name" type="xstring" value="smr_VSA7"/>
        <config key="element_names">
            <entry key="array-size" type="xint" value="0"/>
        </config>
        <config key="column_type">
            <entry key="cell_class" type="xstring" value="org.knime.core.data.def.DoubleCell"/>
        </config>
        <config key="column_domain">
            <config key="lower_bound">
                <entry key="datacell" type="xstring" value="org.knime.core.data.def.DoubleCell"/>
                <config key="org.knime.core.data.def.DoubleCell">
                    <entry key="DoubleCell" type="xdouble" value="0.0"/>
                </config>
            </config>
            <config key="upper_bound">
                <entry key="datacell" type="xstring" value="org.knime.core.data.def.DoubleCell"/>
                <config key="org.knime.core.data.def.DoubleCell">
                    <entry key="DoubleCell" type="xdouble" value="85.77683725332273"/>
                </config>
            </config>
        </config>
        <config key="column_properties"/>
        <config key="meta_data"/>
    </config>
    <config key="column_spec_43">
        <entry key="column_name" type="xstring" value="smr_VSA9"/>
        <config key="element_names">
            <entry key="array-size" type="xint" value="0"/>
        </config>
        <config key="column_type">
            <entry key="cell_class" type="xstring" value="org.knime.core.data.def.DoubleCell"/>
        </config>
        <config key="column_domain">
            <config key="lower_bound">
                <entry key="datacell" type="xstring" value="org.knime.core.data.def.DoubleCell"/>
                <config key="org.knime.core.data.def.DoubleCell">
                    <entry key="DoubleCell" type="xdouble" value="0.0"/>
                </config>
            </config>
            <config key="upper_bound">
                <entry key="datacell" type="xstring" value="org.knime.core.data.def.DoubleCell"/>
                <config key="org.knime.core.data.def.DoubleCell">
                    <entry key="DoubleCell" type="xdouble" value="14.373779583209764"/>
                </config>
            </config>
        </config>
        <config key="column_properties"/>
        <config key="meta_data"/>
    </config>
    <config key="column_spec_44">
        <entry key="column_name" type="xstring" value="smr_VSA10"/>
        <config key="element_names">
            <entry key="array-size" type="xint" value="0"/>
        </config>
        <config key="column_type">
            <entry key="cell_class" type="xstring" value="org.knime.core.data.def.DoubleCell"/>
        </config>
        <config key="column_domain">
            <config key="lower_bound">
                <entry key="datacell" type="xstring" value="org.knime.core.data.def.DoubleCell"/>
                <config key="org.knime.core.data.def.DoubleCell">
                    <entry key="DoubleCell" type="xdouble" value="0.0"/>
                </config>
            </config>
            <config key="upper_bound">
                <entry key="datacell" type="xstring" value="org.knime.core.data.def.DoubleCell"/>
                <config key="org.knime.core.data.def.DoubleCell">
                    <entry key="DoubleCell" type="xdouble" value="43.22081541229019"/>
                </config>
            </config>
        </config>
        <config key="column_properties"/>
        <config key="meta_data"/>
    </config>
    <config key="column_spec_45">
        <entry key="column_name" type="xstring" value="peoe_VSA1"/>
        <config key="element_names">
            <entry key="array-size" type="xint" value="0"/>
        </config>
        <config key="column_type">
            <entry key="cell_class" type="xstring" value="org.knime.core.data.def.DoubleCell"/>
        </config>
        <config key="column_domain">
            <config key="lower_bound">
                <entry key="datacell" type="xstring" value="org.knime.core.data.def.DoubleCell"/>
                <config key="org.knime.core.data.def.DoubleCell">
                    <entry key="DoubleCell" type="xdouble" value="0.0"/>
                </config>
            </config>
            <config key="upper_bound">
                <entry key="datacell" type="xstring" value="org.knime.core.data.def.DoubleCell"/>
                <config key="org.knime.core.data.def.DoubleCell">
                    <entry key="DoubleCell" type="xdouble" value="14.334168692905461"/>
                </config>
            </config>
        </config>
        <config key="column_properties"/>
        <config key="meta_data"/>
    </config>
    <config key="column_spec_46">
        <entry key="column_name" type="xstring" value="peoe_VSA2"/>
        <config key="element_names">
            <entry key="array-size" type="xint" value="0"/>
        </config>
        <config key="column_type">
            <entry key="cell_class" type="xstring" value="org.knime.core.data.def.DoubleCell"/>
        </config>
        <config key="column_domain">
            <config key="lower_bound">
                <entry key="datacell" type="xstring" value="org.knime.core.data.def.DoubleCell"/>
                <config key="org.knime.core.data.def.DoubleCell">
                    <entry key="DoubleCell" type="xdouble" value="0.0"/>
                </config>
            </config>
            <config key="upper_bound">
                <entry key="datacell" type="xstring" value="org.knime.core.data.def.DoubleCell"/>
                <config key="org.knime.core.data.def.DoubleCell">
                    <entry key="DoubleCell" type="xdouble" value="11.986342960179556"/>
                </config>
            </config>
        </config>
        <config key="column_properties"/>
        <config key="meta_data"/>
    </config>
    <config key="column_spec_47">
        <entry key="column_name" type="xstring" value="peoe_VSA6"/>
        <config key="element_names">
            <entry key="array-size" type="xint" value="0"/>
        </config>
        <config key="column_type">
            <entry key="cell_class" type="xstring" value="org.knime.core.data.def.DoubleCell"/>
        </config>
        <config key="column_domain">
            <config key="lower_bound">
                <entry key="datacell" type="xstring" value="org.knime.core.data.def.DoubleCell"/>
                <config key="org.knime.core.data.def.DoubleCell">
                    <entry key="DoubleCell" type="xdouble" value="0.0"/>
                </config>
            </config>
            <config key="upper_bound">
                <entry key="datacell" type="xstring" value="org.knime.core.data.def.DoubleCell"/>
                <config key="org.knime.core.data.def.DoubleCell">
                    <entry key="DoubleCell" type="xdouble" value="81.51755922848665"/>
                </config>
            </config>
        </config>
        <config key="column_properties"/>
        <config key="meta_data"/>
    </config>
    <config key="column_spec_48">
        <entry key="column_name" type="xstring" value="peoe_VSA7"/>
        <config key="element_names">
            <entry key="array-size" type="xint" value="0"/>
        </config>
        <config key="column_type">
            <entry key="cell_class" type="xstring" value="org.knime.core.data.def.DoubleCell"/>
        </config>
        <config key="column_domain">
            <config key="lower_bound">
                <entry key="datacell" type="xstring" value="org.knime.core.data.def.DoubleCell"/>
                <config key="org.knime.core.data.def.DoubleCell">
                    <entry key="DoubleCell" type="xdouble" value="0.0"/>
                </config>
            </config>
            <config key="upper_bound">
                <entry key="datacell" type="xstring" value="org.knime.core.data.def.DoubleCell"/>
                <config key="org.knime.core.data.def.DoubleCell">
                    <entry key="DoubleCell" type="xdouble" value="49.90691232932963"/>
                </config>
            </config>
        </config>
        <config key="column_properties"/>
        <config key="meta_data"/>
    </config>
    <config key="column_spec_49">
        <entry key="column_name" type="xstring" value="peoe_VSA8"/>
        <config key="element_names">
            <entry key="array-size" type="xint" value="0"/>
        </config>
        <config key="column_type">
            <entry key="cell_class" type="xstring" value="org.knime.core.data.def.DoubleCell"/>
        </config>
        <config key="column_domain">
            <config key="lower_bound">
                <entry key="datacell" type="xstring" value="org.knime.core.data.def.DoubleCell"/>
                <config key="org.knime.core.data.def.DoubleCell">
                    <entry key="DoubleCell" type="xdouble" value="0.0"/>
                </config>
            </config>
            <config key="upper_bound">
                <entry key="datacell" type="xstring" value="org.knime.core.data.def.DoubleCell"/>
                <config key="org.knime.core.data.def.DoubleCell">
                    <entry key="DoubleCell" type="xdouble" value="29.074546400396514"/>
                </config>
            </config>
        </config>
        <config key="column_properties"/>
        <config key="meta_data"/>
    </config>
    <config key="column_spec_50">
        <entry key="column_name" type="xstring" value="peoe_VSA9"/>
        <config key="element_names">
            <entry key="array-size" type="xint" value="0"/>
        </config>
        <config key="column_type">
            <entry key="cell_class" type="xstring" value="org.knime.core.data.def.DoubleCell"/>
        </config>
        <config key="column_domain">
            <config key="lower_bound">
                <entry key="datacell" type="xstring" value="org.knime.core.data.def.DoubleCell"/>
                <config key="org.knime.core.data.def.DoubleCell">
                    <entry key="DoubleCell" type="xdouble" value="0.0"/>
                </config>
            </config>
            <config key="upper_bound">
                <entry key="datacell" type="xstring" value="org.knime.core.data.def.DoubleCell"/>
                <config key="org.knime.core.data.def.DoubleCell">
                    <entry key="DoubleCell" type="xdouble" value="20.52290402566161"/>
                </config>
            </config>
        </config>
        <config key="column_properties"/>
        <config key="meta_data"/>
    </config>
    <config key="column_spec_51">
        <entry key="column_name" type="xstring" value="peoe_VSA10"/>
        <config key="element_names">
            <entry key="array-size" type="xint" value="0"/>
        </config>
        <config key="column_type">
            <entry key="cell_class" type="xstring" value="org.knime.core.data.def.DoubleCell"/>
        </config>
        <config key="column_domain">
            <config key="lower_bound">
                <entry key="datacell" type="xstring" value="org.knime.core.data.def.DoubleCell"/>
                <config key="org.knime.core.data.def.DoubleCell">
                    <entry key="DoubleCell" type="xdouble" value="0.0"/>
                </config>
            </config>
            <config key="upper_bound">
                <entry key="datacell" type="xstring" value="org.knime.core.data.def.DoubleCell"/>
                <config key="org.knime.core.data.def.DoubleCell">
                    <entry key="DoubleCell" type="xdouble" value="14.373779583209764"/>
                </config>
            </config>
        </config>
        <config key="column_properties"/>
        <config key="meta_data"/>
    </config>
    <config key="column_spec_52">
        <entry key="column_name" type="xstring" value="MQN1"/>
        <config key="element_names">
            <entry key="array-size" type="xint" value="0"/>
        </config>
        <config key="column_type">
            <entry key="cell_class" type="xstring" value="org.knime.core.data.def.DoubleCell"/>
        </config>
        <config key="column_domain">
            <config key="lower_bound">
                <entry key="datacell" type="xstring" value="org.knime.core.data.def.DoubleCell"/>
                <config key="org.knime.core.data.def.DoubleCell">
                    <entry key="DoubleCell" type="xdouble" value="0.0"/>
                </config>
            </config>
            <config key="upper_bound">
                <entry key="datacell" type="xstring" value="org.knime.core.data.def.DoubleCell"/>
                <config key="org.knime.core.data.def.DoubleCell">
                    <entry key="DoubleCell" type="xdouble" value="5.9152489408343545"/>
                </config>
            </config>
        </config>
        <config key="column_properties"/>
        <config key="meta_data"/>
    </config>
    <config key="column_spec_53">
        <entry key="column_name" type="xstring" value="MQN8"/>
        <config key="element_names">
            <entry key="array-size" type="xint" value="0"/>
        </config>
        <config key="column_type">
            <entry key="cell_class" type="xstring" value="org.knime.core.data.def.IntCell"/>
        </config>
        <config key="column_domain">
            <config key="lower_bound">
                <entry key="datacell" type="xstring" value="org.knime.core.data.def.IntCell"/>
                <config key="org.knime.core.data.def.IntCell">
                    <entry key="IntCell" type="xint" value="0"/>
                </config>
            </config>
            <config key="upper_bound">
                <entry key="datacell" type="xstring" value="org.knime.core.data.def.IntCell"/>
                <config key="org.knime.core.data.def.IntCell">
                    <entry key="IntCell" type="xint" value="2"/>
                </config>
            </config>
        </config>
        <config key="column_properties"/>
        <config key="meta_data"/>
    </config>
    <config key="column_spec_54">
        <entry key="column_name" type="xstring" value="MQN10"/>
        <config key="element_names">
            <entry key="array-size" type="xint" value="0"/>
        </config>
        <config key="column_type">
            <entry key="cell_class" type="xstring" value="org.knime.core.data.def.IntCell"/>
        </config>
        <config key="column_domain">
            <config key="lower_bound">
                <entry key="datacell" type="xstring" value="org.knime.core.data.def.IntCell"/>
                <config key="org.knime.core.data.def.IntCell">
                    <entry key="IntCell" type="xint" value="0"/>
                </config>
            </config>
            <config key="upper_bound">
                <entry key="datacell" type="xstring" value="org.knime.core.data.def.IntCell"/>
                <config key="org.knime.core.data.def.IntCell">
                    <entry key="IntCell" type="xint" value="5"/>
                </config>
            </config>
        </config>
        <config key="column_properties"/>
        <config key="meta_data"/>
    </config>
    <config key="column_spec_55">
        <entry key="column_name" type="xstring" value="MQN12"/>
        <config key="element_names">
            <entry key="array-size" type="xint" value="0"/>
        </config>
        <config key="column_type">
            <entry key="cell_class" type="xstring" value="org.knime.core.data.def.DoubleCell"/>
        </config>
        <config key="column_domain">
            <config key="lower_bound">
                <entry key="datacell" type="xstring" value="org.knime.core.data.def.DoubleCell"/>
                <config key="org.knime.core.data.def.DoubleCell">
                    <entry key="DoubleCell" type="xdouble" value="1.4746749048852923"/>
                </config>
            </config>
            <config key="upper_bound">
                <entry key="datacell" type="xstring" value="org.knime.core.data.def.DoubleCell"/>
                <config key="org.knime.core.data.def.DoubleCell">
                    <entry key="DoubleCell" type="xdouble" value="6.62566499247596"/>
                </config>
            </config>
        </config>
        <config key="column_properties"/>
        <config key="meta_data"/>
    </config>
    <config key="column_spec_56">
        <entry key="column_name" type="xstring" value="MQN13"/>
        <config key="element_names">
            <entry key="array-size" type="xint" value="0"/>
        </config>
        <config key="column_type">
            <entry key="cell_class" type="xstring" value="org.knime.core.data.def.IntCell"/>
        </config>
        <config key="column_domain">
            <config key="lower_bound">
                <entry key="datacell" type="xstring" value="org.knime.core.data.def.IntCell"/>
                <config key="org.knime.core.data.def.IntCell">
                    <entry key="IntCell" type="xint" value="0"/>
                </config>
            </config>
            <config key="upper_bound">
                <entry key="datacell" type="xstring" value="org.knime.core.data.def.IntCell"/>
                <config key="org.knime.core.data.def.IntCell">
                    <entry key="IntCell" type="xint" value="10"/>
                </config>
            </config>
        </config>
        <config key="column_properties"/>
        <config key="meta_data"/>
    </config>
    <config key="column_spec_57">
        <entry key="column_name" type="xstring" value="MQN14"/>
        <config key="element_names">
            <entry key="array-size" type="xint" value="0"/>
        </config>
        <config key="column_type">
            <entry key="cell_class" type="xstring" value="org.knime.core.data.def.IntCell"/>
        </config>
        <config key="column_domain">
            <config key="lower_bound">
                <entry key="datacell" type="xstring" value="org.knime.core.data.def.IntCell"/>
                <config key="org.knime.core.data.def.IntCell">
                    <entry key="IntCell" type="xint" value="0"/>
                </config>
            </config>
            <config key="upper_bound">
                <entry key="datacell" type="xstring" value="org.knime.core.data.def.IntCell"/>
                <config key="org.knime.core.data.def.IntCell">
                    <entry key="IntCell" type="xint" value="2"/>
                </config>
            </config>
        </config>
        <config key="column_properties"/>
        <config key="meta_data"/>
    </config>
    <config key="column_spec_58">
        <entry key="column_name" type="xstring" value="MQN16"/>
        <config key="element_names">
            <entry key="array-size" type="xint" value="0"/>
        </config>
        <config key="column_type">
            <entry key="cell_class" type="xstring" value="org.knime.core.data.def.IntCell"/>
        </config>
        <config key="column_domain">
            <config key="lower_bound">
                <entry key="datacell" type="xstring" value="org.knime.core.data.def.IntCell"/>
                <config key="org.knime.core.data.def.IntCell">
                    <entry key="IntCell" type="xint" value="0"/>
                </config>
            </config>
            <config key="upper_bound">
                <entry key="datacell" type="xstring" value="org.knime.core.data.def.IntCell"/>
                <config key="org.knime.core.data.def.IntCell">
                    <entry key="IntCell" type="xint" value="7"/>
                </config>
            </config>
        </config>
        <config key="column_properties"/>
        <config key="meta_data"/>
    </config>
    <config key="column_spec_59">
        <entry key="column_name" type="xstring" value="MQN17"/>
        <config key="element_names">
            <entry key="array-size" type="xint" value="0"/>
        </config>
        <config key="column_type">
            <entry key="cell_class" type="xstring" value="org.knime.core.data.def.IntCell"/>
        </config>
        <config key="column_domain">
            <config key="lower_bound">
                <entry key="datacell" type="xstring" value="org.knime.core.data.def.IntCell"/>
                <config key="org.knime.core.data.def.IntCell">
                    <entry key="IntCell" type="xint" value="0"/>
                </config>
            </config>
            <config key="upper_bound">
                <entry key="datacell" type="xstring" value="org.knime.core.data.def.IntCell"/>
                <config key="org.knime.core.data.def.IntCell">
                    <entry key="IntCell" type="xint" value="7"/>
                </config>
            </config>
        </config>
        <config key="column_properties"/>
        <config key="meta_data"/>
    </config>
    <config key="column_spec_60">
        <entry key="column_name" type="xstring" value="MQN19"/>
        <config key="element_names">
            <entry key="array-size" type="xint" value="0"/>
        </config>
        <config key="column_type">
            <entry key="cell_class" type="xstring" value="org.knime.core.data.def.IntCell"/>
        </config>
        <config key="column_domain">
            <config key="lower_bound">
                <entry key="datacell" type="xstring" value="org.knime.core.data.def.IntCell"/>
                <config key="org.knime.core.data.def.IntCell">
                    <entry key="IntCell" type="xint" value="0"/>
                </config>
            </config>
            <config key="upper_bound">
                <entry key="datacell" type="xstring" value="org.knime.core.data.def.IntCell"/>
                <config key="org.knime.core.data.def.IntCell">
                    <entry key="IntCell" type="xint" value="7"/>
                </config>
            </config>
        </config>
        <config key="column_properties"/>
        <config key="meta_data"/>
    </config>
    <config key="column_spec_61">
        <entry key="column_name" type="xstring" value="MQN20"/>
        <config key="element_names">
            <entry key="array-size" type="xint" value="0"/>
        </config>
        <config key="column_type">
            <entry key="cell_class" type="xstring" value="org.knime.core.data.def.IntCell"/>
        </config>
        <config key="column_domain">
            <config key="lower_bound">
                <entry key="datacell" type="xstring" value="org.knime.core.data.def.IntCell"/>
                <config key="org.knime.core.data.def.IntCell">
                    <entry key="IntCell" type="xint" value="0"/>
                </config>
            </config>
            <config key="upper_bound">
                <entry key="datacell" type="xstring" value="org.knime.core.data.def.IntCell"/>
                <config key="org.knime.core.data.def.IntCell">
                    <entry key="IntCell" type="xint" value="8"/>
                </config>
            </config>
        </config>
        <config key="column_properties"/>
        <config key="meta_data"/>
    </config>
    <config key="column_spec_62">
        <entry key="column_name" type="xstring" value="MQN21"/>
        <config key="element_names">
            <entry key="array-size" type="xint" value="0"/>
        </config>
        <config key="column_type">
            <entry key="cell_class" type="xstring" value="org.knime.core.data.def.IntCell"/>
        </config>
        <config key="column_domain">
            <config key="lower_bound">
                <entry key="datacell" type="xstring" value="org.knime.core.data.def.IntCell"/>
                <config key="org.knime.core.data.def.IntCell">
                    <entry key="IntCell" type="xint" value="0"/>
                </config>
            </config>
            <config key="upper_bound">
                <entry key="datacell" type="xstring" value="org.knime.core.data.def.IntCell"/>
                <config key="org.knime.core.data.def.IntCell">
                    <entry key="IntCell" type="xint" value="3"/>
                </config>
            </config>
        </config>
        <config key="column_properties"/>
        <config key="meta_data"/>
    </config>
    <config key="column_spec_63">
        <entry key="column_name" type="xstring" value="MQN22"/>
        <config key="element_names">
            <entry key="array-size" type="xint" value="0"/>
        </config>
        <config key="column_type">
            <entry key="cell_class" type="xstring" value="org.knime.core.data.def.IntCell"/>
        </config>
        <config key="column_domain">
            <config key="lower_bound">
                <entry key="datacell" type="xstring" value="org.knime.core.data.def.IntCell"/>
                <config key="org.knime.core.data.def.IntCell">
                    <entry key="IntCell" type="xint" value="0"/>
                </config>
            </config>
            <config key="upper_bound">
                <entry key="datacell" type="xstring" value="org.knime.core.data.def.IntCell"/>
                <config key="org.knime.core.data.def.IntCell">
                    <entry key="IntCell" type="xint" value="2"/>
                </config>
            </config>
        </config>
        <config key="column_properties"/>
        <config key="meta_data"/>
    </config>
    <config key="column_spec_64">
        <entry key="column_name" type="xstring" value="MQN23"/>
        <config key="element_names">
            <entry key="array-size" type="xint" value="0"/>
        </config>
        <config key="column_type">
            <entry key="cell_class" type="xstring" value="org.knime.core.data.def.IntCell"/>
        </config>
        <config key="column_domain">
            <config key="lower_bound">
                <entry key="datacell" type="xstring" value="org.knime.core.data.def.IntCell"/>
                <config key="org.knime.core.data.def.IntCell">
                    <entry key="IntCell" type="xint" value="0"/>
                </config>
            </config>
            <config key="upper_bound">
                <entry key="datacell" type="xstring" value="org.knime.core.data.def.IntCell"/>
                <config key="org.knime.core.data.def.IntCell">
                    <entry key="IntCell" type="xint" value="2"/>
                </config>
            </config>
        </config>
        <config key="column_properties"/>
        <config key="meta_data"/>
    </config>
    <config key="column_spec_65">
        <entry key="column_name" type="xstring" value="MQN26"/>
        <config key="element_names">
            <entry key="array-size" type="xint" value="0"/>
        </config>
        <config key="column_type">
            <entry key="cell_class" type="xstring" value="org.knime.core.data.def.IntCell"/>
        </config>
        <config key="column_domain">
            <config key="lower_bound">
                <entry key="datacell" type="xstring" value="org.knime.core.data.def.IntCell"/>
                <config key="org.knime.core.data.def.IntCell">
                    <entry key="IntCell" type="xint" value="0"/>
                </config>
            </config>
            <config key="upper_bound">
                <entry key="datacell" type="xstring" value="org.knime.core.data.def.IntCell"/>
                <config key="org.knime.core.data.def.IntCell">
                    <entry key="IntCell" type="xint" value="7"/>
                </config>
            </config>
        </config>
        <config key="column_properties"/>
        <config key="meta_data"/>
    </config>
    <config key="column_spec_66">
        <entry key="column_name" type="xstring" value="MQN27"/>
        <config key="element_names">
            <entry key="array-size" type="xint" value="0"/>
        </config>
        <config key="column_type">
            <entry key="cell_class" type="xstring" value="org.knime.core.data.def.IntCell"/>
        </config>
        <config key="column_domain">
            <config key="lower_bound">
                <entry key="datacell" type="xstring" value="org.knime.core.data.def.IntCell"/>
                <config key="org.knime.core.data.def.IntCell">
                    <entry key="IntCell" type="xint" value="0"/>
                </config>
            </config>
            <config key="upper_bound">
                <entry key="datacell" type="xstring" value="org.knime.core.data.def.IntCell"/>
                <config key="org.knime.core.data.def.IntCell">
                    <entry key="IntCell" type="xint" value="7"/>
                </config>
            </config>
        </config>
        <config key="column_properties"/>
        <config key="meta_data"/>
    </config>
    <config key="column_spec_67">
        <entry key="column_name" type="xstring" value="MQN28"/>
        <config key="element_names">
            <entry key="array-size" type="xint" value="0"/>
        </config>
        <config key="column_type">
            <entry key="cell_class" type="xstring" value="org.knime.core.data.def.IntCell"/>
        </config>
        <config key="column_domain">
            <config key="lower_bound">
                <entry key="datacell" type="xstring" value="org.knime.core.data.def.IntCell"/>
                <config key="org.knime.core.data.def.IntCell">
                    <entry key="IntCell" type="xint" value="0"/>
                </config>
            </config>
            <config key="upper_bound">
                <entry key="datacell" type="xstring" value="org.knime.core.data.def.IntCell"/>
                <config key="org.knime.core.data.def.IntCell">
                    <entry key="IntCell" type="xint" value="2"/>
                </config>
            </config>
        </config>
        <config key="column_properties"/>
        <config key="meta_data"/>
    </config>
    <config key="column_spec_68">
        <entry key="column_name" type="xstring" value="MQN30"/>
        <config key="element_names">
            <entry key="array-size" type="xint" value="0"/>
        </config>
        <config key="column_type">
            <entry key="cell_class" type="xstring" value="org.knime.core.data.def.IntCell"/>
        </config>
        <config key="column_domain">
            <config key="lower_bound">
                <entry key="datacell" type="xstring" value="org.knime.core.data.def.IntCell"/>
                <config key="org.knime.core.data.def.IntCell">
                    <entry key="IntCell" type="xint" value="0"/>
                </config>
            </config>
            <config key="upper_bound">
                <entry key="datacell" type="xstring" value="org.knime.core.data.def.IntCell"/>
                <config key="org.knime.core.data.def.IntCell">
                    <entry key="IntCell" type="xint" value="10"/>
                </config>
            </config>
        </config>
        <config key="column_properties"/>
        <config key="meta_data"/>
    </config>
    <config key="column_spec_69">
        <entry key="column_name" type="xstring" value="MQN31"/>
        <config key="element_names">
            <entry key="array-size" type="xint" value="0"/>
        </config>
        <config key="column_type">
            <entry key="cell_class" type="xstring" value="org.knime.core.data.def.IntCell"/>
        </config>
        <config key="column_domain">
            <config key="lower_bound">
                <entry key="datacell" type="xstring" value="org.knime.core.data.def.IntCell"/>
                <config key="org.knime.core.data.def.IntCell">
                    <entry key="IntCell" type="xint" value="0"/>
                </config>
            </config>
            <config key="upper_bound">
                <entry key="datacell" type="xstring" value="org.knime.core.data.def.IntCell"/>
                <config key="org.knime.core.data.def.IntCell">
                    <entry key="IntCell" type="xint" value="7"/>
                </config>
            </config>
        </config>
        <config key="column_properties"/>
        <config key="meta_data"/>
    </config>
    <config key="column_spec_70">
        <entry key="column_name" type="xstring" value="MQN36"/>
        <config key="element_names">
            <entry key="array-size" type="xint" value="0"/>
        </config>
        <config key="column_type">
            <entry key="cell_class" type="xstring" value="org.knime.core.data.def.IntCell"/>
        </config>
        <config key="column_domain">
            <config key="lower_bound">
                <entry key="datacell" type="xstring" value="org.knime.core.data.def.IntCell"/>
                <config key="org.knime.core.data.def.IntCell">
                    <entry key="IntCell" type="xint" value="0"/>
                </config>
            </config>
            <config key="upper_bound">
                <entry key="datacell" type="xstring" value="org.knime.core.data.def.IntCell"/>
                <config key="org.knime.core.data.def.IntCell">
                    <entry key="IntCell" type="xint" value="2"/>
                </config>
            </config>
        </config>
        <config key="column_properties"/>
        <config key="meta_data"/>
    </config>
</config>
