<?xml version="1.0" encoding="UTF-8"?>
<config xmlns="http://www.knime.org/2008/09/XMLConfig" xmlns:xsi="http://www.w3.org/2001/XMLSchema-instance" xsi:schemaLocation="http://www.knime.org/2008/09/XMLConfig http://www.knime.org/XMLConfig_2008_09.xsd" key="model.xml">
    <entry key="version" type="xint" value="1"/>
    <entry key="class_name" type="xstring" value="org.knime.base.data.normalize.NormalizerPortObject"/>
    <config key="model">
        <config key="columns">
            <config key="Atom count">
                <entry key="column_name" type="xstring" value="Atom count"/>
                <entry key="column_scale" type="xdouble" value="0.19253539908811243"/>
                <entry key="column_translate" type="xdouble" value="0.5971484925239653"/>
                <entry key="column_min" type="xdouble" value="0.0"/>
                <entry key="column_max" type="xdouble" value="1.0"/>
            </config>
            <config key="Bond count">
                <entry key="column_name" type="xstring" value="Bond count"/>
                <entry key="column_scale" type="xdouble" value="0.19335034928718944"/>
                <entry key="column_translate" type="xdouble" value="0.6003002689398106"/>
                <entry key="column_min" type="xdouble" value="0.0"/>
                <entry key="column_max" type="xdouble" value="1.0"/>
            </config>
            <config key="SlogP">
                <entry key="column_name" type="xstring" value="SlogP"/>
                <entry key="column_scale" type="xdouble" value="0.20849804349002896"/>
                <entry key="column_translate" type="xdouble" value="0.434185697336801"/>
                <entry key="column_min" type="xdouble" value="0.0"/>
                <entry key="column_max" type="xdouble" value="1.0"/>
            </config>
            <config key="SMR">
                <entry key="column_name" type="xstring" value="SMR"/>
                <entry key="column_scale" type="xdouble" value="0.20211582205786227"/>
                <entry key="column_translate" type="xdouble" value="0.5760940835134749"/>
                <entry key="column_min" type="xdouble" value="0.0"/>
                <entry key="column_max" type="xdouble" value="1.0"/>
            </config>
            <config key="LabuteASA">
                <entry key="column_name" type="xstring" value="LabuteASA"/>
                <entry key="column_scale" type="xdouble" value="0.2062462682928213"/>
                <entry key="column_translate" type="xdouble" value="0.5587402272865041"/>
                <entry key="column_min" type="xdouble" value="0.0"/>
                <entry key="column_max" type="xdouble" value="1.0"/>
            </config>
            <config key="TPSA">
                <entry key="column_name" type="xstring" value="TPSA"/>
                <entry key="column_scale" type="xdouble" value="0.273350449486752"/>
                <entry key="column_translate" type="xdouble" value="0.3882794966840659"/>
                <entry key="column_min" type="xdouble" value="0.0"/>
                <entry key="column_max" type="xdouble" value="1.0"/>
            </config>
            <config key="AMW">
                <entry key="column_name" type="xstring" value="AMW"/>
                <entry key="column_scale" type="xdouble" value="0.20523190678522665"/>
                <entry key="column_translate" type="xdouble" value="0.5774340902874133"/>
                <entry key="column_min" type="xdouble" value="0.0"/>
                <entry key="column_max" type="xdouble" value="1.0"/>
            </config>
            <config key="ExactMW">
                <entry key="column_name" type="xstring" value="ExactMW"/>
                <entry key="column_scale" type="xdouble" value="0.2056536482427746"/>
                <entry key="column_translate" type="xdouble" value="0.5775804779467858"/>
                <entry key="column_min" type="xdouble" value="0.0"/>
                <entry key="column_max" type="xdouble" value="1.0"/>
            </config>
            <config key="NumLipinskiHBA">
                <entry key="column_name" type="xstring" value="NumLipinskiHBA"/>
                <entry key="column_scale" type="xdouble" value="0.3276757322907893"/>
                <entry key="column_translate" type="xdouble" value="0.500638569604087"/>
                <entry key="column_min" type="xdouble" value="0.0"/>
                <entry key="column_max" type="xdouble" value="1.0"/>
            </config>
            <config key="NumLipinskiHBD">
                <entry key="column_name" type="xstring" value="NumLipinskiHBD"/>
                <entry key="column_scale" type="xdouble" value="0.37139067635410394"/>
                <entry key="column_translate" type="xdouble" value="0.310344827586207"/>
                <entry key="column_min" type="xdouble" value="0.0"/>
                <entry key="column_max" type="xdouble" value="1.0"/>
            </config>
            <config key="NumRotatableBonds">
                <entry key="column_name" type="xstring" value="NumRotatableBonds"/>
                <entry key="column_scale" type="xdouble" value="0.3058531288106749"/>
                <entry key="column_translate" type="xdouble" value="0.30158730158730185"/>
                <entry key="column_min" type="xdouble" value="0.0"/>
                <entry key="column_max" type="xdouble" value="1.0"/>
            </config>
            <config key="NumHBD">
                <entry key="column_name" type="xstring" value="NumHBD"/>
                <entry key="column_scale" type="xdouble" value="0.2863044408183389"/>
                <entry key="column_translate" type="xdouble" value="0.25095785440613044"/>
                <entry key="column_min" type="xdouble" value="0.0"/>
                <entry key="column_max" type="xdouble" value="1.0"/>
            </config>
            <config key="NumHBA">
                <entry key="column_name" type="xstring" value="NumHBA"/>
                <entry key="column_scale" type="xdouble" value="0.31014755421719453"/>
                <entry key="column_translate" type="xdouble" value="0.49169859514687086"/>
                <entry key="column_min" type="xdouble" value="0.0"/>
                <entry key="column_max" type="xdouble" value="1.0"/>
            </config>
            <config key="NumHeteroAtoms">
                <entry key="column_name" type="xstring" value="NumHeteroAtoms"/>
                <entry key="column_scale" type="xdouble" value="0.21717531941589316"/>
                <entry key="column_translate" type="xdouble" value="0.3074712643678164"/>
                <entry key="column_min" type="xdouble" value="0.0"/>
                <entry key="column_max" type="xdouble" value="1.0"/>
            </config>
            <config key="NumHeavyAtoms">
                <entry key="column_name" type="xstring" value="NumHeavyAtoms"/>
                <entry key="column_scale" type="xdouble" value="0.22803377826967192"/>
                <entry key="column_translate" type="xdouble" value="0.5577387790122886"/>
                <entry key="column_min" type="xdouble" value="0.0"/>
                <entry key="column_max" type="xdouble" value="1.0"/>
            </config>
            <config key="NumAtoms">
                <entry key="column_name" type="xstring" value="NumAtoms"/>
                <entry key="column_scale" type="xdouble" value="0.19253539908811243"/>
                <entry key="column_translate" type="xdouble" value="0.5971484925239653"/>
                <entry key="column_min" type="xdouble" value="0.0"/>
                <entry key="column_max" type="xdouble" value="1.0"/>
            </config>
            <config key="NumRings">
                <entry key="column_name" type="xstring" value="NumRings"/>
                <entry key="column_scale" type="xdouble" value="0.31815578950495343"/>
                <entry key="column_translate" type="xdouble" value="0.3812260536398465"/>
                <entry key="column_min" type="xdouble" value="0.0"/>
                <entry key="column_max" type="xdouble" value="1.0"/>
            </config>
            <config key="NumAromaticRings">
                <entry key="column_name" type="xstring" value="NumAromaticRings"/>
                <entry key="column_scale" type="xdouble" value="0.3141003085503382"/>
                <entry key="column_translate" type="xdouble" value="0.34099616858237547"/>
                <entry key="column_min" type="xdouble" value="0.0"/>
                <entry key="column_max" type="xdouble" value="1.0"/>
            </config>
            <config key="NumAromaticCarbocycles">
                <entry key="column_name" type="xstring" value="NumAromaticCarbocycles"/>
                <entry key="column_scale" type="xdouble" value="0.3151775214486674"/>
                <entry key="column_translate" type="xdouble" value="0.2931034482758623"/>
                <entry key="column_min" type="xdouble" value="0.0"/>
                <entry key="column_max" type="xdouble" value="1.0"/>
            </config>
            <config key="Chi0v">
                <entry key="column_name" type="xstring" value="Chi0v"/>
                <entry key="column_scale" type="xdouble" value="0.20262600706848405"/>
                <entry key="column_translate" type="xdouble" value="0.584583060447418"/>
                <entry key="column_min" type="xdouble" value="0.0"/>
                <entry key="column_max" type="xdouble" value="1.0"/>
            </config>
            <config key="Chi1v">
                <entry key="column_name" type="xstring" value="Chi1v"/>
                <entry key="column_scale" type="xdouble" value="0.18767398253639236"/>
                <entry key="column_translate" type="xdouble" value="0.6214309925774035"/>
                <entry key="column_min" type="xdouble" value="0.0"/>
                <entry key="column_max" type="xdouble" value="1.0"/>
            </config>
            <config key="Chi2v">
                <entry key="column_name" type="xstring" value="Chi2v"/>
                <entry key="column_scale" type="xdouble" value="0.19284411648890973"/>
                <entry key="column_translate" type="xdouble" value="0.6074895854115215"/>
                <entry key="column_min" type="xdouble" value="0.0"/>
                <entry key="column_max" type="xdouble" value="1.0"/>
            </config>
            <config key="Chi3v">
                <entry key="column_name" type="xstring" value="Chi3v"/>
                <entry key="column_scale" type="xdouble" value="0.24334885482352625"/>
                <entry key="column_translate" type="xdouble" value="0.44579423024534254"/>
                <entry key="column_min" type="xdouble" value="0.0"/>
                <entry key="column_max" type="xdouble" value="1.0"/>
            </config>
            <config key="Chi4v">
                <entry key="column_name" type="xstring" value="Chi4v"/>
                <entry key="column_scale" type="xdouble" value="0.26254641923865746"/>
                <entry key="column_translate" type="xdouble" value="0.37771379903414326"/>
                <entry key="column_min" type="xdouble" value="0.0"/>
                <entry key="column_max" type="xdouble" value="1.0"/>
            </config>
            <config key="Chi1n">
                <entry key="column_name" type="xstring" value="Chi1n"/>
                <entry key="column_scale" type="xdouble" value="0.18787920988158088"/>
                <entry key="column_translate" type="xdouble" value="0.5985665227195671"/>
                <entry key="column_min" type="xdouble" value="0.0"/>
                <entry key="column_max" type="xdouble" value="1.0"/>
            </config>
            <config key="Chi2n">
                <entry key="column_name" type="xstring" value="Chi2n"/>
                <entry key="column_scale" type="xdouble" value="0.19499671741145996"/>
                <entry key="column_translate" type="xdouble" value="0.5941078039219397"/>
                <entry key="column_min" type="xdouble" value="0.0"/>
                <entry key="column_max" type="xdouble" value="1.0"/>
            </config>
            <config key="Chi3n">
                <entry key="column_name" type="xstring" value="Chi3n"/>
                <entry key="column_scale" type="xdouble" value="0.2389833954846606"/>
                <entry key="column_translate" type="xdouble" value="0.43209426070952217"/>
                <entry key="column_min" type="xdouble" value="0.0"/>
                <entry key="column_max" type="xdouble" value="1.0"/>
            </config>
            <config key="Chi4n">
                <entry key="column_name" type="xstring" value="Chi4n"/>
                <entry key="column_scale" type="xdouble" value="0.26013929596095364"/>
                <entry key="column_translate" type="xdouble" value="0.38567957132925235"/>
                <entry key="column_min" type="xdouble" value="0.0"/>
                <entry key="column_max" type="xdouble" value="1.0"/>
            </config>
            <config key="HallKierAlpha">
                <entry key="column_name" type="xstring" value="HallKierAlpha"/>
                <entry key="column_scale" type="xdouble" value="0.17392397076410399"/>
                <entry key="column_translate" type="xdouble" value="0.5309178743961352"/>
                <entry key="column_min" type="xdouble" value="0.0"/>
                <entry key="column_max" type="xdouble" value="1.0"/>
            </config>
            <config key="kappa1">
                <entry key="column_name" type="xstring" value="kappa1"/>
                <entry key="column_scale" type="xdouble" value="0.20588538850408655"/>
                <entry key="column_translate" type="xdouble" value="0.5725600870504611"/>
                <entry key="column_min" type="xdouble" value="0.0"/>
                <entry key="column_max" type="xdouble" value="1.0"/>
            </config>
            <config key="kappa2">
                <entry key="column_name" type="xstring" value="kappa2"/>
                <entry key="column_scale" type="xdouble" value="0.2111102359434356"/>
                <entry key="column_translate" type="xdouble" value="0.6292895614039393"/>
                <entry key="column_min" type="xdouble" value="0.0"/>
                <entry key="column_max" type="xdouble" value="1.0"/>
            </config>
            <config key="kappa3">
                <entry key="column_name" type="xstring" value="kappa3"/>
                <entry key="column_scale" type="xdouble" value="0.1990694414360825"/>
                <entry key="column_translate" type="xdouble" value="0.6627562977970092"/>
                <entry key="column_min" type="xdouble" value="0.0"/>
                <entry key="column_max" type="xdouble" value="1.0"/>
            </config>
            <config key="slogp_VSA1">
                <entry key="column_name" type="xstring" value="slogp_VSA1"/>
                <entry key="column_scale" type="xdouble" value="0.2704990761523824"/>
                <entry key="column_translate" type="xdouble" value="0.15787312079205154"/>
                <entry key="column_min" type="xdouble" value="0.0"/>
                <entry key="column_max" type="xdouble" value="1.0"/>
            </config>
            <config key="slogp_VSA2">
                <entry key="column_name" type="xstring" value="slogp_VSA2"/>
                <entry key="column_scale" type="xdouble" value="0.29495557564268643"/>
                <entry key="column_translate" type="xdouble" value="0.4065778896378658"/>
                <entry key="column_min" type="xdouble" value="0.0"/>
                <entry key="column_max" type="xdouble" value="1.0"/>
            </config>
            <config key="slogp_VSA3">
                <entry key="column_name" type="xstring" value="slogp_VSA3"/>
                <entry key="column_scale" type="xdouble" value="0.31500960091144614"/>
                <entry key="column_translate" type="xdouble" value="0.20379403681767486"/>
                <entry key="column_min" type="xdouble" value="0.0"/>
                <entry key="column_max" type="xdouble" value="1.0"/>
            </config>
            <config key="slogp_VSA4">
                <entry key="column_name" type="xstring" value="slogp_VSA4"/>
                <entry key="column_scale" type="xdouble" value="0.3291360803891319"/>
                <entry key="column_translate" type="xdouble" value="0.18903381090411514"/>
                <entry key="column_min" type="xdouble" value="0.0"/>
                <entry key="column_max" type="xdouble" value="1.0"/>
            </config>
            <config key="slogp_VSA5">
                <entry key="column_name" type="xstring" value="slogp_VSA5"/>
                <entry key="column_scale" type="xdouble" value="0.302430364407115"/>
                <entry key="column_translate" type="xdouble" value="0.3107384858006826"/>
                <entry key="column_min" type="xdouble" value="0.0"/>
                <entry key="column_max" type="xdouble" value="1.0"/>
            </config>
            <config key="slogp_VSA6">
                <entry key="column_name" type="xstring" value="slogp_VSA6"/>
                <entry key="column_scale" type="xdouble" value="0.2713930201553522"/>
                <entry key="column_translate" type="xdouble" value="0.2727703821471977"/>
                <entry key="column_min" type="xdouble" value="0.0"/>
                <entry key="column_max" type="xdouble" value="1.0"/>
            </config>
            <config key="slogp_VSA12">
                <entry key="column_name" type="xstring" value="slogp_VSA12"/>
                <entry key="column_scale" type="xdouble" value="0.3532134208938385"/>
                <entry key="column_translate" type="xdouble" value="0.21010714433081673"/>
                <entry key="column_min" type="xdouble" value="0.0"/>
                <entry key="column_max" type="xdouble" value="1.0"/>
            </config>
            <config key="smr_VSA1">
                <entry key="column_name" type="xstring" value="smr_VSA1"/>
                <entry key="column_scale" type="xdouble" value="0.23539181175182064"/>
                <entry key="column_translate" type="xdouble" value="0.24791018587899732"/>
                <entry key="column_min" type="xdouble" value="0.0"/>
                <entry key="column_max" type="xdouble" value="1.0"/>
            </config>
            <config key="smr_VSA5">
                <entry key="column_name" type="xstring" value="smr_VSA5"/>
                <entry key="column_scale" type="xdouble" value="0.27467458599077055"/>
                <entry key="column_translate" type="xdouble" value="0.2485084210261454"/>
                <entry key="column_min" type="xdouble" value="0.0"/>
                <entry key="column_max" type="xdouble" value="1.0"/>
            </config>
            <config key="smr_VSA6">
                <entry key="column_name" type="xstring" value="smr_VSA6"/>
                <entry key="column_scale" type="xdouble" value="0.33842630889522857"/>
                <entry key="column_translate" type="xdouble" value="0.26025063822918976"/>
                <entry key="column_min" type="xdouble" value="0.0"/>
                <entry key="column_max" type="xdouble" value="1.0"/>
            </config>
            <config key="smr_VSA7">
                <entry key="column_name" type="xstring" value="smr_VSA7"/>
                <entry key="column_scale" type="xdouble" value="0.23113587355044596"/>
                <entry key="column_translate" type="xdouble" value="0.25510976291185095"/>
                <entry key="column_min" type="xdouble" value="0.0"/>
                <entry key="column_max" type="xdouble" value="1.0"/>
            </config>
            <config key="smr_VSA9">
                <entry key="column_name" type="xstring" value="smr_VSA9"/>
                <entry key="column_scale" type="xdouble" value="0.2957060811742895"/>
                <entry key="column_translate" type="xdouble" value="0.16936111465064888"/>
                <entry key="column_min" type="xdouble" value="0.0"/>
                <entry key="column_max" type="xdouble" value="1.0"/>
            </config>
            <config key="smr_VSA10">
                <entry key="column_name" type="xstring" value="smr_VSA10"/>
                <entry key="column_scale" type="xdouble" value="0.2939294433668657"/>
                <entry key="column_translate" type="xdouble" value="0.252165770532317"/>
                <entry key="column_min" type="xdouble" value="0.0"/>
                <entry key="column_max" type="xdouble" value="1.0"/>
            </config>
            <config key="peoe_VSA1">
                <entry key="column_name" type="xstring" value="peoe_VSA1"/>
                <entry key="column_scale" type="xdouble" value="0.26011727363071363"/>
                <entry key="column_translate" type="xdouble" value="0.31511777710766953"/>
                <entry key="column_min" type="xdouble" value="0.0"/>
                <entry key="column_max" type="xdouble" value="1.0"/>
            </config>
            <config key="peoe_VSA2">
                <entry key="column_name" type="xstring" value="peoe_VSA2"/>
                <entry key="column_scale" type="xdouble" value="0.30746917985737765"/>
                <entry key="column_translate" type="xdouble" value="0.18983538615148765"/>
                <entry key="column_min" type="xdouble" value="0.0"/>
                <entry key="column_max" type="xdouble" value="1.0"/>
            </config>
            <config key="peoe_VSA6">
                <entry key="column_name" type="xstring" value="peoe_VSA6"/>
                <entry key="column_scale" type="xdouble" value="0.23283908245184057"/>
                <entry key="column_translate" type="xdouble" value="0.24721071684421467"/>
                <entry key="column_min" type="xdouble" value="0.0"/>
                <entry key="column_max" type="xdouble" value="1.0"/>
            </config>
            <config key="peoe_VSA7">
                <entry key="column_name" type="xstring" value="peoe_VSA7"/>
                <entry key="column_scale" type="xdouble" value="0.23060853583390287"/>
                <entry key="column_translate" type="xdouble" value="0.3247049112630789"/>
                <entry key="column_min" type="xdouble" value="0.0"/>
                <entry key="column_max" type="xdouble" value="1.0"/>
            </config>
            <config key="peoe_VSA8">
                <entry key="column_name" type="xstring" value="peoe_VSA8"/>
                <entry key="column_scale" type="xdouble" value="0.21540678476176242"/>
                <entry key="column_translate" type="xdouble" value="0.22671309502913764"/>
                <entry key="column_min" type="xdouble" value="0.0"/>
                <entry key="column_max" type="xdouble" value="1.0"/>
            </config>
            <config key="peoe_VSA9">
                <entry key="column_name" type="xstring" value="peoe_VSA9"/>
                <entry key="column_scale" type="xdouble" value="0.310513104792263"/>
                <entry key="column_translate" type="xdouble" value="0.2496806956544189"/>
                <entry key="column_min" type="xdouble" value="0.0"/>
                <entry key="column_max" type="xdouble" value="1.0"/>
            </config>
            <config key="peoe_VSA10">
                <entry key="column_name" type="xstring" value="peoe_VSA10"/>
                <entry key="column_scale" type="xdouble" value="0.27868641319793563"/>
                <entry key="column_translate" type="xdouble" value="0.19049597793914275"/>
                <entry key="column_min" type="xdouble" value="0.0"/>
                <entry key="column_max" type="xdouble" value="1.0"/>
            </config>
            <config key="MQN1">
                <entry key="column_name" type="xstring" value="MQN1"/>
                <entry key="column_scale" type="xdouble" value="0.19545214978592726"/>
                <entry key="column_translate" type="xdouble" value="0.5769912122021301"/>
                <entry key="column_min" type="xdouble" value="0.0"/>
                <entry key="column_max" type="xdouble" value="1.0"/>
            </config>
            <config key="MQN8">
                <entry key="column_name" type="xstring" value="MQN8"/>
                <entry key="column_scale" type="xdouble" value="0.2891724220169904"/>
                <entry key="column_translate" type="xdouble" value="0.17241379310344815"/>
                <entry key="column_min" type="xdouble" value="0.0"/>
                <entry key="column_max" type="xdouble" value="1.0"/>
            </config>
            <config key="MQN10">
                <entry key="column_name" type="xstring" value="MQN10"/>
                <entry key="column_scale" type="xdouble" value="0.24176139184431758"/>
                <entry key="column_translate" type="xdouble" value="0.23295019157088104"/>
                <entry key="column_min" type="xdouble" value="0.0"/>
                <entry key="column_max" type="xdouble" value="1.0"/>
            </config>
            <config key="MQN12">
                <entry key="column_name" type="xstring" value="MQN12"/>
                <entry key="column_scale" type="xdouble" value="0.22803377826967192"/>
                <entry key="column_translate" type="xdouble" value="0.5577387790122886"/>
                <entry key="column_min" type="xdouble" value="0.0"/>
                <entry key="column_max" type="xdouble" value="1.0"/>
            </config>
            <config key="MQN13">
                <entry key="column_name" type="xstring" value="MQN13"/>
                <entry key="column_scale" type="xdouble" value="0.26046332473267453"/>
                <entry key="column_translate" type="xdouble" value="0.47088122605364"/>
                <entry key="column_min" type="xdouble" value="0.0"/>
                <entry key="column_max" type="xdouble" value="1.0"/>
            </config>
            <config key="MQN14">
                <entry key="column_name" type="xstring" value="MQN14"/>
                <entry key="column_scale" type="xdouble" value="0.35636604500322533"/>
                <entry key="column_translate" type="xdouble" value="0.2835249042145592"/>
                <entry key="column_min" type="xdouble" value="0.0"/>
                <entry key="column_max" type="xdouble" value="1.0"/>
            </config>
            <config key="MQN16">
                <entry key="column_name" type="xstring" value="MQN16"/>
                <entry key="column_scale" type="xdouble" value="0.3047123633473345"/>
                <entry key="column_translate" type="xdouble" value="0.3519430760810071"/>
                <entry key="column_min" type="xdouble" value="0.0"/>
                <entry key="column_max" type="xdouble" value="1.0"/>
            </config>
            <config key="MQN17">
                <entry key="column_name" type="xstring" value="MQN17"/>
                <entry key="column_scale" type="xdouble" value="0.26940973550807645"/>
                <entry key="column_translate" type="xdouble" value="0.2906403940886698"/>
                <entry key="column_min" type="xdouble" value="0.0"/>
                <entry key="column_max" type="xdouble" value="1.0"/>
            </config>
            <config key="MQN19">
                <entry key="column_name" type="xstring" value="MQN19"/>
                <entry key="column_scale" type="xdouble" value="0.3058531288106749"/>
                <entry key="column_translate" type="xdouble" value="0.30158730158730185"/>
                <entry key="column_min" type="xdouble" value="0.0"/>
                <entry key="column_max" type="xdouble" value="1.0"/>
            </config>
            <config key="MQN20">
                <entry key="column_name" type="xstring" value="MQN20"/>
                <entry key="column_scale" type="xdouble" value="0.29626599722894015"/>
                <entry key="column_translate" type="xdouble" value="0.3606321839080459"/>
                <entry key="column_min" type="xdouble" value="0.0"/>
                <entry key="column_max" type="xdouble" value="1.0"/>
            </config>
            <config key="MQN21">
                <entry key="column_name" type="xstring" value="MQN21"/>
                <entry key="column_scale" type="xdouble" value="0.3276757322907893"/>
                <entry key="column_translate" type="xdouble" value="0.500638569604087"/>
                <entry key="column_min" type="xdouble" value="0.0"/>
                <entry key="column_max" type="xdouble" value="1.0"/>
            </config>
            <config key="MQN22">
                <entry key="column_name" type="xstring" value="MQN22"/>
                <entry key="column_scale" type="xdouble" value="0.37139067635410394"/>
                <entry key="column_translate" type="xdouble" value="0.310344827586207"/>
                <entry key="column_min" type="xdouble" value="0.0"/>
                <entry key="column_max" type="xdouble" value="1.0"/>
            </config>
            <config key="MQN23">
                <entry key="column_name" type="xstring" value="MQN23"/>
                <entry key="column_scale" type="xdouble" value="0.2863044408183389"/>
                <entry key="column_translate" type="xdouble" value="0.25095785440613044"/>
                <entry key="column_min" type="xdouble" value="0.0"/>
                <entry key="column_max" type="xdouble" value="1.0"/>
            </config>
            <config key="MQN26">
                <entry key="column_name" type="xstring" value="MQN26"/>
                <entry key="column_scale" type="xdouble" value="0.2161546778406644"/>
                <entry key="column_translate" type="xdouble" value="0.42090859332238656"/>
                <entry key="column_min" type="xdouble" value="0.0"/>
                <entry key="column_max" type="xdouble" value="1.0"/>
            </config>
            <config key="MQN27">
                <entry key="column_name" type="xstring" value="MQN27"/>
                <entry key="column_scale" type="xdouble" value="0.32454444830432394"/>
                <entry key="column_translate" type="xdouble" value="0.2764094143404488"/>
                <entry key="column_min" type="xdouble" value="0.0"/>
                <entry key="column_max" type="xdouble" value="1.0"/>
            </config>
            <config key="MQN28">
                <entry key="column_name" type="xstring" value="MQN28"/>
                <entry key="column_scale" type="xdouble" value="0.35171467483788044"/>
                <entry key="column_translate" type="xdouble" value="0.27394636015325674"/>
                <entry key="column_min" type="xdouble" value="0.0"/>
                <entry key="column_max" type="xdouble" value="1.0"/>
            </config>
            <config key="MQN30">
                <entry key="column_name" type="xstring" value="MQN30"/>
                <entry key="column_scale" type="xdouble" value="0.2780272384122558"/>
                <entry key="column_translate" type="xdouble" value="0.2888888888888888"/>
                <entry key="column_min" type="xdouble" value="0.0"/>
                <entry key="column_max" type="xdouble" value="1.0"/>
            </config>
            <config key="MQN31">
                <entry key="column_name" type="xstring" value="MQN31"/>
                <entry key="column_scale" type="xdouble" value="0.22090256981228062"/>
                <entry key="column_translate" type="xdouble" value="0.23097974822112746"/>
                <entry key="column_min" type="xdouble" value="0.0"/>
                <entry key="column_max" type="xdouble" value="1.0"/>
            </config>
            <config key="MQN36">
                <entry key="column_name" type="xstring" value="MQN36"/>
                <entry key="column_scale" type="xdouble" value="0.3184220044913621"/>
                <entry key="column_translate" type="xdouble" value="0.3563218390804596"/>
                <entry key="column_min" type="xdouble" value="0.0"/>
                <entry key="column_max" type="xdouble" value="1.0"/>
            </config>
        </config>
        <entry key="summary" type="xstring" value="Min/Max (0.0, 1) normalization on 71 column(s)"/>
    </config>
</config>
