<?xml version="1.0" encoding="UTF-8"?>
<config xmlns="http://www.knime.org/2008/09/XMLConfig" xmlns:xsi="http://www.w3.org/2001/XMLSchema-instance" xsi:schemaLocation="http://www.knime.org/2008/09/XMLConfig http://www.knime.org/XMLConfig_2008_09.xsd" key="model.xml">
    <entry key="version" type="xint" value="1"/>
    <entry key="class_name" type="xstring" value="org.knime.base.data.normalize.NormalizerPortObject"/>
    <config key="model">
        <config key="columns">
            <config key="Atom count">
                <entry key="column_name" type="xstring" value="Atom count"/>
                <entry key="column_scale" type="xdouble" value="3.0612628210291293"/>
                <entry key="column_translate" type="xdouble" value="-7.951310712285825"/>
                <entry key="column_min" type="xdouble" value="NaN"/>
                <entry key="column_max" type="xdouble" value="NaN"/>
            </config>
            <config key="Bond count">
                <entry key="column_name" type="xstring" value="Bond count"/>
                <entry key="column_scale" type="xdouble" value="1.9133489277840805"/>
                <entry key="column_translate" type="xdouble" value="-6.094229548238475"/>
                <entry key="column_min" type="xdouble" value="NaN"/>
                <entry key="column_max" type="xdouble" value="NaN"/>
            </config>
            <config key="SlogP">
                <entry key="column_name" type="xstring" value="SlogP"/>
                <entry key="column_scale" type="xdouble" value="0.8696866832609442"/>
                <entry key="column_translate" type="xdouble" value="-1.7211693619361947"/>
                <entry key="column_min" type="xdouble" value="NaN"/>
                <entry key="column_max" type="xdouble" value="NaN"/>
            </config>
            <config key="SMR">
                <entry key="column_name" type="xstring" value="SMR"/>
                <entry key="column_scale" type="xdouble" value="2.639840983585817"/>
                <entry key="column_translate" type="xdouble" value="-9.850699284969943"/>
                <entry key="column_min" type="xdouble" value="NaN"/>
                <entry key="column_max" type="xdouble" value="NaN"/>
            </config>
            <config key="LabuteASA">
                <entry key="column_name" type="xstring" value="LabuteASA"/>
                <entry key="column_scale" type="xdouble" value="6.933870474465523"/>
                <entry key="column_translate" type="xdouble" value="-18.790639660436472"/>
                <entry key="column_min" type="xdouble" value="NaN"/>
                <entry key="column_max" type="xdouble" value="NaN"/>
            </config>
            <config key="TPSA">
                <entry key="column_name" type="xstring" value="TPSA"/>
                <entry key="column_scale" type="xdouble" value="0.04086483269135845"/>
                <entry key="column_translate" type="xdouble" value="-1.2463303844470537"/>
                <entry key="column_min" type="xdouble" value="NaN"/>
                <entry key="column_max" type="xdouble" value="NaN"/>
            </config>
            <config key="AMW">
                <entry key="column_name" type="xstring" value="AMW"/>
                <entry key="column_scale" type="xdouble" value="17.086282732568396"/>
                <entry key="column_translate" type="xdouble" value="-38.03132845705753"/>
                <entry key="column_min" type="xdouble" value="NaN"/>
                <entry key="column_max" type="xdouble" value="NaN"/>
            </config>
            <config key="ExactMW">
                <entry key="column_name" type="xstring" value="ExactMW"/>
                <entry key="column_scale" type="xdouble" value="17.277122050026612"/>
                <entry key="column_translate" type="xdouble" value="-38.31496275061355"/>
                <entry key="column_min" type="xdouble" value="NaN"/>
                <entry key="column_max" type="xdouble" value="NaN"/>
            </config>
            <config key="NumLipinskiHBA">
                <entry key="column_name" type="xstring" value="NumLipinskiHBA"/>
                <entry key="column_scale" type="xdouble" value="0.5594398504206564"/>
                <entry key="column_translate" type="xdouble" value="-1.0990765202954487"/>
                <entry key="column_min" type="xdouble" value="NaN"/>
                <entry key="column_max" type="xdouble" value="NaN"/>
            </config>
            <config key="NumLipinskiHBD">
                <entry key="column_name" type="xstring" value="NumLipinskiHBD"/>
                <entry key="column_scale" type="xdouble" value="1.239172959629809"/>
                <entry key="column_translate" type="xdouble" value="-0.8882567232744649"/>
                <entry key="column_min" type="xdouble" value="NaN"/>
                <entry key="column_max" type="xdouble" value="NaN"/>
            </config>
            <config key="NumRotatableBonds">
                <entry key="column_name" type="xstring" value="NumRotatableBonds"/>
                <entry key="column_scale" type="xdouble" value="0.4258206747968488"/>
                <entry key="column_translate" type="xdouble" value="-0.8290314022593518"/>
                <entry key="column_min" type="xdouble" value="NaN"/>
                <entry key="column_max" type="xdouble" value="NaN"/>
            </config>
            <config key="NumHBD">
                <entry key="column_name" type="xstring" value="NumHBD"/>
                <entry key="column_scale" type="xdouble" value="1.717190101675866"/>
                <entry key="column_translate" type="xdouble" value="-0.9421751000345462"/>
                <entry key="column_min" type="xdouble" value="NaN"/>
                <entry key="column_max" type="xdouble" value="NaN"/>
            </config>
            <config key="NumHBA">
                <entry key="column_name" type="xstring" value="NumHBA"/>
                <entry key="column_scale" type="xdouble" value="0.6859688346548892"/>
                <entry key="column_translate" type="xdouble" value="-1.2141041321325476"/>
                <entry key="column_min" type="xdouble" value="NaN"/>
                <entry key="column_max" type="xdouble" value="NaN"/>
            </config>
            <config key="NumAmideBonds">
                <entry key="column_name" type="xstring" value="NumAmideBonds"/>
                <entry key="column_scale" type="xdouble" value="3.677141215858799"/>
                <entry key="column_translate" type="xdouble" value="-0.2928696543604354"/>
                <entry key="column_min" type="xdouble" value="NaN"/>
                <entry key="column_max" type="xdouble" value="NaN"/>
            </config>
            <config key="NumHeteroAtoms">
                <entry key="column_name" type="xstring" value="NumHeteroAtoms"/>
                <entry key="column_scale" type="xdouble" value="0.5154429332286941"/>
                <entry key="column_translate" type="xdouble" value="-1.414046984963674"/>
                <entry key="column_min" type="xdouble" value="NaN"/>
                <entry key="column_max" type="xdouble" value="NaN"/>
            </config>
            <config key="NumHeavyAtoms">
                <entry key="column_name" type="xstring" value="NumHeavyAtoms"/>
                <entry key="column_scale" type="xdouble" value="3.3834279352380423"/>
                <entry key="column_translate" type="xdouble" value="-6.698535263516908"/>
                <entry key="column_min" type="xdouble" value="NaN"/>
                <entry key="column_max" type="xdouble" value="NaN"/>
            </config>
            <config key="NumAtoms">
                <entry key="column_name" type="xstring" value="NumAtoms"/>
                <entry key="column_scale" type="xdouble" value="3.0612628210291293"/>
                <entry key="column_translate" type="xdouble" value="-7.951310712285825"/>
                <entry key="column_min" type="xdouble" value="NaN"/>
                <entry key="column_max" type="xdouble" value="NaN"/>
            </config>
            <config key="NumStereocenters">
                <entry key="column_name" type="xstring" value="NumStereocenters"/>
                <entry key="column_scale" type="xdouble" value="3.0641024845145615"/>
                <entry key="column_translate" type="xdouble" value="-0.2982754630943379"/>
                <entry key="column_min" type="xdouble" value="NaN"/>
                <entry key="column_max" type="xdouble" value="NaN"/>
            </config>
            <config key="NumUnspecifiedStereocenters">
                <entry key="column_name" type="xstring" value="NumUnspecifiedStereocenters"/>
                <entry key="column_scale" type="xdouble" value="1.0"/>
                <entry key="column_translate" type="xdouble" value="-0.0"/>
                <entry key="column_min" type="xdouble" value="NaN"/>
                <entry key="column_max" type="xdouble" value="NaN"/>
            </config>
            <config key="NumRings">
                <entry key="column_name" type="xstring" value="NumRings"/>
                <entry key="column_scale" type="xdouble" value="1.3766547123607247"/>
                <entry key="column_translate" type="xdouble" value="-1.1208162259928023"/>
                <entry key="column_min" type="xdouble" value="NaN"/>
                <entry key="column_max" type="xdouble" value="NaN"/>
            </config>
            <config key="NumAromaticRings">
                <entry key="column_name" type="xstring" value="NumAromaticRings"/>
                <entry key="column_scale" type="xdouble" value="1.5426736679809867"/>
                <entry key="column_translate" type="xdouble" value="-1.1604182458264058"/>
                <entry key="column_min" type="xdouble" value="NaN"/>
                <entry key="column_max" type="xdouble" value="NaN"/>
            </config>
            <config key="NumSaturatedRings">
                <entry key="column_name" type="xstring" value="NumSaturatedRings"/>
                <entry key="column_scale" type="xdouble" value="3.8184610985697263"/>
                <entry key="column_translate" type="xdouble" value="-0.2027501468267111"/>
                <entry key="column_min" type="xdouble" value="NaN"/>
                <entry key="column_max" type="xdouble" value="NaN"/>
            </config>
            <config key="NumAliphaticRings">
                <entry key="column_name" type="xstring" value="NumAliphaticRings"/>
                <entry key="column_scale" type="xdouble" value="3.2557126703111856"/>
                <entry key="column_translate" type="xdouble" value="-0.20168131585998492"/>
                <entry key="column_min" type="xdouble" value="NaN"/>
                <entry key="column_max" type="xdouble" value="NaN"/>
            </config>
            <config key="NumAromaticHeterocycles">
                <entry key="column_name" type="xstring" value="NumAromaticHeterocycles"/>
                <entry key="column_scale" type="xdouble" value="2.566087974367916"/>
                <entry key="column_translate" type="xdouble" value="-0.34063114703998876"/>
                <entry key="column_min" type="xdouble" value="NaN"/>
                <entry key="column_max" type="xdouble" value="NaN"/>
            </config>
            <config key="NumSaturatedHeterocycles">
                <entry key="column_name" type="xstring" value="NumSaturatedHeterocycles"/>
                <entry key="column_scale" type="xdouble" value="4.064750079831262"/>
                <entry key="column_translate" type="xdouble" value="-0.1798561982226222"/>
                <entry key="column_min" type="xdouble" value="NaN"/>
                <entry key="column_max" type="xdouble" value="NaN"/>
            </config>
            <config key="NumAliphaticHeterocycles">
                <entry key="column_name" type="xstring" value="NumAliphaticHeterocycles"/>
                <entry key="column_scale" type="xdouble" value="3.4012579670886076"/>
                <entry key="column_translate" type="xdouble" value="-0.1805977681639969"/>
                <entry key="column_min" type="xdouble" value="NaN"/>
                <entry key="column_max" type="xdouble" value="NaN"/>
            </config>
            <config key="NumAromaticCarbocycles">
                <entry key="column_name" type="xstring" value="NumAromaticCarbocycles"/>
                <entry key="column_scale" type="xdouble" value="1.620745540258606"/>
                <entry key="column_translate" type="xdouble" value="-1.0040016621071008"/>
                <entry key="column_min" type="xdouble" value="NaN"/>
                <entry key="column_max" type="xdouble" value="NaN"/>
            </config>
            <config key="NumSaturatedCarbocycles">
                <entry key="column_name" type="xstring" value="NumSaturatedCarbocycles"/>
                <entry key="column_scale" type="xdouble" value="10.630145812734652"/>
                <entry key="column_translate" type="xdouble" value="-0.09407208683835977"/>
                <entry key="column_min" type="xdouble" value="NaN"/>
                <entry key="column_max" type="xdouble" value="NaN"/>
            </config>
            <config key="NumAliphaticCarbocycles">
                <entry key="column_name" type="xstring" value="NumAliphaticCarbocycles"/>
                <entry key="column_scale" type="xdouble" value="10.630145812734652"/>
                <entry key="column_translate" type="xdouble" value="-0.09407208683835977"/>
                <entry key="column_min" type="xdouble" value="NaN"/>
                <entry key="column_max" type="xdouble" value="NaN"/>
            </config>
            <config key="FractionCSP3">
                <entry key="column_name" type="xstring" value="FractionCSP3"/>
                <entry key="column_scale" type="xdouble" value="2.604321864469543"/>
                <entry key="column_translate" type="xdouble" value="-0.9921191539009986"/>
                <entry key="column_min" type="xdouble" value="NaN"/>
                <entry key="column_max" type="xdouble" value="NaN"/>
            </config>
            <config key="Chi0v">
                <entry key="column_name" type="xstring" value="Chi0v"/>
                <entry key="column_scale" type="xdouble" value="5.255490849432726"/>
                <entry key="column_translate" type="xdouble" value="-7.053250551707575"/>
                <entry key="column_min" type="xdouble" value="NaN"/>
                <entry key="column_max" type="xdouble" value="NaN"/>
            </config>
            <config key="Chi1v">
                <entry key="column_name" type="xstring" value="Chi1v"/>
                <entry key="column_scale" type="xdouble" value="3.376293901125624"/>
                <entry key="column_translate" type="xdouble" value="-3.4546655354974045"/>
                <entry key="column_min" type="xdouble" value="NaN"/>
                <entry key="column_max" type="xdouble" value="NaN"/>
            </config>
            <config key="Chi2v">
                <entry key="column_name" type="xstring" value="Chi2v"/>
                <entry key="column_scale" type="xdouble" value="1.8866506760886015"/>
                <entry key="column_translate" type="xdouble" value="-1.716041775171279"/>
                <entry key="column_min" type="xdouble" value="NaN"/>
                <entry key="column_max" type="xdouble" value="NaN"/>
            </config>
            <config key="Chi3v">
                <entry key="column_name" type="xstring" value="Chi3v"/>
                <entry key="column_scale" type="xdouble" value="0.9062353539339562"/>
                <entry key="column_translate" type="xdouble" value="-1.471863638675429"/>
                <entry key="column_min" type="xdouble" value="NaN"/>
                <entry key="column_max" type="xdouble" value="NaN"/>
            </config>
            <config key="Chi4v">
                <entry key="column_name" type="xstring" value="Chi4v"/>
                <entry key="column_scale" type="xdouble" value="1.2244879428884756"/>
                <entry key="column_translate" type="xdouble" value="-1.1641057073010301"/>
                <entry key="column_min" type="xdouble" value="NaN"/>
                <entry key="column_max" type="xdouble" value="NaN"/>
            </config>
            <config key="Chi1n">
                <entry key="column_name" type="xstring" value="Chi1n"/>
                <entry key="column_scale" type="xdouble" value="1.8760810701998978"/>
                <entry key="column_translate" type="xdouble" value="-2.2492439628625336"/>
                <entry key="column_min" type="xdouble" value="NaN"/>
                <entry key="column_max" type="xdouble" value="NaN"/>
            </config>
            <config key="Chi2n">
                <entry key="column_name" type="xstring" value="Chi2n"/>
                <entry key="column_scale" type="xdouble" value="1.6073606675771908"/>
                <entry key="column_translate" type="xdouble" value="-1.2380133093222"/>
                <entry key="column_min" type="xdouble" value="NaN"/>
                <entry key="column_max" type="xdouble" value="NaN"/>
            </config>
            <config key="Chi3n">
                <entry key="column_name" type="xstring" value="Chi3n"/>
                <entry key="column_scale" type="xdouble" value="1.2573318146029737"/>
                <entry key="column_translate" type="xdouble" value="-1.6351464940040548"/>
                <entry key="column_min" type="xdouble" value="NaN"/>
                <entry key="column_max" type="xdouble" value="NaN"/>
            </config>
            <config key="Chi4n">
                <entry key="column_name" type="xstring" value="Chi4n"/>
                <entry key="column_scale" type="xdouble" value="1.7366939146342955"/>
                <entry key="column_translate" type="xdouble" value="-1.3124730783287692"/>
                <entry key="column_min" type="xdouble" value="NaN"/>
                <entry key="column_max" type="xdouble" value="NaN"/>
            </config>
            <config key="HallKierAlpha">
                <entry key="column_name" type="xstring" value="HallKierAlpha"/>
                <entry key="column_scale" type="xdouble" value="1.169611022214248"/>
                <entry key="column_translate" type="xdouble" value="0.9148842323320123"/>
                <entry key="column_min" type="xdouble" value="NaN"/>
                <entry key="column_max" type="xdouble" value="NaN"/>
            </config>
            <config key="kappa1">
                <entry key="column_name" type="xstring" value="kappa1"/>
                <entry key="column_scale" type="xdouble" value="4.071768154668502"/>
                <entry key="column_translate" type="xdouble" value="-6.751238884090133"/>
                <entry key="column_min" type="xdouble" value="NaN"/>
                <entry key="column_max" type="xdouble" value="NaN"/>
            </config>
            <config key="kappa2">
                <entry key="column_name" type="xstring" value="kappa2"/>
                <entry key="column_scale" type="xdouble" value="3.0391868444212564"/>
                <entry key="column_translate" type="xdouble" value="-2.8847885730453733"/>
                <entry key="column_min" type="xdouble" value="NaN"/>
                <entry key="column_max" type="xdouble" value="NaN"/>
            </config>
            <config key="kappa3">
                <entry key="column_name" type="xstring" value="kappa3"/>
                <entry key="column_scale" type="xdouble" value="1.6253632660182145"/>
                <entry key="column_translate" type="xdouble" value="-1.0899499656120022"/>
                <entry key="column_min" type="xdouble" value="NaN"/>
                <entry key="column_max" type="xdouble" value="NaN"/>
            </config>
            <config key="slogp_VSA1">
                <entry key="column_name" type="xstring" value="slogp_VSA1"/>
                <entry key="column_scale" type="xdouble" value="0.3133530136374958"/>
                <entry key="column_translate" type="xdouble" value="-0.6414457885583345"/>
                <entry key="column_min" type="xdouble" value="NaN"/>
                <entry key="column_max" type="xdouble" value="NaN"/>
            </config>
            <config key="slogp_VSA2">
                <entry key="column_name" type="xstring" value="slogp_VSA2"/>
                <entry key="column_scale" type="xdouble" value="0.09542326992880876"/>
                <entry key="column_translate" type="xdouble" value="-1.0415666217743456"/>
                <entry key="column_min" type="xdouble" value="NaN"/>
                <entry key="column_max" type="xdouble" value="NaN"/>
            </config>
            <config key="slogp_VSA3">
                <entry key="column_name" type="xstring" value="slogp_VSA3"/>
                <entry key="column_scale" type="xdouble" value="0.17916959959802217"/>
                <entry key="column_translate" type="xdouble" value="-0.5140335828515964"/>
                <entry key="column_min" type="xdouble" value="NaN"/>
                <entry key="column_max" type="xdouble" value="NaN"/>
            </config>
            <config key="slogp_VSA4">
                <entry key="column_name" type="xstring" value="slogp_VSA4"/>
                <entry key="column_scale" type="xdouble" value="0.1451663935248721"/>
                <entry key="column_translate" type="xdouble" value="-0.5782558995560014"/>
                <entry key="column_min" type="xdouble" value="NaN"/>
                <entry key="column_max" type="xdouble" value="NaN"/>
            </config>
            <config key="slogp_VSA5">
                <entry key="column_name" type="xstring" value="slogp_VSA5"/>
                <entry key="column_scale" type="xdouble" value="0.06366036895813737"/>
                <entry key="column_translate" type="xdouble" value="-0.892678335060046"/>
                <entry key="column_min" type="xdouble" value="NaN"/>
                <entry key="column_max" type="xdouble" value="NaN"/>
            </config>
            <config key="slogp_VSA6">
                <entry key="column_name" type="xstring" value="slogp_VSA6"/>
                <entry key="column_scale" type="xdouble" value="0.06562533408418711"/>
                <entry key="column_translate" type="xdouble" value="-1.1171870785211386"/>
                <entry key="column_min" type="xdouble" value="NaN"/>
                <entry key="column_max" type="xdouble" value="NaN"/>
            </config>
            <config key="slogp_VSA7">
                <entry key="column_name" type="xstring" value="slogp_VSA7"/>
                <entry key="column_scale" type="xdouble" value="0.22779723028844148"/>
                <entry key="column_translate" type="xdouble" value="-0.29362935195678935"/>
                <entry key="column_min" type="xdouble" value="NaN"/>
                <entry key="column_max" type="xdouble" value="NaN"/>
            </config>
            <config key="slogp_VSA8">
                <entry key="column_name" type="xstring" value="slogp_VSA8"/>
                <entry key="column_scale" type="xdouble" value="0.4319487161000357"/>
                <entry key="column_translate" type="xdouble" value="-0.23186458234462673"/>
                <entry key="column_min" type="xdouble" value="NaN"/>
                <entry key="column_max" type="xdouble" value="NaN"/>
            </config>
            <config key="slogp_VSA9">
                <entry key="column_name" type="xstring" value="slogp_VSA9"/>
                <entry key="column_scale" type="xdouble" value="1.0"/>
                <entry key="column_translate" type="xdouble" value="-0.0"/>
                <entry key="column_min" type="xdouble" value="NaN"/>
                <entry key="column_max" type="xdouble" value="NaN"/>
            </config>
            <config key="slogp_VSA10">
                <entry key="column_name" type="xstring" value="slogp_VSA10"/>
                <entry key="column_scale" type="xdouble" value="0.21366869457392995"/>
                <entry key="column_translate" type="xdouble" value="-0.46332235526758003"/>
                <entry key="column_min" type="xdouble" value="NaN"/>
                <entry key="column_max" type="xdouble" value="NaN"/>
            </config>
            <config key="slogp_VSA11">
                <entry key="column_name" type="xstring" value="slogp_VSA11"/>
                <entry key="column_scale" type="xdouble" value="0.23732758827421296"/>
                <entry key="column_translate" type="xdouble" value="-0.49536455342353464"/>
                <entry key="column_min" type="xdouble" value="NaN"/>
                <entry key="column_max" type="xdouble" value="NaN"/>
            </config>
            <config key="slogp_VSA12">
                <entry key="column_name" type="xstring" value="slogp_VSA12"/>
                <entry key="column_scale" type="xdouble" value="0.0630807511286966"/>
                <entry key="column_translate" type="xdouble" value="-0.4748434805591079"/>
                <entry key="column_min" type="xdouble" value="NaN"/>
                <entry key="column_max" type="xdouble" value="NaN"/>
            </config>
            <config key="smr_VSA1">
                <entry key="column_name" type="xstring" value="smr_VSA1"/>
                <entry key="column_scale" type="xdouble" value="0.1610123446878885"/>
                <entry key="column_translate" type="xdouble" value="-1.059418188638803"/>
                <entry key="column_min" type="xdouble" value="NaN"/>
                <entry key="column_max" type="xdouble" value="NaN"/>
            </config>
            <config key="smr_VSA2">
                <entry key="column_name" type="xstring" value="smr_VSA2"/>
                <entry key="column_scale" type="xdouble" value="1.1769265765850416"/>
                <entry key="column_translate" type="xdouble" value="-0.16441221275787896"/>
                <entry key="column_min" type="xdouble" value="NaN"/>
                <entry key="column_max" type="xdouble" value="NaN"/>
            </config>
            <config key="smr_VSA3">
                <entry key="column_name" type="xstring" value="smr_VSA3"/>
                <entry key="column_scale" type="xdouble" value="0.32849281967985977"/>
                <entry key="column_translate" type="xdouble" value="-0.31606891846541674"/>
                <entry key="column_min" type="xdouble" value="NaN"/>
                <entry key="column_max" type="xdouble" value="NaN"/>
            </config>
            <config key="smr_VSA4">
                <entry key="column_name" type="xstring" value="smr_VSA4"/>
                <entry key="column_scale" type="xdouble" value="0.3384974325126348"/>
                <entry key="column_translate" type="xdouble" value="-0.33583110060336047"/>
                <entry key="column_min" type="xdouble" value="NaN"/>
                <entry key="column_max" type="xdouble" value="NaN"/>
            </config>
            <config key="smr_VSA5">
                <entry key="column_name" type="xstring" value="smr_VSA5"/>
                <entry key="column_scale" type="xdouble" value="0.060231910681374734"/>
                <entry key="column_translate" type="xdouble" value="-0.7625927179469333"/>
                <entry key="column_min" type="xdouble" value="NaN"/>
                <entry key="column_max" type="xdouble" value="NaN"/>
            </config>
            <config key="smr_VSA6">
                <entry key="column_name" type="xstring" value="smr_VSA6"/>
                <entry key="column_scale" type="xdouble" value="0.13045060762809743"/>
                <entry key="column_translate" type="xdouble" value="-0.6456380021607019"/>
                <entry key="column_min" type="xdouble" value="NaN"/>
                <entry key="column_max" type="xdouble" value="NaN"/>
            </config>
            <config key="smr_VSA7">
                <entry key="column_name" type="xstring" value="smr_VSA7"/>
                <entry key="column_scale" type="xdouble" value="0.05462040700395526"/>
                <entry key="column_translate" type="xdouble" value="-1.2805363641130432"/>
                <entry key="column_min" type="xdouble" value="NaN"/>
                <entry key="column_max" type="xdouble" value="NaN"/>
            </config>
            <config key="smr_VSA8">
                <entry key="column_name" type="xstring" value="smr_VSA8"/>
                <entry key="column_scale" type="xdouble" value="1.0"/>
                <entry key="column_translate" type="xdouble" value="-0.0"/>
                <entry key="column_min" type="xdouble" value="NaN"/>
                <entry key="column_max" type="xdouble" value="NaN"/>
            </config>
            <config key="smr_VSA9">
                <entry key="column_name" type="xstring" value="smr_VSA9"/>
                <entry key="column_scale" type="xdouble" value="0.2170922317170432"/>
                <entry key="column_translate" type="xdouble" value="-0.5819999644504494"/>
                <entry key="column_min" type="xdouble" value="NaN"/>
                <entry key="column_max" type="xdouble" value="NaN"/>
            </config>
            <config key="smr_VSA10">
                <entry key="column_name" type="xstring" value="smr_VSA10"/>
                <entry key="column_scale" type="xdouble" value="0.06610626910574377"/>
                <entry key="column_translate" type="xdouble" value="-0.7972907485897779"/>
                <entry key="column_min" type="xdouble" value="NaN"/>
                <entry key="column_max" type="xdouble" value="NaN"/>
            </config>
            <config key="peoe_VSA1">
                <entry key="column_name" type="xstring" value="peoe_VSA1"/>
                <entry key="column_scale" type="xdouble" value="0.2477731259309622"/>
                <entry key="column_translate" type="xdouble" value="-1.1874435581178282"/>
                <entry key="column_min" type="xdouble" value="NaN"/>
                <entry key="column_max" type="xdouble" value="NaN"/>
            </config>
            <config key="peoe_VSA2">
                <entry key="column_name" type="xstring" value="peoe_VSA2"/>
                <entry key="column_scale" type="xdouble" value="0.1824140934799532"/>
                <entry key="column_translate" type="xdouble" value="-0.5987327835600945"/>
                <entry key="column_min" type="xdouble" value="NaN"/>
                <entry key="column_max" type="xdouble" value="NaN"/>
            </config>
            <config key="peoe_VSA3">
                <entry key="column_name" type="xstring" value="peoe_VSA3"/>
                <entry key="column_scale" type="xdouble" value="0.28999499002735846"/>
                <entry key="column_translate" type="xdouble" value="-0.34577462108535"/>
                <entry key="column_min" type="xdouble" value="NaN"/>
                <entry key="column_max" type="xdouble" value="NaN"/>
            </config>
            <config key="peoe_VSA4">
                <entry key="column_name" type="xstring" value="peoe_VSA4"/>
                <entry key="column_scale" type="xdouble" value="0.28403815392320775"/>
                <entry key="column_translate" type="xdouble" value="-0.22473258380435004"/>
                <entry key="column_min" type="xdouble" value="NaN"/>
                <entry key="column_max" type="xdouble" value="NaN"/>
            </config>
            <config key="peoe_VSA5">
                <entry key="column_name" type="xstring" value="peoe_VSA5"/>
                <entry key="column_scale" type="xdouble" value="0.1604297575668382"/>
                <entry key="column_translate" type="xdouble" value="-0.20980637203690783"/>
                <entry key="column_min" type="xdouble" value="NaN"/>
                <entry key="column_max" type="xdouble" value="NaN"/>
            </config>
            <config key="peoe_VSA6">
                <entry key="column_name" type="xstring" value="peoe_VSA6"/>
                <entry key="column_scale" type="xdouble" value="0.06261908454409325"/>
                <entry key="column_translate" type="xdouble" value="-1.0972197743630216"/>
                <entry key="column_min" type="xdouble" value="NaN"/>
                <entry key="column_max" type="xdouble" value="NaN"/>
            </config>
            <config key="peoe_VSA7">
                <entry key="column_name" type="xstring" value="peoe_VSA7"/>
                <entry key="column_scale" type="xdouble" value="0.06833691332898287"/>
                <entry key="column_translate" type="xdouble" value="-1.0691043908145608"/>
                <entry key="column_min" type="xdouble" value="NaN"/>
                <entry key="column_max" type="xdouble" value="NaN"/>
            </config>
            <config key="peoe_VSA8">
                <entry key="column_name" type="xstring" value="peoe_VSA8"/>
                <entry key="column_scale" type="xdouble" value="0.126604093271626"/>
                <entry key="column_translate" type="xdouble" value="-0.9141612109739253"/>
                <entry key="column_min" type="xdouble" value="NaN"/>
                <entry key="column_max" type="xdouble" value="NaN"/>
            </config>
            <config key="peoe_VSA9">
                <entry key="column_name" type="xstring" value="peoe_VSA9"/>
                <entry key="column_scale" type="xdouble" value="0.15134647028063059"/>
                <entry key="column_translate" type="xdouble" value="-0.6910083061240564"/>
                <entry key="column_min" type="xdouble" value="NaN"/>
                <entry key="column_max" type="xdouble" value="NaN"/>
            </config>
            <config key="peoe_VSA10">
                <entry key="column_name" type="xstring" value="peoe_VSA10"/>
                <entry key="column_scale" type="xdouble" value="0.22540270401320459"/>
                <entry key="column_translate" type="xdouble" value="-0.8343975471473285"/>
                <entry key="column_min" type="xdouble" value="NaN"/>
                <entry key="column_max" type="xdouble" value="NaN"/>
            </config>
            <config key="peoe_VSA11">
                <entry key="column_name" type="xstring" value="peoe_VSA11"/>
                <entry key="column_scale" type="xdouble" value="0.19317351457954907"/>
                <entry key="column_translate" type="xdouble" value="-0.3620442295739207"/>
                <entry key="column_min" type="xdouble" value="NaN"/>
                <entry key="column_max" type="xdouble" value="NaN"/>
            </config>
            <config key="peoe_VSA12">
                <entry key="column_name" type="xstring" value="peoe_VSA12"/>
                <entry key="column_scale" type="xdouble" value="0.5006132712986087"/>
                <entry key="column_translate" type="xdouble" value="-0.30850955669147884"/>
                <entry key="column_min" type="xdouble" value="NaN"/>
                <entry key="column_max" type="xdouble" value="NaN"/>
            </config>
            <config key="peoe_VSA13">
                <entry key="column_name" type="xstring" value="peoe_VSA13"/>
                <entry key="column_scale" type="xdouble" value="0.4676580018054737"/>
                <entry key="column_translate" type="xdouble" value="-0.37789103976990346"/>
                <entry key="column_min" type="xdouble" value="NaN"/>
                <entry key="column_max" type="xdouble" value="NaN"/>
            </config>
            <config key="peoe_VSA14">
                <entry key="column_name" type="xstring" value="peoe_VSA14"/>
                <entry key="column_scale" type="xdouble" value="0.37021371566152733"/>
                <entry key="column_translate" type="xdouble" value="-0.42589133139251545"/>
                <entry key="column_min" type="xdouble" value="NaN"/>
                <entry key="column_max" type="xdouble" value="NaN"/>
            </config>
            <config key="MQN1">
                <entry key="column_name" type="xstring" value="MQN1"/>
                <entry key="column_scale" type="xdouble" value="0.8016899643105394"/>
                <entry key="column_translate" type="xdouble" value="-2.750122068348333"/>
                <entry key="column_min" type="xdouble" value="NaN"/>
                <entry key="column_max" type="xdouble" value="NaN"/>
            </config>
            <config key="MQN2">
                <entry key="column_name" type="xstring" value="MQN2"/>
                <entry key="column_scale" type="xdouble" value="1.3692928696823636"/>
                <entry key="column_translate" type="xdouble" value="-0.19388217623821088"/>
                <entry key="column_min" type="xdouble" value="NaN"/>
                <entry key="column_max" type="xdouble" value="NaN"/>
            </config>
            <config key="MQN3">
                <entry key="column_name" type="xstring" value="MQN3"/>
                <entry key="column_scale" type="xdouble" value="0.9215649600401202"/>
                <entry key="column_translate" type="xdouble" value="-0.40777210621244264"/>
                <entry key="column_min" type="xdouble" value="NaN"/>
                <entry key="column_max" type="xdouble" value="NaN"/>
            </config>
            <config key="MQN4">
                <entry key="column_name" type="xstring" value="MQN4"/>
                <entry key="column_scale" type="xdouble" value="1.9506848482083066"/>
                <entry key="column_translate" type="xdouble" value="-0.13810158217403942"/>
                <entry key="column_min" type="xdouble" value="NaN"/>
                <entry key="column_max" type="xdouble" value="NaN"/>
            </config>
            <config key="MQN5">
                <entry key="column_name" type="xstring" value="MQN5"/>
                <entry key="column_scale" type="xdouble" value="3.5433819375782156"/>
                <entry key="column_translate" type="xdouble" value="-0.09407208683835977"/>
                <entry key="column_min" type="xdouble" value="NaN"/>
                <entry key="column_max" type="xdouble" value="NaN"/>
            </config>
            <config key="MQN6">
                <entry key="column_name" type="xstring" value="MQN6"/>
                <entry key="column_scale" type="xdouble" value="2.722101406188566"/>
                <entry key="column_translate" type="xdouble" value="-0.24089392975120047"/>
                <entry key="column_min" type="xdouble" value="NaN"/>
                <entry key="column_max" type="xdouble" value="NaN"/>
            </config>
            <config key="MQN7">
                <entry key="column_name" type="xstring" value="MQN7"/>
                <entry key="column_scale" type="xdouble" value="10.63014581273465"/>
                <entry key="column_translate" type="xdouble" value="-0.09407208683835973"/>
                <entry key="column_min" type="xdouble" value="NaN"/>
                <entry key="column_max" type="xdouble" value="NaN"/>
            </config>
            <config key="MQN8">
                <entry key="column_name" type="xstring" value="MQN8"/>
                <entry key="column_scale" type="xdouble" value="1.6087694239090649"/>
                <entry key="column_translate" type="xdouble" value="-0.654897287609"/>
                <entry key="column_min" type="xdouble" value="NaN"/>
                <entry key="column_max" type="xdouble" value="NaN"/>
            </config>
            <config key="MQN9">
                <entry key="column_name" type="xstring" value="MQN9"/>
                <entry key="column_scale" type="xdouble" value="1.6367912269880762"/>
                <entry key="column_translate" type="xdouble" value="-0.275212684183836"/>
                <entry key="column_min" type="xdouble" value="NaN"/>
                <entry key="column_max" type="xdouble" value="NaN"/>
            </config>
            <config key="MQN10">
                <entry key="column_name" type="xstring" value="MQN10"/>
                <entry key="column_scale" type="xdouble" value="0.7259352670810294"/>
                <entry key="column_translate" type="xdouble" value="-0.9572066796024193"/>
                <entry key="column_min" type="xdouble" value="NaN"/>
                <entry key="column_max" type="xdouble" value="NaN"/>
            </config>
            <config key="MQN11">
                <entry key="column_name" type="xstring" value="MQN11"/>
                <entry key="column_scale" type="xdouble" value="2.693859820767397"/>
                <entry key="column_translate" type="xdouble" value="-0.19071573952335558"/>
                <entry key="column_min" type="xdouble" value="NaN"/>
                <entry key="column_max" type="xdouble" value="NaN"/>
            </config>
            <config key="MQN12">
                <entry key="column_name" type="xstring" value="MQN12"/>
                <entry key="column_scale" type="xdouble" value="3.3834279352380423"/>
                <entry key="column_translate" type="xdouble" value="-6.698535263516908"/>
                <entry key="column_min" type="xdouble" value="NaN"/>
                <entry key="column_max" type="xdouble" value="NaN"/>
            </config>
            <config key="MQN13">
                <entry key="column_name" type="xstring" value="MQN13"/>
                <entry key="column_scale" type="xdouble" value="0.3454300676366741"/>
                <entry key="column_translate" type="xdouble" value="-1.5957034982862277"/>
                <entry key="column_min" type="xdouble" value="NaN"/>
                <entry key="column_max" type="xdouble" value="NaN"/>
            </config>
            <config key="MQN14">
                <entry key="column_name" type="xstring" value="MQN14"/>
                <entry key="column_scale" type="xdouble" value="1.256990441009403"/>
                <entry key="column_translate" type="xdouble" value="-0.8454095001479172"/>
                <entry key="column_min" type="xdouble" value="NaN"/>
                <entry key="column_max" type="xdouble" value="NaN"/>
            </config>
            <config key="MQN15">
                <entry key="column_name" type="xstring" value="MQN15"/>
                <entry key="column_scale" type="xdouble" value="4.129964137082173"/>
                <entry key="column_translate" type="xdouble" value="-0.2558384863679222"/>
                <entry key="column_min" type="xdouble" value="NaN"/>
                <entry key="column_max" type="xdouble" value="NaN"/>
            </config>
            <config key="MQN16">
                <entry key="column_name" type="xstring" value="MQN16"/>
                <entry key="column_scale" type="xdouble" value="0.3988971192114015"/>
                <entry key="column_translate" type="xdouble" value="-1.0201882075406645"/>
                <entry key="column_min" type="xdouble" value="NaN"/>
                <entry key="column_max" type="xdouble" value="NaN"/>
            </config>
            <config key="MQN17">
                <entry key="column_name" type="xstring" value="MQN17"/>
                <entry key="column_scale" type="xdouble" value="0.5360859677018159"/>
                <entry key="column_translate" type="xdouble" value="-1.1765426547792068"/>
                <entry key="column_min" type="xdouble" value="NaN"/>
                <entry key="column_max" type="xdouble" value="NaN"/>
            </config>
            <config key="MQN18">
                <entry key="column_name" type="xstring" value="MQN18"/>
                <entry key="column_scale" type="xdouble" value="1.0"/>
                <entry key="column_translate" type="xdouble" value="-0.0"/>
                <entry key="column_min" type="xdouble" value="NaN"/>
                <entry key="column_max" type="xdouble" value="NaN"/>
            </config>
            <config key="MQN19">
                <entry key="column_name" type="xstring" value="MQN19"/>
                <entry key="column_scale" type="xdouble" value="0.4258206747968488"/>
                <entry key="column_translate" type="xdouble" value="-0.8290314022593518"/>
                <entry key="column_min" type="xdouble" value="NaN"/>
                <entry key="column_max" type="xdouble" value="NaN"/>
            </config>
            <config key="MQN20">
                <entry key="column_name" type="xstring" value="MQN20"/>
                <entry key="column_scale" type="xdouble" value="0.29577536184106856"/>
                <entry key="column_translate" type="xdouble" value="-1.0339050259046203"/>
                <entry key="column_min" type="xdouble" value="NaN"/>
                <entry key="column_max" type="xdouble" value="NaN"/>
            </config>
            <config key="MQN21">
                <entry key="column_name" type="xstring" value="MQN21"/>
                <entry key="column_scale" type="xdouble" value="0.5594398504206564"/>
                <entry key="column_translate" type="xdouble" value="-1.0990765202954487"/>
                <entry key="column_min" type="xdouble" value="NaN"/>
                <entry key="column_max" type="xdouble" value="NaN"/>
            </config>
            <config key="MQN22">
                <entry key="column_name" type="xstring" value="MQN22"/>
                <entry key="column_scale" type="xdouble" value="1.239172959629809"/>
                <entry key="column_translate" type="xdouble" value="-0.8882567232744649"/>
                <entry key="column_min" type="xdouble" value="NaN"/>
                <entry key="column_max" type="xdouble" value="NaN"/>
            </config>
            <config key="MQN23">
                <entry key="column_name" type="xstring" value="MQN23"/>
                <entry key="column_scale" type="xdouble" value="1.717190101675866"/>
                <entry key="column_translate" type="xdouble" value="-0.9421751000345462"/>
                <entry key="column_min" type="xdouble" value="NaN"/>
                <entry key="column_max" type="xdouble" value="NaN"/>
            </config>
            <config key="MQN24">
                <entry key="column_name" type="xstring" value="MQN24"/>
                <entry key="column_scale" type="xdouble" value="2.3822964389156014"/>
                <entry key="column_translate" type="xdouble" value="-0.3373163099349525"/>
                <entry key="column_min" type="xdouble" value="NaN"/>
                <entry key="column_max" type="xdouble" value="NaN"/>
            </config>
            <config key="MQN25">
                <entry key="column_name" type="xstring" value="MQN25"/>
                <entry key="column_scale" type="xdouble" value="2.3822964389156014"/>
                <entry key="column_translate" type="xdouble" value="-0.3373163099349525"/>
                <entry key="column_min" type="xdouble" value="NaN"/>
                <entry key="column_max" type="xdouble" value="NaN"/>
            </config>
            <config key="MQN26">
                <entry key="column_name" type="xstring" value="MQN26"/>
                <entry key="column_scale" type="xdouble" value="0.6423580710920747"/>
                <entry key="column_translate" type="xdouble" value="-1.972550890875663"/>
                <entry key="column_min" type="xdouble" value="NaN"/>
                <entry key="column_max" type="xdouble" value="NaN"/>
            </config>
            <config key="MQN27">
                <entry key="column_name" type="xstring" value="MQN27"/>
                <entry key="column_scale" type="xdouble" value="0.4051075657620471"/>
                <entry key="column_translate" type="xdouble" value="-0.7385146774069179"/>
                <entry key="column_min" type="xdouble" value="NaN"/>
                <entry key="column_max" type="xdouble" value="NaN"/>
            </config>
            <config key="MQN28">
                <entry key="column_name" type="xstring" value="MQN28"/>
                <entry key="column_scale" type="xdouble" value="1.2552677846401454"/>
                <entry key="column_translate" type="xdouble" value="-0.7553823836772553"/>
                <entry key="column_min" type="xdouble" value="NaN"/>
                <entry key="column_max" type="xdouble" value="NaN"/>
            </config>
            <config key="MQN29">
                <entry key="column_name" type="xstring" value="MQN29"/>
                <entry key="column_scale" type="xdouble" value="2.8798572849451025"/>
                <entry key="column_translate" type="xdouble" value="-0.3313110150821799"/>
                <entry key="column_min" type="xdouble" value="NaN"/>
                <entry key="column_max" type="xdouble" value="NaN"/>
            </config>
            <config key="MQN30">
                <entry key="column_name" type="xstring" value="MQN30"/>
                <entry key="column_scale" type="xdouble" value="0.33940370321388946"/>
                <entry key="column_translate" type="xdouble" value="-0.9761610933142835"/>
                <entry key="column_min" type="xdouble" value="NaN"/>
                <entry key="column_max" type="xdouble" value="NaN"/>
            </config>
            <config key="MQN31">
                <entry key="column_name" type="xstring" value="MQN31"/>
                <entry key="column_scale" type="xdouble" value="0.5337758932242098"/>
                <entry key="column_translate" type="xdouble" value="-0.9683544965571949"/>
                <entry key="column_min" type="xdouble" value="NaN"/>
                <entry key="column_max" type="xdouble" value="NaN"/>
            </config>
            <config key="MQN32">
                <entry key="column_name" type="xstring" value="MQN32"/>
                <entry key="column_scale" type="xdouble" value="10.630145812734652"/>
                <entry key="column_translate" type="xdouble" value="-0.09407208683835977"/>
                <entry key="column_min" type="xdouble" value="NaN"/>
                <entry key="column_max" type="xdouble" value="NaN"/>
            </config>
            <config key="MQN33">
                <entry key="column_name" type="xstring" value="MQN33"/>
                <entry key="column_scale" type="xdouble" value="1.0"/>
                <entry key="column_translate" type="xdouble" value="-0.0"/>
                <entry key="column_min" type="xdouble" value="NaN"/>
                <entry key="column_max" type="xdouble" value="NaN"/>
            </config>
            <config key="MQN34">
                <entry key="column_name" type="xstring" value="MQN34"/>
                <entry key="column_scale" type="xdouble" value="1.0"/>
                <entry key="column_translate" type="xdouble" value="-0.0"/>
                <entry key="column_min" type="xdouble" value="NaN"/>
                <entry key="column_max" type="xdouble" value="NaN"/>
            </config>
            <config key="MQN35">
                <entry key="column_name" type="xstring" value="MQN35"/>
                <entry key="column_scale" type="xdouble" value="3.300237304355589"/>
                <entry key="column_translate" type="xdouble" value="-0.26285075875398495"/>
                <entry key="column_min" type="xdouble" value="NaN"/>
                <entry key="column_max" type="xdouble" value="NaN"/>
            </config>
            <config key="MQN36">
                <entry key="column_name" type="xstring" value="MQN36"/>
                <entry key="column_scale" type="xdouble" value="1.5948066842500432"/>
                <entry key="column_translate" type="xdouble" value="-1.1714066795818905"/>
                <entry key="column_min" type="xdouble" value="NaN"/>
                <entry key="column_max" type="xdouble" value="NaN"/>
            </config>
            <config key="MQN37">
                <entry key="column_name" type="xstring" value="MQN37"/>
                <entry key="column_scale" type="xdouble" value="1.0"/>
                <entry key="column_translate" type="xdouble" value="-0.0"/>
                <entry key="column_min" type="xdouble" value="NaN"/>
                <entry key="column_max" type="xdouble" value="NaN"/>
            </config>
            <config key="MQN38">
                <entry key="column_name" type="xstring" value="MQN38"/>
                <entry key="column_scale" type="xdouble" value="1.0"/>
                <entry key="column_translate" type="xdouble" value="-0.0"/>
                <entry key="column_min" type="xdouble" value="NaN"/>
                <entry key="column_max" type="xdouble" value="NaN"/>
            </config>
            <config key="MQN39">
                <entry key="column_name" type="xstring" value="MQN39"/>
                <entry key="column_scale" type="xdouble" value="1.0"/>
                <entry key="column_translate" type="xdouble" value="-0.0"/>
                <entry key="column_min" type="xdouble" value="NaN"/>
                <entry key="column_max" type="xdouble" value="NaN"/>
            </config>
            <config key="MQN40">
                <entry key="column_name" type="xstring" value="MQN40"/>
                <entry key="column_scale" type="xdouble" value="1.0"/>
                <entry key="column_translate" type="xdouble" value="-0.0"/>
                <entry key="column_min" type="xdouble" value="NaN"/>
                <entry key="column_max" type="xdouble" value="NaN"/>
            </config>
            <config key="MQN41">
                <entry key="column_name" type="xstring" value="MQN41"/>
                <entry key="column_scale" type="xdouble" value="2.219988493136242"/>
                <entry key="column_translate" type="xdouble" value="-0.2357509904215477"/>
                <entry key="column_min" type="xdouble" value="NaN"/>
                <entry key="column_max" type="xdouble" value="NaN"/>
            </config>
            <config key="MQN42">
                <entry key="column_name" type="xstring" value="MQN42"/>
                <entry key="column_scale" type="xdouble" value="4.439976986272484"/>
                <entry key="column_translate" type="xdouble" value="-0.2357509904215477"/>
                <entry key="column_min" type="xdouble" value="NaN"/>
                <entry key="column_max" type="xdouble" value="NaN"/>
            </config>
        </config>
        <entry key="summary" type="xstring" value="Z-Score (Gaussian) normalization on 121 column(s)"/>
    </config>
</config>
