<?xml version="1.0" encoding="UTF-8"?>
<config xmlns="http://www.knime.org/2008/09/XMLConfig" xmlns:xsi="http://www.w3.org/2001/XMLSchema-instance" xsi:schemaLocation="http://www.knime.org/2008/09/XMLConfig http://www.knime.org/XMLConfig_2008_09.xsd" key="model.xml">
    <entry key="version" type="xint" value="1"/>
    <entry key="class_name" type="xstring" value="org.knime.base.data.normalize.NormalizerPortObject"/>
    <config key="model">
        <config key="columns">
            <config key="Atom count">
                <entry key="column_name" type="xstring" value="Atom count"/>
                <entry key="column_scale" type="xdouble" value="1.5887328193471522"/>
                <entry key="column_translate" type="xdouble" value="-6.014869701467578"/>
                <entry key="column_min" type="xdouble" value="NaN"/>
                <entry key="column_max" type="xdouble" value="NaN"/>
            </config>
            <config key="Bond count">
                <entry key="column_name" type="xstring" value="Bond count"/>
                <entry key="column_scale" type="xdouble" value="1.0540268642120716"/>
                <entry key="column_translate" type="xdouble" value="-4.897125488883234"/>
                <entry key="column_min" type="xdouble" value="NaN"/>
                <entry key="column_max" type="xdouble" value="NaN"/>
            </config>
            <config key="SlogP">
                <entry key="column_name" type="xstring" value="SlogP"/>
                <entry key="column_scale" type="xdouble" value="0.8084359694436086"/>
                <entry key="column_translate" type="xdouble" value="-1.7495310157980184"/>
                <entry key="column_min" type="xdouble" value="NaN"/>
                <entry key="column_max" type="xdouble" value="NaN"/>
            </config>
            <config key="SMR">
                <entry key="column_name" type="xstring" value="SMR"/>
                <entry key="column_scale" type="xdouble" value="0.7103244696159151"/>
                <entry key="column_translate" type="xdouble" value="-5.633021008404529"/>
                <entry key="column_min" type="xdouble" value="NaN"/>
                <entry key="column_max" type="xdouble" value="NaN"/>
            </config>
            <config key="LabuteASA">
                <entry key="column_name" type="xstring" value="LabuteASA"/>
                <entry key="column_scale" type="xdouble" value="0.6019494102511772"/>
                <entry key="column_translate" type="xdouble" value="-6.004792537185858"/>
                <entry key="column_min" type="xdouble" value="NaN"/>
                <entry key="column_max" type="xdouble" value="NaN"/>
            </config>
            <config key="TPSA">
                <entry key="column_name" type="xstring" value="TPSA"/>
                <entry key="column_scale" type="xdouble" value="0.055349232194284934"/>
                <entry key="column_translate" type="xdouble" value="-1.420445795545999"/>
                <entry key="column_min" type="xdouble" value="NaN"/>
                <entry key="column_max" type="xdouble" value="NaN"/>
            </config>
            <config key="AMW">
                <entry key="column_name" type="xstring" value="AMW"/>
                <entry key="column_scale" type="xdouble" value="0.6271148213865311"/>
                <entry key="column_translate" type="xdouble" value="-6.935508264361094"/>
                <entry key="column_min" type="xdouble" value="NaN"/>
                <entry key="column_max" type="xdouble" value="NaN"/>
            </config>
            <config key="ExactMW">
                <entry key="column_name" type="xstring" value="ExactMW"/>
                <entry key="column_scale" type="xdouble" value="0.606765155684775"/>
                <entry key="column_translate" type="xdouble" value="-6.860451187686084"/>
                <entry key="column_min" type="xdouble" value="NaN"/>
                <entry key="column_max" type="xdouble" value="NaN"/>
            </config>
            <config key="NumLipinskiHBA">
                <entry key="column_name" type="xstring" value="NumLipinskiHBA"/>
                <entry key="column_scale" type="xdouble" value="1.0172658530523198"/>
                <entry key="column_translate" type="xdouble" value="-1.5278475647375842"/>
                <entry key="column_min" type="xdouble" value="NaN"/>
                <entry key="column_max" type="xdouble" value="NaN"/>
            </config>
            <config key="NumLipinskiHBD">
                <entry key="column_name" type="xstring" value="NumLipinskiHBD"/>
                <entry key="column_scale" type="xdouble" value="1.3462912017836253"/>
                <entry key="column_translate" type="xdouble" value="-0.8356290217967333"/>
                <entry key="column_min" type="xdouble" value="NaN"/>
                <entry key="column_max" type="xdouble" value="NaN"/>
            </config>
            <config key="NumRotatableBonds">
                <entry key="column_name" type="xstring" value="NumRotatableBonds"/>
                <entry key="column_scale" type="xdouble" value="0.4670775918253639"/>
                <entry key="column_translate" type="xdouble" value="-0.9860526938535469"/>
                <entry key="column_min" type="xdouble" value="NaN"/>
                <entry key="column_max" type="xdouble" value="NaN"/>
            </config>
            <config key="NumHBD">
                <entry key="column_name" type="xstring" value="NumHBD"/>
                <entry key="column_scale" type="xdouble" value="1.7463927509152806"/>
                <entry key="column_translate" type="xdouble" value="-0.8765419554402372"/>
                <entry key="column_min" type="xdouble" value="NaN"/>
                <entry key="column_max" type="xdouble" value="NaN"/>
            </config>
            <config key="NumHBA">
                <entry key="column_name" type="xstring" value="NumHBA"/>
                <entry key="column_scale" type="xdouble" value="1.0747572528007165"/>
                <entry key="column_translate" type="xdouble" value="-1.5853698939780683"/>
                <entry key="column_min" type="xdouble" value="NaN"/>
                <entry key="column_max" type="xdouble" value="NaN"/>
            </config>
            <config key="NumHeteroAtoms">
                <entry key="column_name" type="xstring" value="NumHeteroAtoms"/>
                <entry key="column_scale" type="xdouble" value="0.5755718482937907"/>
                <entry key="column_translate" type="xdouble" value="-1.415774431435303"/>
                <entry key="column_min" type="xdouble" value="NaN"/>
                <entry key="column_max" type="xdouble" value="NaN"/>
            </config>
            <config key="NumHeavyAtoms">
                <entry key="column_name" type="xstring" value="NumHeavyAtoms"/>
                <entry key="column_scale" type="xdouble" value="0.851353846914707"/>
                <entry key="column_translate" type="xdouble" value="-3.701330513229114"/>
                <entry key="column_min" type="xdouble" value="NaN"/>
                <entry key="column_max" type="xdouble" value="NaN"/>
            </config>
            <config key="NumAtoms">
                <entry key="column_name" type="xstring" value="NumAtoms"/>
                <entry key="column_scale" type="xdouble" value="1.5887328193471522"/>
                <entry key="column_translate" type="xdouble" value="-6.014869701467578"/>
                <entry key="column_min" type="xdouble" value="NaN"/>
                <entry key="column_max" type="xdouble" value="NaN"/>
            </config>
            <config key="NumRings">
                <entry key="column_name" type="xstring" value="NumRings"/>
                <entry key="column_scale" type="xdouble" value="1.5715571317372345"/>
                <entry key="column_translate" type="xdouble" value="-1.1982370468034846"/>
                <entry key="column_min" type="xdouble" value="NaN"/>
                <entry key="column_max" type="xdouble" value="NaN"/>
            </config>
            <config key="NumAromaticRings">
                <entry key="column_name" type="xstring" value="NumAromaticRings"/>
                <entry key="column_scale" type="xdouble" value="1.5918481656628785"/>
                <entry key="column_translate" type="xdouble" value="-1.085628250911848"/>
                <entry key="column_min" type="xdouble" value="NaN"/>
                <entry key="column_max" type="xdouble" value="NaN"/>
            </config>
            <config key="NumAromaticCarbocycles">
                <entry key="column_name" type="xstring" value="NumAromaticCarbocycles"/>
                <entry key="column_scale" type="xdouble" value="1.5864075512169242"/>
                <entry key="column_translate" type="xdouble" value="-0.9299630472650942"/>
                <entry key="column_min" type="xdouble" value="NaN"/>
                <entry key="column_max" type="xdouble" value="NaN"/>
            </config>
            <config key="Chi0v">
                <entry key="column_name" type="xstring" value="Chi0v"/>
                <entry key="column_scale" type="xdouble" value="1.6874176939370011"/>
                <entry key="column_translate" type="xdouble" value="-4.125314912237694"/>
                <entry key="column_min" type="xdouble" value="NaN"/>
                <entry key="column_max" type="xdouble" value="NaN"/>
            </config>
            <config key="Chi1v">
                <entry key="column_name" type="xstring" value="Chi1v"/>
                <entry key="column_scale" type="xdouble" value="1.8616777372039508"/>
                <entry key="column_translate" type="xdouble" value="-2.7333832143952073"/>
                <entry key="column_min" type="xdouble" value="NaN"/>
                <entry key="column_max" type="xdouble" value="NaN"/>
            </config>
            <config key="Chi2v">
                <entry key="column_name" type="xstring" value="Chi2v"/>
                <entry key="column_scale" type="xdouble" value="1.4084849137583384"/>
                <entry key="column_translate" type="xdouble" value="-1.6203338826830633"/>
                <entry key="column_min" type="xdouble" value="NaN"/>
                <entry key="column_max" type="xdouble" value="NaN"/>
            </config>
            <config key="Chi3v">
                <entry key="column_name" type="xstring" value="Chi3v"/>
                <entry key="column_scale" type="xdouble" value="1.1278823861544647"/>
                <entry key="column_translate" type="xdouble" value="-1.8319142309859124"/>
                <entry key="column_min" type="xdouble" value="NaN"/>
                <entry key="column_max" type="xdouble" value="NaN"/>
            </config>
            <config key="Chi4v">
                <entry key="column_name" type="xstring" value="Chi4v"/>
                <entry key="column_scale" type="xdouble" value="1.485333369740494"/>
                <entry key="column_translate" type="xdouble" value="-1.4386553057149007"/>
                <entry key="column_min" type="xdouble" value="NaN"/>
                <entry key="column_max" type="xdouble" value="NaN"/>
            </config>
            <config key="Chi1n">
                <entry key="column_name" type="xstring" value="Chi1n"/>
                <entry key="column_scale" type="xdouble" value="1.6135291976474502"/>
                <entry key="column_translate" type="xdouble" value="-2.277200748288314"/>
                <entry key="column_min" type="xdouble" value="NaN"/>
                <entry key="column_max" type="xdouble" value="NaN"/>
            </config>
            <config key="Chi2n">
                <entry key="column_name" type="xstring" value="Chi2n"/>
                <entry key="column_scale" type="xdouble" value="1.3483527758189544"/>
                <entry key="column_translate" type="xdouble" value="-1.3417896438373924"/>
                <entry key="column_min" type="xdouble" value="NaN"/>
                <entry key="column_max" type="xdouble" value="NaN"/>
            </config>
            <config key="Chi3n">
                <entry key="column_name" type="xstring" value="Chi3n"/>
                <entry key="column_scale" type="xdouble" value="1.3523595414775997"/>
                <entry key="column_translate" type="xdouble" value="-1.8080513913246186"/>
                <entry key="column_min" type="xdouble" value="NaN"/>
                <entry key="column_max" type="xdouble" value="NaN"/>
            </config>
            <config key="Chi4n">
                <entry key="column_name" type="xstring" value="Chi4n"/>
                <entry key="column_scale" type="xdouble" value="1.913045039338615"/>
                <entry key="column_translate" type="xdouble" value="-1.4825886642944635"/>
                <entry key="column_min" type="xdouble" value="NaN"/>
                <entry key="column_max" type="xdouble" value="NaN"/>
            </config>
            <config key="HallKierAlpha">
                <entry key="column_name" type="xstring" value="HallKierAlpha"/>
                <entry key="column_scale" type="xdouble" value="1.2499214650675012"/>
                <entry key="column_translate" type="xdouble" value="0.8846666369422203"/>
                <entry key="column_min" type="xdouble" value="NaN"/>
                <entry key="column_max" type="xdouble" value="NaN"/>
            </config>
            <config key="kappa1">
                <entry key="column_name" type="xstring" value="kappa1"/>
                <entry key="column_scale" type="xdouble" value="1.725842482552474"/>
                <entry key="column_translate" type="xdouble" value="-4.539269290174345"/>
                <entry key="column_min" type="xdouble" value="NaN"/>
                <entry key="column_max" type="xdouble" value="NaN"/>
            </config>
            <config key="kappa2">
                <entry key="column_name" type="xstring" value="kappa2"/>
                <entry key="column_scale" type="xdouble" value="2.4470077930595058"/>
                <entry key="column_translate" type="xdouble" value="-2.804658400410716"/>
                <entry key="column_min" type="xdouble" value="NaN"/>
                <entry key="column_max" type="xdouble" value="NaN"/>
            </config>
            <config key="kappa3">
                <entry key="column_name" type="xstring" value="kappa3"/>
                <entry key="column_scale" type="xdouble" value="1.5831050777866738"/>
                <entry key="column_translate" type="xdouble" value="-1.2890441395723637"/>
                <entry key="column_min" type="xdouble" value="NaN"/>
                <entry key="column_max" type="xdouble" value="NaN"/>
            </config>
            <config key="slogp_VSA1">
                <entry key="column_name" type="xstring" value="slogp_VSA1"/>
                <entry key="column_scale" type="xdouble" value="0.31217878440478114"/>
                <entry key="column_translate" type="xdouble" value="-0.583636450954515"/>
                <entry key="column_min" type="xdouble" value="NaN"/>
                <entry key="column_max" type="xdouble" value="NaN"/>
            </config>
            <config key="slogp_VSA2">
                <entry key="column_name" type="xstring" value="slogp_VSA2"/>
                <entry key="column_scale" type="xdouble" value="0.1425670538278284"/>
                <entry key="column_translate" type="xdouble" value="-1.3784377147370839"/>
                <entry key="column_min" type="xdouble" value="NaN"/>
                <entry key="column_max" type="xdouble" value="NaN"/>
            </config>
            <config key="slogp_VSA3">
                <entry key="column_name" type="xstring" value="slogp_VSA3"/>
                <entry key="column_scale" type="xdouble" value="0.2648436165310566"/>
                <entry key="column_translate" type="xdouble" value="-0.6469454779410497"/>
                <entry key="column_min" type="xdouble" value="NaN"/>
                <entry key="column_max" type="xdouble" value="NaN"/>
            </config>
            <config key="slogp_VSA4">
                <entry key="column_name" type="xstring" value="slogp_VSA4"/>
                <entry key="column_scale" type="xdouble" value="0.20536027275247204"/>
                <entry key="column_translate" type="xdouble" value="-0.5743332991041995"/>
                <entry key="column_min" type="xdouble" value="NaN"/>
                <entry key="column_max" type="xdouble" value="NaN"/>
            </config>
            <config key="slogp_VSA5">
                <entry key="column_name" type="xstring" value="slogp_VSA5"/>
                <entry key="column_scale" type="xdouble" value="0.061935286753193444"/>
                <entry key="column_translate" type="xdouble" value="-1.027471187986877"/>
                <entry key="column_min" type="xdouble" value="NaN"/>
                <entry key="column_max" type="xdouble" value="NaN"/>
            </config>
            <config key="slogp_VSA6">
                <entry key="column_name" type="xstring" value="slogp_VSA6"/>
                <entry key="column_scale" type="xdouble" value="0.060739699722297015"/>
                <entry key="column_translate" type="xdouble" value="-1.0050751562846274"/>
                <entry key="column_min" type="xdouble" value="NaN"/>
                <entry key="column_max" type="xdouble" value="NaN"/>
            </config>
            <config key="slogp_VSA12">
                <entry key="column_name" type="xstring" value="slogp_VSA12"/>
                <entry key="column_scale" type="xdouble" value="0.09761793533662844"/>
                <entry key="column_translate" type="xdouble" value="-0.5948447366442691"/>
                <entry key="column_min" type="xdouble" value="NaN"/>
                <entry key="column_max" type="xdouble" value="NaN"/>
            </config>
            <config key="smr_VSA1">
                <entry key="column_name" type="xstring" value="smr_VSA1"/>
                <entry key="column_scale" type="xdouble" value="0.17828382278110588"/>
                <entry key="column_translate" type="xdouble" value="-1.0531810092883567"/>
                <entry key="column_min" type="xdouble" value="NaN"/>
                <entry key="column_max" type="xdouble" value="NaN"/>
            </config>
            <config key="smr_VSA5">
                <entry key="column_name" type="xstring" value="smr_VSA5"/>
                <entry key="column_scale" type="xdouble" value="0.05561206195348605"/>
                <entry key="column_translate" type="xdouble" value="-0.9047375829465913"/>
                <entry key="column_min" type="xdouble" value="NaN"/>
                <entry key="column_max" type="xdouble" value="NaN"/>
            </config>
            <config key="smr_VSA6">
                <entry key="column_name" type="xstring" value="smr_VSA6"/>
                <entry key="column_scale" type="xdouble" value="0.17889546283718472"/>
                <entry key="column_translate" type="xdouble" value="-0.7690023836467136"/>
                <entry key="column_min" type="xdouble" value="NaN"/>
                <entry key="column_max" type="xdouble" value="NaN"/>
            </config>
            <config key="smr_VSA7">
                <entry key="column_name" type="xstring" value="smr_VSA7"/>
                <entry key="column_scale" type="xdouble" value="0.0504385526002138"/>
                <entry key="column_translate" type="xdouble" value="-1.1037220618034986"/>
                <entry key="column_min" type="xdouble" value="NaN"/>
                <entry key="column_max" type="xdouble" value="NaN"/>
            </config>
            <config key="smr_VSA9">
                <entry key="column_name" type="xstring" value="smr_VSA9"/>
                <entry key="column_scale" type="xdouble" value="0.23527119768120947"/>
                <entry key="column_translate" type="xdouble" value="-0.572734635615516"/>
                <entry key="column_min" type="xdouble" value="NaN"/>
                <entry key="column_max" type="xdouble" value="NaN"/>
            </config>
            <config key="smr_VSA10">
                <entry key="column_name" type="xstring" value="smr_VSA10"/>
                <entry key="column_scale" type="xdouble" value="0.07871616940330642"/>
                <entry key="column_translate" type="xdouble" value="-0.8579125916881292"/>
                <entry key="column_min" type="xdouble" value="NaN"/>
                <entry key="column_max" type="xdouble" value="NaN"/>
            </config>
            <config key="peoe_VSA1">
                <entry key="column_name" type="xstring" value="peoe_VSA1"/>
                <entry key="column_scale" type="xdouble" value="0.2681997047498714"/>
                <entry key="column_translate" type="xdouble" value="-1.211445025196749"/>
                <entry key="column_min" type="xdouble" value="NaN"/>
                <entry key="column_max" type="xdouble" value="NaN"/>
            </config>
            <config key="peoe_VSA2">
                <entry key="column_name" type="xstring" value="peoe_VSA2"/>
                <entry key="column_scale" type="xdouble" value="0.27133868176996206"/>
                <entry key="column_translate" type="xdouble" value="-0.6174127313818721"/>
                <entry key="column_min" type="xdouble" value="NaN"/>
                <entry key="column_max" type="xdouble" value="NaN"/>
            </config>
            <config key="peoe_VSA6">
                <entry key="column_name" type="xstring" value="peoe_VSA6"/>
                <entry key="column_scale" type="xdouble" value="0.052685724081328926"/>
                <entry key="column_translate" type="xdouble" value="-1.0617234625778371"/>
                <entry key="column_min" type="xdouble" value="NaN"/>
                <entry key="column_max" type="xdouble" value="NaN"/>
            </config>
            <config key="peoe_VSA7">
                <entry key="column_name" type="xstring" value="peoe_VSA7"/>
                <entry key="column_scale" type="xdouble" value="0.0868888241609484"/>
                <entry key="column_translate" type="xdouble" value="-1.408035093275773"/>
                <entry key="column_min" type="xdouble" value="NaN"/>
                <entry key="column_max" type="xdouble" value="NaN"/>
            </config>
            <config key="peoe_VSA8">
                <entry key="column_name" type="xstring" value="peoe_VSA8"/>
                <entry key="column_scale" type="xdouble" value="0.15967159873451364"/>
                <entry key="column_translate" type="xdouble" value="-1.0524881808151023"/>
                <entry key="column_min" type="xdouble" value="NaN"/>
                <entry key="column_max" type="xdouble" value="NaN"/>
            </config>
            <config key="peoe_VSA9">
                <entry key="column_name" type="xstring" value="peoe_VSA9"/>
                <entry key="column_scale" type="xdouble" value="0.15692106685283333"/>
                <entry key="column_translate" type="xdouble" value="-0.8040906866763586"/>
                <entry key="column_min" type="xdouble" value="NaN"/>
                <entry key="column_max" type="xdouble" value="NaN"/>
            </config>
            <config key="peoe_VSA10">
                <entry key="column_name" type="xstring" value="peoe_VSA10"/>
                <entry key="column_scale" type="xdouble" value="0.24963945346729013"/>
                <entry key="column_translate" type="xdouble" value="-0.6835495701178799"/>
                <entry key="column_min" type="xdouble" value="NaN"/>
                <entry key="column_max" type="xdouble" value="NaN"/>
            </config>
            <config key="MQN1">
                <entry key="column_name" type="xstring" value="MQN1"/>
                <entry key="column_scale" type="xdouble" value="0.864941075427074"/>
                <entry key="column_translate" type="xdouble" value="-2.952084245858083"/>
                <entry key="column_min" type="xdouble" value="NaN"/>
                <entry key="column_max" type="xdouble" value="NaN"/>
            </config>
            <config key="MQN8">
                <entry key="column_name" type="xstring" value="MQN8"/>
                <entry key="column_scale" type="xdouble" value="1.729072214122211"/>
                <entry key="column_translate" type="xdouble" value="-0.5962317979731758"/>
                <entry key="column_min" type="xdouble" value="NaN"/>
                <entry key="column_max" type="xdouble" value="NaN"/>
            </config>
            <config key="MQN10">
                <entry key="column_name" type="xstring" value="MQN10"/>
                <entry key="column_scale" type="xdouble" value="0.8272619481310323"/>
                <entry key="column_translate" type="xdouble" value="-0.963554146482121"/>
                <entry key="column_min" type="xdouble" value="NaN"/>
                <entry key="column_max" type="xdouble" value="NaN"/>
            </config>
            <config key="MQN12">
                <entry key="column_name" type="xstring" value="MQN12"/>
                <entry key="column_scale" type="xdouble" value="0.851353846914707"/>
                <entry key="column_translate" type="xdouble" value="-3.701330513229114"/>
                <entry key="column_min" type="xdouble" value="NaN"/>
                <entry key="column_max" type="xdouble" value="NaN"/>
            </config>
            <config key="MQN13">
                <entry key="column_name" type="xstring" value="MQN13"/>
                <entry key="column_scale" type="xdouble" value="0.38393121220668813"/>
                <entry key="column_translate" type="xdouble" value="-1.8078599992414557"/>
                <entry key="column_min" type="xdouble" value="NaN"/>
                <entry key="column_max" type="xdouble" value="NaN"/>
            </config>
            <config key="MQN14">
                <entry key="column_name" type="xstring" value="MQN14"/>
                <entry key="column_scale" type="xdouble" value="1.4030517413505956"/>
                <entry key="column_translate" type="xdouble" value="-0.7956002211489963"/>
                <entry key="column_min" type="xdouble" value="NaN"/>
                <entry key="column_max" type="xdouble" value="NaN"/>
            </config>
            <config key="MQN16">
                <entry key="column_name" type="xstring" value="MQN16"/>
                <entry key="column_scale" type="xdouble" value="0.4688262113418199"/>
                <entry key="column_translate" type="xdouble" value="-1.1550009727693111"/>
                <entry key="column_min" type="xdouble" value="NaN"/>
                <entry key="column_max" type="xdouble" value="NaN"/>
            </config>
            <config key="MQN17">
                <entry key="column_name" type="xstring" value="MQN17"/>
                <entry key="column_scale" type="xdouble" value="0.530259764324145"/>
                <entry key="column_translate" type="xdouble" value="-1.0788043481077427"/>
                <entry key="column_min" type="xdouble" value="NaN"/>
                <entry key="column_max" type="xdouble" value="NaN"/>
            </config>
            <config key="MQN19">
                <entry key="column_name" type="xstring" value="MQN19"/>
                <entry key="column_scale" type="xdouble" value="0.4670775918253639"/>
                <entry key="column_translate" type="xdouble" value="-0.9860526938535469"/>
                <entry key="column_min" type="xdouble" value="NaN"/>
                <entry key="column_max" type="xdouble" value="NaN"/>
            </config>
            <config key="MQN20">
                <entry key="column_name" type="xstring" value="MQN20"/>
                <entry key="column_scale" type="xdouble" value="0.42191814507625053"/>
                <entry key="column_translate" type="xdouble" value="-1.2172580967142397"/>
                <entry key="column_min" type="xdouble" value="NaN"/>
                <entry key="column_max" type="xdouble" value="NaN"/>
            </config>
            <config key="MQN21">
                <entry key="column_name" type="xstring" value="MQN21"/>
                <entry key="column_scale" type="xdouble" value="1.0172658530523198"/>
                <entry key="column_translate" type="xdouble" value="-1.5278475647375842"/>
                <entry key="column_min" type="xdouble" value="NaN"/>
                <entry key="column_max" type="xdouble" value="NaN"/>
            </config>
            <config key="MQN22">
                <entry key="column_name" type="xstring" value="MQN22"/>
                <entry key="column_scale" type="xdouble" value="1.3462912017836253"/>
                <entry key="column_translate" type="xdouble" value="-0.8356290217967333"/>
                <entry key="column_min" type="xdouble" value="NaN"/>
                <entry key="column_max" type="xdouble" value="NaN"/>
            </config>
            <config key="MQN23">
                <entry key="column_name" type="xstring" value="MQN23"/>
                <entry key="column_scale" type="xdouble" value="1.7463927509152806"/>
                <entry key="column_translate" type="xdouble" value="-0.8765419554402372"/>
                <entry key="column_min" type="xdouble" value="NaN"/>
                <entry key="column_max" type="xdouble" value="NaN"/>
            </config>
            <config key="MQN26">
                <entry key="column_name" type="xstring" value="MQN26"/>
                <entry key="column_scale" type="xdouble" value="0.6609023884389315"/>
                <entry key="column_translate" type="xdouble" value="-1.947256462488653"/>
                <entry key="column_min" type="xdouble" value="NaN"/>
                <entry key="column_max" type="xdouble" value="NaN"/>
            </config>
            <config key="MQN27">
                <entry key="column_name" type="xstring" value="MQN27"/>
                <entry key="column_scale" type="xdouble" value="0.4401774351819641"/>
                <entry key="column_translate" type="xdouble" value="-0.851684309451693"/>
                <entry key="column_min" type="xdouble" value="NaN"/>
                <entry key="column_max" type="xdouble" value="NaN"/>
            </config>
            <config key="MQN28">
                <entry key="column_name" type="xstring" value="MQN28"/>
                <entry key="column_scale" type="xdouble" value="1.4216068756029878"/>
                <entry key="column_translate" type="xdouble" value="-0.7788880582805643"/>
                <entry key="column_min" type="xdouble" value="NaN"/>
                <entry key="column_max" type="xdouble" value="NaN"/>
            </config>
            <config key="MQN30">
                <entry key="column_name" type="xstring" value="MQN30"/>
                <entry key="column_scale" type="xdouble" value="0.35967698910033075"/>
                <entry key="column_translate" type="xdouble" value="-1.0390668574009554"/>
                <entry key="column_min" type="xdouble" value="NaN"/>
                <entry key="column_max" type="xdouble" value="NaN"/>
            </config>
            <config key="MQN31">
                <entry key="column_name" type="xstring" value="MQN31"/>
                <entry key="column_scale" type="xdouble" value="0.6466975145582983"/>
                <entry key="column_translate" type="xdouble" value="-1.0456182036153325"/>
                <entry key="column_min" type="xdouble" value="NaN"/>
                <entry key="column_max" type="xdouble" value="NaN"/>
            </config>
            <config key="MQN36">
                <entry key="column_name" type="xstring" value="MQN36"/>
                <entry key="column_scale" type="xdouble" value="1.5702432399377837"/>
                <entry key="column_translate" type="xdouble" value="-1.119023918116581"/>
                <entry key="column_min" type="xdouble" value="NaN"/>
                <entry key="column_max" type="xdouble" value="NaN"/>
            </config>
        </config>
        <entry key="summary" type="xstring" value="Z-Score (Gaussian) normalization on 71 column(s)"/>
    </config>
</config>
