<?xml version="1.0" encoding="UTF-8"?>
<config xmlns="http://www.knime.org/2008/09/XMLConfig" xmlns:xsi="http://www.w3.org/2001/XMLSchema-instance" xsi:schemaLocation="http://www.knime.org/2008/09/XMLConfig http://www.knime.org/XMLConfig_2008_09.xsd" key="model.xml">
    <entry key="version" type="xint" value="1"/>
    <entry key="class_name" type="xstring" value="org.knime.xgboost.core.model.XGBModelPortObjectSpec"/>
    <config key="model">
        <config key="dataSpec">
            <config key="featureSpec">
                <entry key="spec_name" type="xstring" value="default"/>
                <entry key="number_columns" type="xint" value="29"/>
                <config key="column_spec_0">
                    <entry key="column_name" type="xstring" value="SlogP"/>
                    <config key="element_names">
                        <entry key="array-size" type="xint" value="0"/>
                    </config>
                    <config key="column_type">
                        <entry key="cell_class" type="xstring" value="org.knime.core.data.def.DoubleCell"/>
                    </config>
                    <config key="column_domain">
                        <config key="lower_bound">
                            <entry key="datacell" type="xstring" value="org.knime.core.data.def.DoubleCell"/>
                            <config key="org.knime.core.data.def.DoubleCell">
                                <entry key="DoubleCell" type="xdouble" value="0.0"/>
                            </config>
                        </config>
                        <config key="upper_bound">
                            <entry key="datacell" type="xstring" value="org.knime.core.data.def.DoubleCell"/>
                            <config key="org.knime.core.data.def.DoubleCell">
                                <entry key="DoubleCell" type="xdouble" value="1.0"/>
                            </config>
                        </config>
                    </config>
                    <config key="column_properties"/>
                    <config key="meta_data"/>
                </config>
                <config key="column_spec_1">
                    <entry key="column_name" type="xstring" value="NumLipinskiHBA"/>
                    <config key="element_names">
                        <entry key="array-size" type="xint" value="0"/>
                    </config>
                    <config key="column_type">
                        <entry key="cell_class" type="xstring" value="org.knime.core.data.def.DoubleCell"/>
                    </config>
                    <config key="column_domain">
                        <config key="lower_bound">
                            <entry key="datacell" type="xstring" value="org.knime.core.data.def.DoubleCell"/>
                            <config key="org.knime.core.data.def.DoubleCell">
                                <entry key="DoubleCell" type="xdouble" value="0.0"/>
                            </config>
                        </config>
                        <config key="upper_bound">
                            <entry key="datacell" type="xstring" value="org.knime.core.data.def.DoubleCell"/>
                            <config key="org.knime.core.data.def.DoubleCell">
                                <entry key="DoubleCell" type="xdouble" value="1.0"/>
                            </config>
                        </config>
                    </config>
                    <config key="column_properties"/>
                    <config key="meta_data"/>
                </config>
                <config key="column_spec_2">
                    <entry key="column_name" type="xstring" value="NumRotatableBonds"/>
                    <config key="element_names">
                        <entry key="array-size" type="xint" value="0"/>
                    </config>
                    <config key="column_type">
                        <entry key="cell_class" type="xstring" value="org.knime.core.data.def.DoubleCell"/>
                    </config>
                    <config key="column_domain">
                        <config key="lower_bound">
                            <entry key="datacell" type="xstring" value="org.knime.core.data.def.DoubleCell"/>
                            <config key="org.knime.core.data.def.DoubleCell">
                                <entry key="DoubleCell" type="xdouble" value="0.0"/>
                            </config>
                        </config>
                        <config key="upper_bound">
                            <entry key="datacell" type="xstring" value="org.knime.core.data.def.DoubleCell"/>
                            <config key="org.knime.core.data.def.DoubleCell">
                                <entry key="DoubleCell" type="xdouble" value="1.0"/>
                            </config>
                        </config>
                    </config>
                    <config key="column_properties"/>
                    <config key="meta_data"/>
                </config>
                <config key="column_spec_3">
                    <entry key="column_name" type="xstring" value="NumHeteroAtoms"/>
                    <config key="element_names">
                        <entry key="array-size" type="xint" value="0"/>
                    </config>
                    <config key="column_type">
                        <entry key="cell_class" type="xstring" value="org.knime.core.data.def.DoubleCell"/>
                    </config>
                    <config key="column_domain">
                        <config key="lower_bound">
                            <entry key="datacell" type="xstring" value="org.knime.core.data.def.DoubleCell"/>
                            <config key="org.knime.core.data.def.DoubleCell">
                                <entry key="DoubleCell" type="xdouble" value="0.0"/>
                            </config>
                        </config>
                        <config key="upper_bound">
                            <entry key="datacell" type="xstring" value="org.knime.core.data.def.DoubleCell"/>
                            <config key="org.knime.core.data.def.DoubleCell">
                                <entry key="DoubleCell" type="xdouble" value="1.0"/>
                            </config>
                        </config>
                    </config>
                    <config key="column_properties"/>
                    <config key="meta_data"/>
                </config>
                <config key="column_spec_4">
                    <entry key="column_name" type="xstring" value="NumRings"/>
                    <config key="element_names">
                        <entry key="array-size" type="xint" value="0"/>
                    </config>
                    <config key="column_type">
                        <entry key="cell_class" type="xstring" value="org.knime.core.data.def.DoubleCell"/>
                    </config>
                    <config key="column_domain">
                        <config key="lower_bound">
                            <entry key="datacell" type="xstring" value="org.knime.core.data.def.DoubleCell"/>
                            <config key="org.knime.core.data.def.DoubleCell">
                                <entry key="DoubleCell" type="xdouble" value="0.0"/>
                            </config>
                        </config>
                        <config key="upper_bound">
                            <entry key="datacell" type="xstring" value="org.knime.core.data.def.DoubleCell"/>
                            <config key="org.knime.core.data.def.DoubleCell">
                                <entry key="DoubleCell" type="xdouble" value="1.0"/>
                            </config>
                        </config>
                    </config>
                    <config key="column_properties"/>
                    <config key="meta_data"/>
                </config>
                <config key="column_spec_5">
                    <entry key="column_name" type="xstring" value="NumAromaticCarbocycles"/>
                    <config key="element_names">
                        <entry key="array-size" type="xint" value="0"/>
                    </config>
                    <config key="column_type">
                        <entry key="cell_class" type="xstring" value="org.knime.core.data.def.DoubleCell"/>
                    </config>
                    <config key="column_domain">
                        <config key="lower_bound">
                            <entry key="datacell" type="xstring" value="org.knime.core.data.def.DoubleCell"/>
                            <config key="org.knime.core.data.def.DoubleCell">
                                <entry key="DoubleCell" type="xdouble" value="0.0"/>
                            </config>
                        </config>
                        <config key="upper_bound">
                            <entry key="datacell" type="xstring" value="org.knime.core.data.def.DoubleCell"/>
                            <config key="org.knime.core.data.def.DoubleCell">
                                <entry key="DoubleCell" type="xdouble" value="1.0"/>
                            </config>
                        </config>
                    </config>
                    <config key="column_properties"/>
                    <config key="meta_data"/>
                </config>
                <config key="column_spec_6">
                    <entry key="column_name" type="xstring" value="Chi2v"/>
                    <config key="element_names">
                        <entry key="array-size" type="xint" value="0"/>
                    </config>
                    <config key="column_type">
                        <entry key="cell_class" type="xstring" value="org.knime.core.data.def.DoubleCell"/>
                    </config>
                    <config key="column_domain">
                        <config key="lower_bound">
                            <entry key="datacell" type="xstring" value="org.knime.core.data.def.DoubleCell"/>
                            <config key="org.knime.core.data.def.DoubleCell">
                                <entry key="DoubleCell" type="xdouble" value="0.0"/>
                            </config>
                        </config>
                        <config key="upper_bound">
                            <entry key="datacell" type="xstring" value="org.knime.core.data.def.DoubleCell"/>
                            <config key="org.knime.core.data.def.DoubleCell">
                                <entry key="DoubleCell" type="xdouble" value="1.0"/>
                            </config>
                        </config>
                    </config>
                    <config key="column_properties"/>
                    <config key="meta_data"/>
                </config>
                <config key="column_spec_7">
                    <entry key="column_name" type="xstring" value="Chi4v"/>
                    <config key="element_names">
                        <entry key="array-size" type="xint" value="0"/>
                    </config>
                    <config key="column_type">
                        <entry key="cell_class" type="xstring" value="org.knime.core.data.def.DoubleCell"/>
                    </config>
                    <config key="column_domain">
                        <config key="lower_bound">
                            <entry key="datacell" type="xstring" value="org.knime.core.data.def.DoubleCell"/>
                            <config key="org.knime.core.data.def.DoubleCell">
                                <entry key="DoubleCell" type="xdouble" value="0.0"/>
                            </config>
                        </config>
                        <config key="upper_bound">
                            <entry key="datacell" type="xstring" value="org.knime.core.data.def.DoubleCell"/>
                            <config key="org.knime.core.data.def.DoubleCell">
                                <entry key="DoubleCell" type="xdouble" value="1.0"/>
                            </config>
                        </config>
                    </config>
                    <config key="column_properties"/>
                    <config key="meta_data"/>
                </config>
                <config key="column_spec_8">
                    <entry key="column_name" type="xstring" value="HallKierAlpha"/>
                    <config key="element_names">
                        <entry key="array-size" type="xint" value="0"/>
                    </config>
                    <config key="column_type">
                        <entry key="cell_class" type="xstring" value="org.knime.core.data.def.DoubleCell"/>
                    </config>
                    <config key="column_domain">
                        <config key="lower_bound">
                            <entry key="datacell" type="xstring" value="org.knime.core.data.def.DoubleCell"/>
                            <config key="org.knime.core.data.def.DoubleCell">
                                <entry key="DoubleCell" type="xdouble" value="0.0"/>
                            </config>
                        </config>
                        <config key="upper_bound">
                            <entry key="datacell" type="xstring" value="org.knime.core.data.def.DoubleCell"/>
                            <config key="org.knime.core.data.def.DoubleCell">
                                <entry key="DoubleCell" type="xdouble" value="1.0"/>
                            </config>
                        </config>
                    </config>
                    <config key="column_properties"/>
                    <config key="meta_data"/>
                </config>
                <config key="column_spec_9">
                    <entry key="column_name" type="xstring" value="kappa1"/>
                    <config key="element_names">
                        <entry key="array-size" type="xint" value="0"/>
                    </config>
                    <config key="column_type">
                        <entry key="cell_class" type="xstring" value="org.knime.core.data.def.DoubleCell"/>
                    </config>
                    <config key="column_domain">
                        <config key="lower_bound">
                            <entry key="datacell" type="xstring" value="org.knime.core.data.def.DoubleCell"/>
                            <config key="org.knime.core.data.def.DoubleCell">
                                <entry key="DoubleCell" type="xdouble" value="0.0"/>
                            </config>
                        </config>
                        <config key="upper_bound">
                            <entry key="datacell" type="xstring" value="org.knime.core.data.def.DoubleCell"/>
                            <config key="org.knime.core.data.def.DoubleCell">
                                <entry key="DoubleCell" type="xdouble" value="1.0"/>
                            </config>
                        </config>
                    </config>
                    <config key="column_properties"/>
                    <config key="meta_data"/>
                </config>
                <config key="column_spec_10">
                    <entry key="column_name" type="xstring" value="kappa3"/>
                    <config key="element_names">
                        <entry key="array-size" type="xint" value="0"/>
                    </config>
                    <config key="column_type">
                        <entry key="cell_class" type="xstring" value="org.knime.core.data.def.DoubleCell"/>
                    </config>
                    <config key="column_domain">
                        <config key="lower_bound">
                            <entry key="datacell" type="xstring" value="org.knime.core.data.def.DoubleCell"/>
                            <config key="org.knime.core.data.def.DoubleCell">
                                <entry key="DoubleCell" type="xdouble" value="0.0"/>
                            </config>
                        </config>
                        <config key="upper_bound">
                            <entry key="datacell" type="xstring" value="org.knime.core.data.def.DoubleCell"/>
                            <config key="org.knime.core.data.def.DoubleCell">
                                <entry key="DoubleCell" type="xdouble" value="1.0"/>
                            </config>
                        </config>
                    </config>
                    <config key="column_properties"/>
                    <config key="meta_data"/>
                </config>
                <config key="column_spec_11">
                    <entry key="column_name" type="xstring" value="slogp_VSA1"/>
                    <config key="element_names">
                        <entry key="array-size" type="xint" value="0"/>
                    </config>
                    <config key="column_type">
                        <entry key="cell_class" type="xstring" value="org.knime.core.data.def.DoubleCell"/>
                    </config>
                    <config key="column_domain">
                        <config key="lower_bound">
                            <entry key="datacell" type="xstring" value="org.knime.core.data.def.DoubleCell"/>
                            <config key="org.knime.core.data.def.DoubleCell">
                                <entry key="DoubleCell" type="xdouble" value="0.0"/>
                            </config>
                        </config>
                        <config key="upper_bound">
                            <entry key="datacell" type="xstring" value="org.knime.core.data.def.DoubleCell"/>
                            <config key="org.knime.core.data.def.DoubleCell">
                                <entry key="DoubleCell" type="xdouble" value="1.0"/>
                            </config>
                        </config>
                    </config>
                    <config key="column_properties"/>
                    <config key="meta_data"/>
                </config>
                <config key="column_spec_12">
                    <entry key="column_name" type="xstring" value="smr_VSA1"/>
                    <config key="element_names">
                        <entry key="array-size" type="xint" value="0"/>
                    </config>
                    <config key="column_type">
                        <entry key="cell_class" type="xstring" value="org.knime.core.data.def.DoubleCell"/>
                    </config>
                    <config key="column_domain">
                        <config key="lower_bound">
                            <entry key="datacell" type="xstring" value="org.knime.core.data.def.DoubleCell"/>
                            <config key="org.knime.core.data.def.DoubleCell">
                                <entry key="DoubleCell" type="xdouble" value="0.0"/>
                            </config>
                        </config>
                        <config key="upper_bound">
                            <entry key="datacell" type="xstring" value="org.knime.core.data.def.DoubleCell"/>
                            <config key="org.knime.core.data.def.DoubleCell">
                                <entry key="DoubleCell" type="xdouble" value="1.0"/>
                            </config>
                        </config>
                    </config>
                    <config key="column_properties"/>
                    <config key="meta_data"/>
                </config>
                <config key="column_spec_13">
                    <entry key="column_name" type="xstring" value="smr_VSA5"/>
                    <config key="element_names">
                        <entry key="array-size" type="xint" value="0"/>
                    </config>
                    <config key="column_type">
                        <entry key="cell_class" type="xstring" value="org.knime.core.data.def.DoubleCell"/>
                    </config>
                    <config key="column_domain">
                        <config key="lower_bound">
                            <entry key="datacell" type="xstring" value="org.knime.core.data.def.DoubleCell"/>
                            <config key="org.knime.core.data.def.DoubleCell">
                                <entry key="DoubleCell" type="xdouble" value="0.0"/>
                            </config>
                        </config>
                        <config key="upper_bound">
                            <entry key="datacell" type="xstring" value="org.knime.core.data.def.DoubleCell"/>
                            <config key="org.knime.core.data.def.DoubleCell">
                                <entry key="DoubleCell" type="xdouble" value="1.0"/>
                            </config>
                        </config>
                    </config>
                    <config key="column_properties"/>
                    <config key="meta_data"/>
                </config>
                <config key="column_spec_14">
                    <entry key="column_name" type="xstring" value="smr_VSA7"/>
                    <config key="element_names">
                        <entry key="array-size" type="xint" value="0"/>
                    </config>
                    <config key="column_type">
                        <entry key="cell_class" type="xstring" value="org.knime.core.data.def.DoubleCell"/>
                    </config>
                    <config key="column_domain">
                        <config key="lower_bound">
                            <entry key="datacell" type="xstring" value="org.knime.core.data.def.DoubleCell"/>
                            <config key="org.knime.core.data.def.DoubleCell">
                                <entry key="DoubleCell" type="xdouble" value="0.0"/>
                            </config>
                        </config>
                        <config key="upper_bound">
                            <entry key="datacell" type="xstring" value="org.knime.core.data.def.DoubleCell"/>
                            <config key="org.knime.core.data.def.DoubleCell">
                                <entry key="DoubleCell" type="xdouble" value="1.0"/>
                            </config>
                        </config>
                    </config>
                    <config key="column_properties"/>
                    <config key="meta_data"/>
                </config>
                <config key="column_spec_15">
                    <entry key="column_name" type="xstring" value="smr_VSA10"/>
                    <config key="element_names">
                        <entry key="array-size" type="xint" value="0"/>
                    </config>
                    <config key="column_type">
                        <entry key="cell_class" type="xstring" value="org.knime.core.data.def.DoubleCell"/>
                    </config>
                    <config key="column_domain">
                        <config key="lower_bound">
                            <entry key="datacell" type="xstring" value="org.knime.core.data.def.DoubleCell"/>
                            <config key="org.knime.core.data.def.DoubleCell">
                                <entry key="DoubleCell" type="xdouble" value="0.0"/>
                            </config>
                        </config>
                        <config key="upper_bound">
                            <entry key="datacell" type="xstring" value="org.knime.core.data.def.DoubleCell"/>
                            <config key="org.knime.core.data.def.DoubleCell">
                                <entry key="DoubleCell" type="xdouble" value="1.0"/>
                            </config>
                        </config>
                    </config>
                    <config key="column_properties"/>
                    <config key="meta_data"/>
                </config>
                <config key="column_spec_16">
                    <entry key="column_name" type="xstring" value="peoe_VSA2"/>
                    <config key="element_names">
                        <entry key="array-size" type="xint" value="0"/>
                    </config>
                    <config key="column_type">
                        <entry key="cell_class" type="xstring" value="org.knime.core.data.def.DoubleCell"/>
                    </config>
                    <config key="column_domain">
                        <config key="lower_bound">
                            <entry key="datacell" type="xstring" value="org.knime.core.data.def.DoubleCell"/>
                            <config key="org.knime.core.data.def.DoubleCell">
                                <entry key="DoubleCell" type="xdouble" value="0.0"/>
                            </config>
                        </config>
                        <config key="upper_bound">
                            <entry key="datacell" type="xstring" value="org.knime.core.data.def.DoubleCell"/>
                            <config key="org.knime.core.data.def.DoubleCell">
                                <entry key="DoubleCell" type="xdouble" value="1.0"/>
                            </config>
                        </config>
                    </config>
                    <config key="column_properties"/>
                    <config key="meta_data"/>
                </config>
                <config key="column_spec_17">
                    <entry key="column_name" type="xstring" value="peoe_VSA6"/>
                    <config key="element_names">
                        <entry key="array-size" type="xint" value="0"/>
                    </config>
                    <config key="column_type">
                        <entry key="cell_class" type="xstring" value="org.knime.core.data.def.DoubleCell"/>
                    </config>
                    <config key="column_domain">
                        <config key="lower_bound">
                            <entry key="datacell" type="xstring" value="org.knime.core.data.def.DoubleCell"/>
                            <config key="org.knime.core.data.def.DoubleCell">
                                <entry key="DoubleCell" type="xdouble" value="0.0"/>
                            </config>
                        </config>
                        <config key="upper_bound">
                            <entry key="datacell" type="xstring" value="org.knime.core.data.def.DoubleCell"/>
                            <config key="org.knime.core.data.def.DoubleCell">
                                <entry key="DoubleCell" type="xdouble" value="1.0"/>
                            </config>
                        </config>
                    </config>
                    <config key="column_properties"/>
                    <config key="meta_data"/>
                </config>
                <config key="column_spec_18">
                    <entry key="column_name" type="xstring" value="peoe_VSA8"/>
                    <config key="element_names">
                        <entry key="array-size" type="xint" value="0"/>
                    </config>
                    <config key="column_type">
                        <entry key="cell_class" type="xstring" value="org.knime.core.data.def.DoubleCell"/>
                    </config>
                    <config key="column_domain">
                        <config key="lower_bound">
                            <entry key="datacell" type="xstring" value="org.knime.core.data.def.DoubleCell"/>
                            <config key="org.knime.core.data.def.DoubleCell">
                                <entry key="DoubleCell" type="xdouble" value="0.0"/>
                            </config>
                        </config>
                        <config key="upper_bound">
                            <entry key="datacell" type="xstring" value="org.knime.core.data.def.DoubleCell"/>
                            <config key="org.knime.core.data.def.DoubleCell">
                                <entry key="DoubleCell" type="xdouble" value="1.0"/>
                            </config>
                        </config>
                    </config>
                    <config key="column_properties"/>
                    <config key="meta_data"/>
                </config>
                <config key="column_spec_19">
                    <entry key="column_name" type="xstring" value="peoe_VSA9"/>
                    <config key="element_names">
                        <entry key="array-size" type="xint" value="0"/>
                    </config>
                    <config key="column_type">
                        <entry key="cell_class" type="xstring" value="org.knime.core.data.def.DoubleCell"/>
                    </config>
                    <config key="column_domain">
                        <config key="lower_bound">
                            <entry key="datacell" type="xstring" value="org.knime.core.data.def.DoubleCell"/>
                            <config key="org.knime.core.data.def.DoubleCell">
                                <entry key="DoubleCell" type="xdouble" value="0.0"/>
                            </config>
                        </config>
                        <config key="upper_bound">
                            <entry key="datacell" type="xstring" value="org.knime.core.data.def.DoubleCell"/>
                            <config key="org.knime.core.data.def.DoubleCell">
                                <entry key="DoubleCell" type="xdouble" value="1.0"/>
                            </config>
                        </config>
                    </config>
                    <config key="column_properties"/>
                    <config key="meta_data"/>
                </config>
                <config key="column_spec_20">
                    <entry key="column_name" type="xstring" value="MQN10"/>
                    <config key="element_names">
                        <entry key="array-size" type="xint" value="0"/>
                    </config>
                    <config key="column_type">
                        <entry key="cell_class" type="xstring" value="org.knime.core.data.def.DoubleCell"/>
                    </config>
                    <config key="column_domain">
                        <config key="lower_bound">
                            <entry key="datacell" type="xstring" value="org.knime.core.data.def.DoubleCell"/>
                            <config key="org.knime.core.data.def.DoubleCell">
                                <entry key="DoubleCell" type="xdouble" value="0.0"/>
                            </config>
                        </config>
                        <config key="upper_bound">
                            <entry key="datacell" type="xstring" value="org.knime.core.data.def.DoubleCell"/>
                            <config key="org.knime.core.data.def.DoubleCell">
                                <entry key="DoubleCell" type="xdouble" value="1.0"/>
                            </config>
                        </config>
                    </config>
                    <config key="column_properties"/>
                    <config key="meta_data"/>
                </config>
                <config key="column_spec_21">
                    <entry key="column_name" type="xstring" value="MQN13"/>
                    <config key="element_names">
                        <entry key="array-size" type="xint" value="0"/>
                    </config>
                    <config key="column_type">
                        <entry key="cell_class" type="xstring" value="org.knime.core.data.def.DoubleCell"/>
                    </config>
                    <config key="column_domain">
                        <config key="lower_bound">
                            <entry key="datacell" type="xstring" value="org.knime.core.data.def.DoubleCell"/>
                            <config key="org.knime.core.data.def.DoubleCell">
                                <entry key="DoubleCell" type="xdouble" value="0.0"/>
                            </config>
                        </config>
                        <config key="upper_bound">
                            <entry key="datacell" type="xstring" value="org.knime.core.data.def.DoubleCell"/>
                            <config key="org.knime.core.data.def.DoubleCell">
                                <entry key="DoubleCell" type="xdouble" value="1.0"/>
                            </config>
                        </config>
                    </config>
                    <config key="column_properties"/>
                    <config key="meta_data"/>
                </config>
                <config key="column_spec_22">
                    <entry key="column_name" type="xstring" value="MQN14"/>
                    <config key="element_names">
                        <entry key="array-size" type="xint" value="0"/>
                    </config>
                    <config key="column_type">
                        <entry key="cell_class" type="xstring" value="org.knime.core.data.def.DoubleCell"/>
                    </config>
                    <config key="column_domain">
                        <config key="lower_bound">
                            <entry key="datacell" type="xstring" value="org.knime.core.data.def.DoubleCell"/>
                            <config key="org.knime.core.data.def.DoubleCell">
                                <entry key="DoubleCell" type="xdouble" value="0.0"/>
                            </config>
                        </config>
                        <config key="upper_bound">
                            <entry key="datacell" type="xstring" value="org.knime.core.data.def.DoubleCell"/>
                            <config key="org.knime.core.data.def.DoubleCell">
                                <entry key="DoubleCell" type="xdouble" value="1.0"/>
                            </config>
                        </config>
                    </config>
                    <config key="column_properties"/>
                    <config key="meta_data"/>
                </config>
                <config key="column_spec_23">
                    <entry key="column_name" type="xstring" value="MQN27"/>
                    <config key="element_names">
                        <entry key="array-size" type="xint" value="0"/>
                    </config>
                    <config key="column_type">
                        <entry key="cell_class" type="xstring" value="org.knime.core.data.def.DoubleCell"/>
                    </config>
                    <config key="column_domain">
                        <config key="lower_bound">
                            <entry key="datacell" type="xstring" value="org.knime.core.data.def.DoubleCell"/>
                            <config key="org.knime.core.data.def.DoubleCell">
                                <entry key="DoubleCell" type="xdouble" value="0.0"/>
                            </config>
                        </config>
                        <config key="upper_bound">
                            <entry key="datacell" type="xstring" value="org.knime.core.data.def.DoubleCell"/>
                            <config key="org.knime.core.data.def.DoubleCell">
                                <entry key="DoubleCell" type="xdouble" value="1.0"/>
                            </config>
                        </config>
                    </config>
                    <config key="column_properties"/>
                    <config key="meta_data"/>
                </config>
                <config key="column_spec_24">
                    <entry key="column_name" type="xstring" value="MQN31"/>
                    <config key="element_names">
                        <entry key="array-size" type="xint" value="0"/>
                    </config>
                    <config key="column_type">
                        <entry key="cell_class" type="xstring" value="org.knime.core.data.def.DoubleCell"/>
                    </config>
                    <config key="column_domain">
                        <config key="lower_bound">
                            <entry key="datacell" type="xstring" value="org.knime.core.data.def.DoubleCell"/>
                            <config key="org.knime.core.data.def.DoubleCell">
                                <entry key="DoubleCell" type="xdouble" value="0.0"/>
                            </config>
                        </config>
                        <config key="upper_bound">
                            <entry key="datacell" type="xstring" value="org.knime.core.data.def.DoubleCell"/>
                            <config key="org.knime.core.data.def.DoubleCell">
                                <entry key="DoubleCell" type="xdouble" value="1.0"/>
                            </config>
                        </config>
                    </config>
                    <config key="column_properties"/>
                    <config key="meta_data"/>
                </config>
                <config key="column_spec_25">
                    <entry key="column_name" type="xstring" value="PCA dimension 0"/>
                    <config key="element_names">
                        <entry key="array-size" type="xint" value="0"/>
                    </config>
                    <config key="column_type">
                        <entry key="cell_class" type="xstring" value="org.knime.core.data.def.DoubleCell"/>
                    </config>
                    <config key="column_domain">
                        <config key="lower_bound">
                            <entry key="datacell" type="xstring" value="org.knime.core.data.def.DoubleCell"/>
                            <config key="org.knime.core.data.def.DoubleCell">
                                <entry key="DoubleCell" type="xdouble" value="-3.5798371343440123"/>
                            </config>
                        </config>
                        <config key="upper_bound">
                            <entry key="datacell" type="xstring" value="org.knime.core.data.def.DoubleCell"/>
                            <config key="org.knime.core.data.def.DoubleCell">
                                <entry key="DoubleCell" type="xdouble" value="4.38102831695215"/>
                            </config>
                        </config>
                    </config>
                    <config key="column_properties"/>
                    <config key="meta_data"/>
                </config>
                <config key="column_spec_26">
                    <entry key="column_name" type="xstring" value="PCA dimension 1"/>
                    <config key="element_names">
                        <entry key="array-size" type="xint" value="0"/>
                    </config>
                    <config key="column_type">
                        <entry key="cell_class" type="xstring" value="org.knime.core.data.def.DoubleCell"/>
                    </config>
                    <config key="column_domain">
                        <config key="lower_bound">
                            <entry key="datacell" type="xstring" value="org.knime.core.data.def.DoubleCell"/>
                            <config key="org.knime.core.data.def.DoubleCell">
                                <entry key="DoubleCell" type="xdouble" value="-1.7027662403589232"/>
                            </config>
                        </config>
                        <config key="upper_bound">
                            <entry key="datacell" type="xstring" value="org.knime.core.data.def.DoubleCell"/>
                            <config key="org.knime.core.data.def.DoubleCell">
                                <entry key="DoubleCell" type="xdouble" value="1.3360343129597259"/>
                            </config>
                        </config>
                    </config>
                    <config key="column_properties"/>
                    <config key="meta_data"/>
                </config>
                <config key="column_spec_27">
                    <entry key="column_name" type="xstring" value="PCA dimension 2"/>
                    <config key="element_names">
                        <entry key="array-size" type="xint" value="0"/>
                    </config>
                    <config key="column_type">
                        <entry key="cell_class" type="xstring" value="org.knime.core.data.def.DoubleCell"/>
                    </config>
                    <config key="column_domain">
                        <config key="lower_bound">
                            <entry key="datacell" type="xstring" value="org.knime.core.data.def.DoubleCell"/>
                            <config key="org.knime.core.data.def.DoubleCell">
                                <entry key="DoubleCell" type="xdouble" value="-1.3530240007574779"/>
                            </config>
                        </config>
                        <config key="upper_bound">
                            <entry key="datacell" type="xstring" value="org.knime.core.data.def.DoubleCell"/>
                            <config key="org.knime.core.data.def.DoubleCell">
                                <entry key="DoubleCell" type="xdouble" value="1.8624546107551687"/>
                            </config>
                        </config>
                    </config>
                    <config key="column_properties"/>
                    <config key="meta_data"/>
                </config>
                <config key="column_spec_28">
                    <entry key="column_name" type="xstring" value="PCA dimension 3"/>
                    <config key="element_names">
                        <entry key="array-size" type="xint" value="0"/>
                    </config>
                    <config key="column_type">
                        <entry key="cell_class" type="xstring" value="org.knime.core.data.def.DoubleCell"/>
                    </config>
                    <config key="column_domain">
                        <config key="lower_bound">
                            <entry key="datacell" type="xstring" value="org.knime.core.data.def.DoubleCell"/>
                            <config key="org.knime.core.data.def.DoubleCell">
                                <entry key="DoubleCell" type="xdouble" value="-1.306648032352317"/>
                            </config>
                        </config>
                        <config key="upper_bound">
                            <entry key="datacell" type="xstring" value="org.knime.core.data.def.DoubleCell"/>
                            <config key="org.knime.core.data.def.DoubleCell">
                                <entry key="DoubleCell" type="xdouble" value="1.1508447453230233"/>
                            </config>
                        </config>
                    </config>
                    <config key="column_properties"/>
                    <config key="meta_data"/>
                </config>
            </config>
            <config key="featureConverters">
                <entry key="featureConvertersCount" type="xint" value="29"/>
                <config key="0">
                    <entry key="converterSpecType" type="xstring" value="numerical"/>
                </config>
                <config key="1">
                    <entry key="converterSpecType" type="xstring" value="numerical"/>
                </config>
                <config key="2">
                    <entry key="converterSpecType" type="xstring" value="numerical"/>
                </config>
                <config key="3">
                    <entry key="converterSpecType" type="xstring" value="numerical"/>
                </config>
                <config key="4">
                    <entry key="converterSpecType" type="xstring" value="numerical"/>
                </config>
                <config key="5">
                    <entry key="converterSpecType" type="xstring" value="numerical"/>
                </config>
                <config key="6">
                    <entry key="converterSpecType" type="xstring" value="numerical"/>
                </config>
                <config key="7">
                    <entry key="converterSpecType" type="xstring" value="numerical"/>
                </config>
                <config key="8">
                    <entry key="converterSpecType" type="xstring" value="numerical"/>
                </config>
                <config key="9">
                    <entry key="converterSpecType" type="xstring" value="numerical"/>
                </config>
                <config key="10">
                    <entry key="converterSpecType" type="xstring" value="numerical"/>
                </config>
                <config key="11">
                    <entry key="converterSpecType" type="xstring" value="numerical"/>
                </config>
                <config key="12">
                    <entry key="converterSpecType" type="xstring" value="numerical"/>
                </config>
                <config key="13">
                    <entry key="converterSpecType" type="xstring" value="numerical"/>
                </config>
                <config key="14">
                    <entry key="converterSpecType" type="xstring" value="numerical"/>
                </config>
                <config key="15">
                    <entry key="converterSpecType" type="xstring" value="numerical"/>
                </config>
                <config key="16">
                    <entry key="converterSpecType" type="xstring" value="numerical"/>
                </config>
                <config key="17">
                    <entry key="converterSpecType" type="xstring" value="numerical"/>
                </config>
                <config key="18">
                    <entry key="converterSpecType" type="xstring" value="numerical"/>
                </config>
                <config key="19">
                    <entry key="converterSpecType" type="xstring" value="numerical"/>
                </config>
                <config key="20">
                    <entry key="converterSpecType" type="xstring" value="numerical"/>
                </config>
                <config key="21">
                    <entry key="converterSpecType" type="xstring" value="numerical"/>
                </config>
                <config key="22">
                    <entry key="converterSpecType" type="xstring" value="numerical"/>
                </config>
                <config key="23">
                    <entry key="converterSpecType" type="xstring" value="numerical"/>
                </config>
                <config key="24">
                    <entry key="converterSpecType" type="xstring" value="numerical"/>
                </config>
                <config key="25">
                    <entry key="converterSpecType" type="xstring" value="numerical"/>
                </config>
                <config key="26">
                    <entry key="converterSpecType" type="xstring" value="numerical"/>
                </config>
                <config key="27">
                    <entry key="converterSpecType" type="xstring" value="numerical"/>
                </config>
                <config key="28">
                    <entry key="converterSpecType" type="xstring" value="numerical"/>
                </config>
            </config>
            <config key="targetSpec">
                <entry key="column_name" type="xstring" value="pLC50"/>
                <config key="element_names">
                    <entry key="array-size" type="xint" value="0"/>
                </config>
                <config key="column_type">
                    <entry key="cell_class" type="xstring" value="org.knime.core.data.def.DoubleCell"/>
                </config>
                <config key="column_domain">
                    <config key="lower_bound">
                        <entry key="datacell" type="xstring" value="org.knime.core.data.def.DoubleCell"/>
                        <config key="org.knime.core.data.def.DoubleCell">
                            <entry key="DoubleCell" type="xdouble" value="0.496"/>
                        </config>
                    </config>
                    <config key="upper_bound">
                        <entry key="datacell" type="xstring" value="org.knime.core.data.def.DoubleCell"/>
                        <config key="org.knime.core.data.def.DoubleCell">
                            <entry key="DoubleCell" type="xdouble" value="7.88"/>
                        </config>
                    </config>
                </config>
                <config key="column_properties"/>
                <config key="meta_data"/>
            </config>
            <config key="targetConverter">
                <entry key="converterSpecType" type="xstring" value="numerical"/>
            </config>
        </config>
        <config key="objective">
            <entry key="identifier" type="xstring" value="reg:squarederror"/>
        </config>
        <config key="params">
            <entry key="colsample_bytree" type="xdouble" value="1.0"/>
            <entry key="silent" type="xint" value="1"/>
            <entry key="tree_method" type="xstring" value="auto"/>
            <entry key="scale_pos_weight" type="xdouble" value="1.0"/>
            <entry key="base_score" type="xdouble" value="0.5"/>
            <entry key="seed" type="xlong" value="-1023944961"/>
            <entry key="max_depth" type="xint" value="6"/>
            <entry key="colsample_bynode" type="xdouble" value="1.0"/>
            <entry key="objective" type="xstring" value="reg:squarederror"/>
            <entry key="lambda" type="xdouble" value="1.0"/>
            <entry key="eta" type="xdouble" value="0.3"/>
            <entry key="grow_policy" type="xstring" value="depthwise"/>
            <entry key="nthread" type="xint" value="4"/>
            <entry key="alpha" type="xdouble" value="1.0"/>
            <entry key="subsample" type="xdouble" value="1.0"/>
            <entry key="colsample_bylevel" type="xdouble" value="1.0"/>
            <entry key="gamma" type="xdouble" value="0.0"/>
            <entry key="min_child_weight" type="xdouble" value="1.0"/>
            <entry key="max_delta_step" type="xdouble" value="0.0"/>
        </config>
    </config>
</config>
